卖家ID,已完成订单,商品GMV,平均评价得分,延迟交付率,卖家州,是否符合风险排名条件,风险优先级排名
4a3ca9315b744ce9f8e9374361493884,1772,196882.12,3.8531089560753,0.1100451467268623,SP,是,1.0
1f50f920176fa81dab994f9023523100,1399,106655.71,4.140602582496413,0.1057898498927805,SP,是,2.0
4869f7a5dfa277a7dca6462dcf3b52b2,1124,226987.93,4.150537634408602,0.1156583629893238,SP,是,3.0
ea8482cd71df3c1969d7b9473ff13abc,1132,36696.76,4.0266429840142095,0.1042402826855123,SP,是,4.0
6560211a19b47992c3666cc44a7e94c0,1819,120702.83,3.979501385041551,0.0643210555250137,SP,是,5.0
cc419e0650a3c5ba77189a1882b7556a,1651,101090.96,4.151993523578223,0.0611750454270139,SP,是,6.0
da8622b14eb17ae2831f4ac5b9dab84a,1311,159816.87,4.178544061302682,0.07627765064836,SP,是,7.0
7c67e1448b00f6e969d365cea6b010ab,973,186570.05,3.4958634953464323,0.1007194244604316,SP,是,8.0
955fee9216a65b617aa5c0531780ce60,1261,131836.71,4.201117318435754,0.077716098334655,SP,是,9.0
8b321bb669392f5163d04c59e235e066,930,17262.94,4.10475161987041,0.1043010752688172,SP,是,10.0
1025f0e2d44d7041d6cf58b6550e0bfa,910,138208.56,4.008869179600887,0.1010989010989011,SP,是,11.0
06a2c3af7b3aee5d69171b0e14f0ee87,389,36097.98,4.012987012987013,0.2313624678663239,MA,是,12.0
620c87c171fb2a6dd6e8bb4dec959fc6,722,112461.5,4.305865921787709,0.0997229916897507,RJ,是,13.0
7d13fca15225358621be4086e1eb0964,558,112436.18,4.0414414414414415,0.1218637992831541,SP,是,14.0
7a67c85e85bb2ce8582c35f2203ad736,1145,139658.69,4.274846086191733,0.0593886462882096,SP,是,15.0
8160255418d5aaa7dbdc9f4c64ebda44,380,46368.39,3.9547872340425534,0.1657894736842105,SP,是,16.0
3d871de0142ce09b7081e2b9d1733cb1,1064,93407.4,4.1918328584995255,0.0592105263157894,SP,是,17.0
fa1c13f2614d7b5c4749cbc52fecda94,578,190917.14,4.372822299651568,0.102076124567474,SP,是,18.0
391fc6631aebcf3004804e51b40bcf1e,521,39475.3,4.047297297297297,0.1036468330134357,SP,是,19.0
1835b56ce799e6a4dc4eddc053f04066,417,33005.32,3.6630434782608696,0.1175059952038369,SP,是,20.0
88460e8ebdecbfecb5f9601833981930,246,31320.4,3.442857142857143,0.1951219512195122,PR,是,21.0
e9779976487b77c6d4ac45f75ec7afe9,645,42229.69,4.2601246105919,0.0728682170542635,SP,是,22.0
4e922959ae960d389249c378d1c939f5,412,45338.42,3.963235294117647,0.1067961165048543,SP,是,23.0
16090f2ca825584b5a147ab24aa30c86,398,25579.16,4.088383838383838,0.1080402010050251,SP,是,24.0
855668e0971d4dfd7bef1b6a4133b41b,300,30849.22,3.85472972972973,0.14,SP,是,25.0
1900267e848ceeba8fa32d80c1a5f5a8,406,24639.57,3.8659147869674175,0.1034482758620689,SP,是,26.0
cca3071e3e9bb7d12640c9fbe2301306,699,63035.16,3.8844476744186047,0.0586552217453505,SP,是,27.0
e5a3438891c0bfdb9394643f95273d8e,216,7549.96,3.9953488372093022,0.1851851851851851,SP,是,28.0
a1043bafd471dff536d0c462352beb48,702,99309.23,4.275714285714286,0.0569800569800569,MG,是,29.0
8581055ce74af1daba164fdbd55a40de,380,64011.22,4.308707124010554,0.1,SP,是,30.0
897060da8b9a21f655304d50fd935913,304,21740.51,3.712624584717608,0.1184210526315789,SP,是,31.0
77530e9772f57a62c906e1c21538ab82,312,45676.6,4.147435897435898,0.1153846153846153,PR,是,32.0
218d46b86c1881d022bce9c68a7d4b15,382,53710.3,4.185526315789474,0.094240837696335,SP,是,33.0
f7ba60f8c3f99e7ee4042fdef03b70c4,218,68070.0,4.220183486238532,0.1559633027522936,SP,是,34.0
70a12e78e608ac31179aea7f8422044b,312,29963.53,3.812903225806452,0.1089743589743589,SP,是,35.0
f8db351d8c4c4c22c6835c19a46f01b0,659,50082.6,4.265243902439025,0.0515933232169954,SP,是,36.0
c826c40d7b19f62a09e2d7c5e7295ee2,346,44653.04,4.130434782608695,0.0953757225433526,SP,是,37.0
46dc3b2cc0980fb8ec44634e21d2718e,503,122811.38,4.27364185110664,0.0656063618290258,RJ,是,38.0
d91fb3b7d041e83b64a00a3edfb37e4f,524,39926.39,4.139102564102564,0.0629770992366412,SP,是,39.0
128639473a139ac0f3e5f5ade55873a5,527,11795.85,4.213051823416507,0.0626185958254269,PR,是,40.0
d2374cbcbb3ca4ab1086534108cc3ab7,514,20926.02,3.7799607072691552,0.0583657587548638,SP,是,41.0
7aa4334be125fcdd2ba64b3180029f14,214,16012.95,4.131455399061033,0.1355140186915887,SP,是,42.0
b2ba3715d723d245138f291a6fe42594,324,49302.18,4.202492211838006,0.0895061728395061,SP,是,43.0
7ddcbb64b5bc1ef36ca8c151f6ec77df,325,54435.66,4.029503105590062,0.0861538461538461,SP,是,44.0
c3867b4666c7d76867627c2f7fb22e21,228,34666.9,4.079646017699115,0.1184210526315789,SP,是,45.0
634964b17796e64304cadf1ad3050fb7,265,39114.1,4.056603773584905,0.1018867924528302,RJ,是,46.0
ef506c96320abeedfb894c34db06f478,316,9556.5,3.961783439490446,0.0854430379746835,SP,是,47.0
92eb0f42c21942b6552362b9b114707d,334,6416.41,4.021084337349397,0.0808383233532934,SP,是,48.0
2eb70248d66e0e3ef83659f71b244378,187,38990.72,2.7907608695652173,0.1390374331550802,SP,是,49.0
4c2b230173bb36f9b240f2b8ac11786e,258,14474.57,3.9763779527559056,0.1007751937984496,SP,是,50.0
fe2032dab1a61af8794248c8196565c9,293,65689.71,4.387543252595155,0.0887372013651877,SP,是,51.0
7142540dd4c91e2237acb7e911c4eba2,316,37181.94,4.054140127388535,0.0822784810126582,SP,是,52.0
a49928bcdf77c55c6d6e05e09a9b4ca5,96,8646.900000000001,3.03125,0.2604166666666667,SP,是,53.0
53e4c6e0f4312d4d2107a8c9cddf45cd,463,29587.77,4.130151843817788,0.0539956803455723,SP,是,54.0
1ca7077d890b907f89be8c954a02686a,108,12474.64,2.392523364485981,0.2222222222222222,SP,是,55.0
8f2ce03f928b567e3d56181ae20ae952,151,21213.2,4.1466666666666665,0.152317880794702,SP,是,56.0
e9bc59e7b60fc3063eb2290deda4cced,209,33543.69,4.076555023923445,0.1100478468899521,PR,是,57.0
37515688008a7a40ac93e3b2e4ab203f,227,5954.1,4.102222222222222,0.1013215859030837,SP,是,58.0
54965bbe3e4f07ae045b90b0b8541f52,73,10351.7,3.1449275362318843,0.3013698630136986,PR,是,59.0
cd68562d3f44870c08922d380acae552,122,18119.7,4.016528925619835,0.180327868852459,SP,是,60.0
8d956fec2e4337affcb520f56fd8cbfd,210,10988.2,4.214285714285714,0.1047619047619047,SP,是,61.0
c70c1b0d8ca86052f45a432a38b73958,260,36289.15,4.368217054263566,0.0846153846153846,SP,是,62.0
7ad32824caee82087b3e2e5f33b1bf32,147,22018.1,3.861111111111111,0.1428571428571428,SP,是,63.0
17e34d8224d27a541263c4c64b11a56b,247,54440.28,4.253061224489796,0.0850202429149797,SP,是,64.0
2138ccb85b11a4ec1e37afbd1c8eda1f,388,12089.22,3.956072351421189,0.0541237113402061,SP,是,65.0
2c9e548be18521d1c43cde1c582c6de8,124,6013.56,4.131147540983607,0.1612903225806451,SP,是,66.0
7e1fb0a3ebfb01ffb3a7dae98bf3238d,155,26169.53,4.189542483660131,0.1290322580645161,SP,是,67.0
a416b6a846a11724393025641d4edd5e,157,24930.24,4.2165605095541405,0.1273885350318471,SP,是,68.0
7d76b645482be4a332374e8223836592,172,3765.74,4.0,0.1162790697674418,SP,是,69.0
7040e82f899a04d1b434b795a43b4617,208,9213.7,3.650485436893204,0.0961538461538461,SP,是,70.0
5dceca129747e92ff8ef7a997dc4f8ca,322,111126.73,4.012578616352202,0.062111801242236,SP,是,71.0
9f505651f4a6abe901a56cdc21508025,393,25912.84,4.366666666666666,0.0508905852417302,SP,是,72.0
dd7ddc04e1b6c2c614352b383efe2d36,121,9148.61,3.875,0.1570247933884297,SP,是,73.0
b499c00f28f4b7069ff6550af8c1348a,147,10162.18,4.2312925170068025,0.1292517006802721,SP,是,74.0
b33e7c55446eabf8fe1a42d037ac7d6d,149,44215.17,4.201342281879195,0.1275167785234899,SP,是,75.0
0dd184061fb0eaa7ca37932c68ab91c5,161,18446.92,4.03125,0.1180124223602484,SP,是,76.0
54a1852d1b8f10312c55e906355666ee,198,17056.46,4.355329949238579,0.0959595959595959,SP,是,77.0
d1c281d3ae149232351cd8c8cc885f0d,214,26833.61,3.806603773584906,0.0887850467289719,SP,是,78.0
fa40cc5b934574b62717c68f3d678b6d,304,15900.48,4.481848184818482,0.0625,SP,是,79.0
431af27f296bc6519d890aa5a05fdb11,116,12974.6,3.8,0.1551724137931034,SP,是,80.0
522620dcb18a6b31cd7bdf73665113a9,172,56690.49,3.905325443786982,0.1046511627906976,PR,是,81.0
f262cbc1c910c83959f849465454ddd3,189,10199.86,4.180851063829787,0.0952380952380952,SP,是,82.0
7e93a43ef30c4f03f38b393420bc753a,319,165981.49,4.364779874213837,0.0564263322884012,SP,是,83.0
85d9eb9ddc5d00ca9336a2219c97bb13,499,15107.24,4.223790322580645,0.0360721442885771,MG,是,84.0
cac4c8e7b1ca6252d8f20b2fc1a2e4af,74,4128.19,3.5821917808219177,0.2297297297297297,SP,是,85.0
712e6ed8aa4aa1fa65dab41fed5737e4,77,39385.0,3.394736842105264,0.2207792207792207,SC,是,86.0
c31eff8334d6b3047ed34bebd4d62c36,120,12991.61,3.8739495798319328,0.1416666666666666,SP,是,87.0
2e90cb1677d35cfe24eef47d441b7c87,127,13894.71,4.118110236220472,0.1338582677165354,SP,是,88.0
cfb1a033743668a192316f3c6d1d2671,143,12609.54,4.038732394366197,0.1188811188811188,SP,是,89.0
4b9750c8ad28220fe6702d4ecb7c898f,217,15815.4,4.364055299539171,0.0783410138248847,SP,是,90.0
1554a68530182680ad5c8b042c3ab563,246,28979.64,4.331967213114754,0.0691056910569105,MG,是,91.0
87142160b41353c4e5fca2360caf6f92,305,31095.98,4.40625,0.0557377049180327,RS,是,92.0
4d6d651bd7684af3fffabd5f08d12e5a,363,42999.0,4.223756906077348,0.046831955922865,SP,是,93.0
beadbee30901a7f61d031b6b686095ad,64,4373.98,3.90625,0.25,SP,是,94.0
59b22a78efb79a4797979612b885db36,125,27184.5,3.983870967741936,0.128,MG,是,95.0
8b28d096634035667e8263d57ba3368c,139,9025.3,4.014598540145985,0.1151079136690647,SP,是,96.0
9c0e69c7bf2619675bbadf47b43f655a,151,32720.4,4.173333333333333,0.1059602649006622,SP,是,97.0
de23c3b98a88888289c6f5cc1209054a,161,25933.67,4.291925465838509,0.0993788819875776,SP,是,98.0
7299e27ed73d2ad986de7f7c77d919fa,335,34107.44,4.429850746268657,0.0477611940298507,MG,是,99.0
ede0c03645598cdfc63ca8237acbe73d,43,2352.15,3.571428571428572,0.3488372093023256,SP,是,100.0
891071be6ba827b591264c90c2ae8a63,85,3763.35,3.952941176470589,0.1764705882352941,SP,是,101.0
d20b021d3efdf267a402c402a48ea64b,86,3922.3,3.752941176470588,0.1744186046511628,SP,是,102.0
6973a06f484aacf400ece213dbf3d946,89,10418.72,3.75,0.1685393258426966,SP,是,103.0
dc4a0fc896dc34b0d5bfec8438291c80,225,23655.98,3.8177777777777777,0.0666666666666666,SP,是,104.0
1da3aeb70d7989d1e6d9b0e887f97c23,261,8691.56,4.165384615384616,0.057471264367816,SP,是,105.0
de722cd6dad950a92b7d4f82673f8833,337,55126.3,4.303571428571429,0.0445103857566765,PE,是,106.0
53243585a1d6dc2643021fd1853d8905,348,217940.44,4.19364161849711,0.043103448275862,BA,是,107.0
6039e27294dc75811c0d8a39069f52c0,63,13500.8,3.73015873015873,0.2222222222222222,SP,是,108.0
d13e50eaa47b4cbe9eb81465865d8cfc,66,7073.05,4.818181818181818,0.2121212121212121,SP,是,109.0
8e6d7754bc7e0f22c96d255ebda59eba,84,14107.38,3.6011904761904763,0.1666666666666666,SP,是,110.0
adbc26658d6c7b4b6219f9d934598091,88,11806.4,4.125,0.1590909090909091,PR,是,111.0
b2479f944e1b90cf8a5de1bbfde284d6,101,4666.53,3.5,0.1386138613861386,SP,是,112.0
a673821011d0cec28146ea42f5ab767f,125,13366.0,4.037190082644628,0.112,SP,是,113.0
e9d99831abad74458942f21e16f33f92,130,4922.4800000000005,3.930232558139535,0.1076923076923077,SP,是,114.0
cbd996ad3c1b7dc71fd0e5f5df9087e2,160,8217.5,4.210191082802548,0.0875,SP,是,115.0
ccc4bbb5f32a6ab2b7066a4130f114e3,184,72926.72,4.3224043715847,0.0760869565217391,PR,是,116.0
f45122a9ab94eb4f3f8953578bc0c560,184,21764.68,3.972826086956522,0.0760869565217391,SP,是,117.0
4830e40640734fc1c52cd21127c341d4,204,9490.5,4.225490196078432,0.0686274509803921,SP,是,118.0
0241d4d5d36f10f80c644447315af0bd,238,31397.7,4.352320675105485,0.0588235294117647,PR,是,119.0
835f0f7810c76831d6c7d24c7a646d4d,42,4990.200000000001,3.357142857142857,0.3095238095238095,SP,是,120.0
2a1348e9addc1af5aaa619b1a3679d6b,48,2697.4,3.1702127659574466,0.2708333333333333,MG,是,121.0
ba143b05f0110f0dc71ad71b4466ce92,83,5998.7,4.457831325301205,0.1566265060240964,SP,是,122.0
b1fc4f64df5a0e8b6913ab38803c57a9,107,7994.74,3.857142857142857,0.1214953271028037,RJ,是,123.0
c9c7905cffc4ef9ff9f113554423e671,127,10657.18,4.141732283464567,0.1023622047244094,SP,是,124.0
a3e9a2c700480d9bb01fba070ba80a0e,129,13371.8,4.003937007874016,0.1007751937984496,SP,是,125.0
213b25e6f54661939f11710a6fddb871,152,15105.95,3.814569536423841,0.0855263157894736,SP,是,126.0
004c9cd9d87a3c30c522c48c4fc07416,156,19569.73,4.162337662337662,0.0833333333333333,SP,是,127.0
edb1ef5e36e0c8cd84eb3c9b003e486d,165,79144.9,4.442424242424242,0.0787878787878787,RJ,是,128.0
5656537e588803a555b8eb41f07a944b,171,7931.26,3.8947368421052633,0.0760233918128654,DF,是,129.0
c003204e1ab016dfa150abc119207b24,195,24904.29,4.466666666666667,0.0666666666666666,SP,是,130.0
001cca7ae9ae17fb1caed9dfb1094831,195,24487.03,4.0625,0.0666666666666666,ES,是,131.0
ad781527c93d00d89a11eecd9dcad7c1,38,6039.63,3.3421052631578947,0.3157894736842105,SP,是,132.0
11bfa66332777660bd0640ee84d47006,76,3925.87,3.8947368421052633,0.1578947368421052,SP,是,133.0
b561927807645834b59ef0d16ba55a24,85,4501.99,4.341176470588235,0.1411764705882353,SP,是,134.0
900ba814c251a692506d7834c1218441,86,28833.03,4.226190476190476,0.1395348837209302,SP,是,135.0
f84fa566034f5e8e880a07ec624c56af,89,4993.91,4.247191011235955,0.1348314606741573,SP,是,136.0
440dd6ab244315c632130ecfb63827b1,91,13089.0,3.89010989010989,0.1318681318681318,SP,是,137.0
f5a590cf36251cf1162ea35bef76fe84,113,51232.78,4.274336283185841,0.1061946902654867,SP,是,138.0
6a8b085f816a1f75f92dbac6eb545f8f,125,5884.17,4.172,0.096,SP,是,139.0
76d5af76d0271110f9af36c92573f765,128,31944.6,4.133858267716535,0.09375,SP,是,140.0
00ee68308b45bc5e2660cd833c3f81cc,135,20260.0,4.298507462686567,0.0888888888888888,SP,是,141.0
850f4f8af5ea87287ac68de36e29107f,186,45285.37,4.295081967213115,0.064516129032258,SP,是,142.0
41b39e28db005d9731d9d485a83b4c38,187,16306.75,4.179144385026738,0.0641711229946524,SP,是,143.0
f457c46070d02cadd8a68551231220dd,195,18798.3,3.8737113402061856,0.0615384615384615,PR,是,144.0
ceaec5548eefc6e23e6607c5435102e7,198,51478.18,4.2,0.0606060606060606,SP,是,145.0
6edacfd9f9074789dad6d62ba7950b9c,205,12966.4,4.390243902439025,0.0585365853658536,SP,是,146.0
a3a38f4affed601eb87a97788c949667,251,26294.62,4.401606425702811,0.047808764940239,SC,是,147.0
ef990a83bbea832f36ebe81376335aa8,43,4642.59,3.627906976744186,0.2558139534883721,SC,是,148.0
ea566164622c6b439516ab18062c42cd,50,10309.42,3.78,0.22,SP,是,149.0
bbad7e518d7af88a0897397ffdca1979,68,4426.32,3.1791044776119404,0.1617647058823529,SP,是,150.0
f3da5b2ff499efb8d4a6d371d175d7dd,77,3540.89,3.914473684210526,0.1428571428571428,SP,是,151.0
7e3f87d16fb353f408d467e74fbd8014,91,4653.09,4.164835164835165,0.1208791208791208,SP,是,152.0
04308b1ee57b6625f47df1d56f00eedf,92,58991.8,3.945652173913044,0.1195652173913043,SC,是,153.0
729f06993dac8e860d4f02d7088ca48a,94,19885.18,4.21505376344086,0.1170212765957446,SP,是,154.0
3db66a856d18a9cba7c9241fc5221c50,94,9478.3,4.191489361702128,0.1170212765957446,MG,是,155.0
e5a38146df062edaf55c38afa99e42dc,120,15270.89,3.983193277310925,0.0916666666666666,SP,是,156.0
ef0ace09169ac090589d85746e3e036f,128,16105.4,4.3984375,0.0859375,RJ,是,157.0
3c7c4a49ec3c6550809089c6a2ca9370,139,4002.75,3.6906474820143886,0.079136690647482,SP,是,158.0
66922902710d126a0e7d26b0e3805106,150,14267.3,4.496644295302014,0.0733333333333333,MG,是,159.0
25c5c91f63607446a97b143d2d535d31,156,54208.78,3.832258064516129,0.0705128205128205,MG,是,160.0
2e1c9f22be269ef4643f826c9e650a52,161,12170.24,4.24375,0.0683229813664596,SP,是,161.0
1c129092bf23f28a5930387c980c0dfc,200,9528.62,4.251256281407035,0.055,SP,是,162.0
2a261b5b644fa05f4f2700eb93544f2c,51,5355.0,3.862745098039216,0.196078431372549,SP,是,163.0
23613d49c3ac2bd302259e55c06c050c,69,4193.1,3.8676470588235294,0.144927536231884,SP,是,164.0
f46490624488d3ff7ce78613913a7711,80,5690.95,3.7625,0.125,SP,是,165.0
f84a00e60c73a49e7e851c9bdca3a5bb,88,5849.24,3.897727272727273,0.1136363636363636,RJ,是,166.0
f27e33c6d29b5138fa9967bcd445b6d5,93,8888.3,4.096774193548387,0.1075268817204301,SP,是,167.0
8648b1e89e9b349e32d3741b30ec737e,93,7228.75,4.161290322580645,0.1075268817204301,SP,是,168.0
ececbfcff9804a2d6b40f589df8eef2b,97,6714.15,4.11340206185567,0.1030927835051546,SP,是,169.0
17a053fcb14bd219540cbde0df490be0,124,40353.24,4.254098360655738,0.0806451612903225,SP,是,170.0
48436dade18ac8b2bce089ec2a041202,134,11821.11,4.104477611940299,0.0746268656716417,SP,是,171.0
0be8ff43f22e456b4e0371b2245e4d01,156,11336.0,4.032051282051282,0.0641025641025641,SP,是,172.0
6d66611d7c44cc30ce351abc49a68421,164,13428.6,3.969135802469136,0.0609756097560975,SP,是,173.0
9b013e03b2ab786505a1d3b5c0756754,170,8714.55,4.218934911242603,0.0588235294117647,SP,是,174.0
0c8380b62e38e8a1e6adbeba7eb9688c,180,17228.99,4.073033707865169,0.0555555555555555,MG,是,175.0
7178f9f4dd81dcef02f62acdf8151e01,202,36795.4,4.059701492537314,0.0495049504950495,SC,是,176.0
dbc22125167c298ef99da25668e1011f,394,32829.12,4.320610687022901,0.0253807106598984,MG,是,177.0
821fb029fc6e495ca4f08a35d51e53a5,24,17851.62,3.4782608695652173,0.375,SP,是,178.0
f76a3b1349b6df1ee875d1f3fa4340f0,24,4160.79,3.458333333333333,0.375,SP,是,179.0
99a54764c341d5dc80b4a8fac4eba3fb,44,3578.76,3.674418604651162,0.2045454545454545,SP,是,180.0
602044f2c16190c2c6e45eb35c2e21cb,48,3559.17,3.276595744680851,0.1875,SP,是,181.0
b17b679f4f5ce2e03ce6968c62648246,50,3424.18,3.98,0.18,SP,是,182.0
002100f778ceb8431b7a1020ff7ab48f,50,1216.6,3.96,0.18,SP,是,183.0
05f51e13da97139648b8125c31e5f51b,57,13100.31,4.228070175438597,0.1578947368421052,MG,是,184.0
75d34ebb1bd0bd7dde40dd507b8169c3,57,12656.33,3.929824561403509,0.1578947368421052,BA,是,185.0
6fd52c528dcb38be2eea044946b811f8,67,7743.019999999999,3.393939393939394,0.1343283582089552,SP,是,186.0
34056b8b55c1775a22af2331670a799c,77,6398.7,4.038961038961039,0.1168831168831168,SP,是,187.0
b14db04aa7881970e83ffa9426897925,78,5595.9,3.773333333333333,0.1153846153846153,SP,是,188.0
972d0f9cf61b499a4812cf0bfa3ad3c4,81,7910.42,3.0253164556962027,0.1111111111111111,SC,是,189.0
aba1721a889e04decc910aa13b768ef4,83,14103.3,4.445783132530121,0.108433734939759,SP,是,190.0
527801b552d0077ffd170872eb49683b,90,17942.8,4.47191011235955,0.1,SP,是,191.0
1d8dbc4f32378d715c717c1c1fc57bae,91,11205.99,4.056179775280899,0.0989010989010989,PR,是,192.0
827f8f69dfa529c561901c4f2e0f332f,91,3408.39,4.286516853932584,0.0989010989010989,PR,是,193.0
aac29b1b99776be73c3049939652091d,94,6563.66,4.172043010752688,0.0957446808510638,MG,是,194.0
537eb890efff034a88679788b647c564,158,4617.9,4.237341772151899,0.0569620253164556,RJ,是,195.0
1a3df491d1c4f1589fc2b934ada68bf2,160,22472.4,4.271875,0.05625,SC,是,196.0
813348c996469b40f2e028d5429d3495,172,10813.53,4.06508875739645,0.0523255813953488,SP,是,197.0
562fc2f2c2863ab7e79a9e4388a58a14,255,8659.25,4.229249011857707,0.0352941176470588,SP,是,198.0
66e0557ecc2b4dbea057e93f215f68d8,30,12141.0,4.033333333333333,0.2666666666666666,SP,是,199.0
71039d19d4303bf9054d69e9a9236699,35,3537.2,3.8,0.2285714285714285,SP,是,200.0
c60b801f2d52c7f7f91de00870882a75,39,11296.5,3.435897435897436,0.2051282051282051,SP,是,201.0
0bf0150d5b9d60d9cd2906003332f085,39,5774.6,3.789473684210526,0.2051282051282051,SP,是,202.0
8b9d6eec4a7eb7d0f9d579ce0b38324d,48,4159.55,4.0625,0.1666666666666666,RJ,是,203.0
abe42c5d03695b4257b5c6cbf4e6784e,49,17000.0,3.9583333333333335,0.1632653061224489,RJ,是,204.0
0b35c634521043bf4b47e21547b99ab5,50,13235.65,3.4081632653061225,0.16,PR,是,205.0
a6fe7de3d16f6149ffe280349a8535a0,50,2844.9,4.040816326530612,0.16,SP,是,206.0
a888faf2d1baececa6baf9c3d603ee1f,53,17564.8,4.09433962264151,0.1509433962264151,PR,是,207.0
fffd5413c0700ac820c7069d66d98c89,57,8535.0,3.892857142857143,0.1403508771929824,SP,是,208.0
7681ef142fd2c19048da7430856b5588,58,31211.81,4.228070175438597,0.1379310344827586,SP,是,209.0
1eade46fba20122dc4aefb379f8c636b,58,3635.37,4.431034482758621,0.1379310344827586,SP,是,210.0
06579cb253ecd5a3a12a9e6eb6bf8f47,61,4587.400000000001,4.131147540983607,0.1311475409836065,SP,是,211.0
5058e8c1e82653974541e83690655b4a,62,9812.83,3.2459016393442623,0.1290322580645161,SP,是,212.0
e62b2d6ac10570a035a30bafcf01d263,62,5340.39,3.9661016949152543,0.1290322580645161,SP,是,213.0
643214e62b870443ccbe55ab29a4dccf,65,3229.23,4.4,0.123076923076923,SP,是,214.0
d673a59aac7a70d8b01e6902bf090a11,79,3908.94,3.911392405063291,0.1012658227848101,SP,是,215.0
98dac6635aee4995d501a3972e047414,89,4115.75,4.1477272727272725,0.0898876404494382,SP,是,216.0
5d0363b33554b373851fc1622e4d5f3c,93,6548.79,4.075268817204301,0.086021505376344,SP,是,217.0
8e6cc767478edae941d9bd9eb778d77a,100,5929.35,4.071428571428571,0.08,MG,是,218.0
4371b634e0efc0e22b09b52907d9d469,101,8168.0,4.48,0.0792079207920792,SP,是,219.0
42b729f859728f5079499127a9c2ef37,103,4096.96,4.480392156862745,0.0776699029126213,SP,是,220.0
70eea00b476a314817cefde4aad4f89a,106,31424.75,4.40952380952381,0.0754716981132075,SP,是,221.0
640e21a7d01df7614a3b4923e990d40c,115,7528.89,4.330434782608696,0.0695652173913043,SP,是,222.0
59fb871bf6f4522a87ba567b42dafecf,123,21178.6,4.276422764227642,0.065040650406504,SP,是,223.0
01fdefa7697d26ad920e9e0346d4bd1b,128,14802.53,4.377952755905512,0.0625,PR,是,224.0
79ebd9a61bac3eaf882805ed4ecfa12a,133,14783.09,4.052631578947368,0.0601503759398496,PR,是,225.0
5a8e7d5003a1f221f9e1d6e411de7c23,137,11042.1,4.1678832116788325,0.0583941605839416,SP,是,226.0
2528513dd95219a6013d4d05176e391a,160,32660.2,3.968152866242038,0.05,SP,是,227.0
3fd1e727ba94cfe122d165e176ce7967,35,2747.4,3.942857142857143,0.2,SP,是,228.0
b18dc380845b24038cfc48006478f099,43,7753.96,4.214285714285714,0.1627906976744186,SP,是,229.0
ff1fb4c404b2efe68b03350a8dc24122,46,6771.0,4.0,0.1521739130434782,SP,是,230.0
048c2757535328e0d7dac690ad3c0aae,50,9065.08,4.244897959183674,0.14,SP,是,231.0
50c9975695009e5e6473912e83a6d1da,50,3964.4,3.938775510204082,0.14,MG,是,232.0
3df020b72d3d44b3af9d110fa3940b65,55,5039.9,4.054545454545455,0.1272727272727272,SP,是,233.0
99eaacc9e6046db1c82b163c5f84869f,63,12642.28,4.0,0.1111111111111111,SP,是,234.0
ce248b21cb2adc36282ede306b7660e5,64,13560.19,4.234375,0.109375,SC,是,235.0
056b4ada5bbc2c50cc7842547dda6b51,64,12203.4,4.206349206349207,0.109375,RJ,是,236.0
f0b47fbbc6dee9aafe415a6e33051b3f,67,3766.92,4.253731343283582,0.1044776119402985,SP,是,237.0
e59aa562b9f8076dd550fcddf0e73491,69,30716.3,4.260869565217392,0.1014492753623188,PR,是,238.0
f7ccf836d21b2fb1de37564105216cc1,69,2748.4,3.850746268656717,0.1014492753623188,SP,是,239.0
fd386aa7bed2af3c7035c65506c9b4a3,69,2304.15,4.3478260869565215,0.1014492753623188,SP,是,240.0
5343d0649eca2a983820bfe93fc4d17e,70,9819.02,3.869565217391304,0.1,SP,是,241.0
1336efc61c316ddf92c899eb817f7cae,74,4837.31,4.0,0.0945945945945946,SP,是,242.0
6860153b69cc696d5dcfe1cdaaafcf62,74,3827.63,4.095890410958904,0.0945945945945946,SP,是,243.0
d05ae8f7a5bd1d2a690a44cd079e4e27,77,13244.0,3.8947368421052633,0.0909090909090909,RJ,是,244.0
70c27847eca8195c983ed7e798c56743,77,12077.52,4.233766233766234,0.0909090909090909,RJ,是,245.0
ce7d1888639e6fb06b2749cbfdac1ff7,78,11793.89,4.166666666666667,0.0897435897435897,MG,是,246.0
3be634553519fb6536a03e1358e9fdc7,80,5231.02,4.025,0.0875,SP,是,247.0
688756f717c462a206ad854c5027a64a,81,5837.67,3.8875,0.0864197530864197,SP,是,248.0
bd0389da23d89b726abf911cccc54596,87,7472.160000000001,4.172413793103448,0.0804597701149425,DF,是,249.0
7ea5bfa6c340f58f8e71fc1f0412b0d6,96,10838.41,4.189473684210526,0.0729166666666666,MG,是,250.0
3b15288545f8928d3e65a8f949a28291,101,13764.82,4.08,0.0693069306930693,SP,是,251.0
0adac9fbd9a2b63cccaac4f8756c1ca8,106,15557.6,4.09433962264151,0.0660377358490566,SP,是,252.0
f4aba7c0bca51484c30ab7bdc34bcdd1,108,2951.9,3.9444444444444446,0.0648148148148148,SP,是,253.0
18a349e75d307f4b4cc646a691ed4216,109,7425.21,3.601851851851852,0.0642201834862385,SP,是,254.0
1b4c3a6f53068f0b6944d2d005c9fc89,111,14420.5,4.254545454545455,0.063063063063063,SC,是,255.0
36a968b544695394e4e9d7572688598f,148,6864.47,3.7533783783783785,0.0472972972972973,SP,是,256.0
669ae81880e08f269a64487cfb287169,161,13133.87,4.2625,0.0434782608695652,SC,是,257.0
37be5a7c751166fbc5f8ccba4119e043,269,54735.55,4.323308270676692,0.0260223048327137,SP,是,258.0
c3cfdc648177fdbbbb35635a37472c53,278,43048.18,4.469314079422382,0.0251798561151079,PR,是,259.0
054694fa03fe82cec4b7551487331d74,20,8286.1,3.4,0.3,SP,是,260.0
7f152321c60a266edc53af1925ef96c1,20,3919.8,3.8,0.3,SC,是,261.0
4e5725ba188db8252977a4f0227bd462,21,1865.09,3.523809523809524,0.2857142857142857,SP,是,262.0
28f10b1c5e5abb9d4857745bede6147c,28,835.0,4.0,0.2142857142857142,SP,是,263.0
6ec1a01e866584bb679eb9b098345919,30,3998.91,4.241379310344827,0.2,SP,是,264.0
d93919c944be9cff128f6c9cb899eacb,33,2666.7000000000003,4.0,0.1818181818181818,SP,是,265.0
dd55f1bb788714a40e7954c3be6df745,35,7041.759999999999,3.742857142857143,0.1714285714285714,SP,是,266.0
ec8879960bd2221d5c32f8e12f7da711,35,3957.5,4.294117647058823,0.1714285714285714,SP,是,267.0
3c03b12bab54d8b37d79d914bfdb1aa0,37,4236.34,3.8333333333333335,0.1621621621621621,RJ,是,268.0
cee48807215b30a12ca2ca10ffb5f250,39,7212.23,3.769230769230769,0.1538461538461538,SP,是,269.0
3f3486b61f45078d4f31ee5e43d8c5bb,39,3769.73,4.333333333333333,0.1538461538461538,SP,是,270.0
2089a6d640999f9b9141ac719b2af596,41,7676.02,3.926829268292683,0.1463414634146341,SP,是,271.0
23c38debaffe4a25a30fdbd9b586a13f,41,5382.18,4.317073170731708,0.1463414634146341,SP,是,272.0
834f8533b2ecb6598dd004ff3de7203a,41,4324.349999999999,3.951219512195122,0.1463414634146341,SP,是,273.0
2d50d6282f8aa2257819a77bfaa0efe0,42,3008.48,3.809523809523809,0.1428571428571428,SP,是,274.0
0ed6ce5d87fd9c69eaacaeb778d67235,42,2026.52,4.390243902439025,0.1428571428571428,SP,是,275.0
903037660cf848a717166eb7a06d616e,44,7935.18,3.954545454545455,0.1363636363636363,SP,是,276.0
406822777a0b9eb5c50e442dd4cd3ec5,44,3548.09,4.325581395348837,0.1363636363636363,SP,是,277.0
4c498c7345e89aebad651544829beca0,47,4570.27,4.276595744680851,0.1276595744680851,SP,是,278.0
165fc07beebdcb6190fba8a06db2a449,50,17481.4,3.8,0.12,PR,是,279.0
23d7c96d4a1160db1c726b248601b25a,50,10658.24,3.9270833333333335,0.12,SP,是,280.0
0d85bbda9889ce1f7e63778d24f346eb,51,4845.2,4.2,0.1176470588235294,MG,是,281.0
d9bd94811c3338dceb4181f3dbc0c73e,54,6911.02,4.796296296296297,0.1111111111111111,SP,是,282.0
8e8a7ce9f2f970dc00e2acf6f6e199f6,63,8821.0,4.0,0.0952380952380952,RJ,是,283.0
4a3ccda38b2129705f3fb522db62ca31,64,16169.09,3.9296875,0.09375,SP,是,284.0
a420f60ff1aa9acc80d0e42959f2b313,67,7443.3,3.953846153846154,0.0895522388059701,SP,是,285.0
1bb2bdb95f4841f1bba2c0d2cd83d3c9,79,4905.76,4.628205128205129,0.0759493670886076,SP,是,286.0
c8b0e2b0a7095e5d8219575d5e7e1181,84,12170.21,4.084337349397591,0.0714285714285714,SP,是,287.0
0509040ea3fe50071181bbc359eb7738,87,3689.35,4.476744186046512,0.0689655172413793,MG,是,288.0
8444e55c1f13cd5c179851e5ca5ebd00,92,21480.96,3.369565217391304,0.0652173913043478,MG,是,289.0
d6b1ce66b035a475f00c017792ff9769,92,12277.4,4.277777777777778,0.0652173913043478,SP,是,290.0
dd2bdf855a9172734fbc3744021ae9b9,105,10607.0,3.871287128712871,0.0571428571428571,MG,是,291.0
25e6ffe976bd75618accfe16cefcbd0d,106,11552.62,4.443396226415095,0.0566037735849056,SP,是,292.0
bfd27a966d91cfaafdb25d076585f0da,114,19225.0,4.31858407079646,0.0526315789473684,SP,是,293.0
f80edd2c5aaa505cc4b0a3b219abf4b8,116,8855.5,4.147826086956521,0.0517241379310344,SP,是,294.0
1e8b33f18b4f7598d87f5cbee2282cc2,122,17233.56,4.4,0.0491803278688524,SP,是,295.0
7008613ea464bad5cb9b83456e1e6a8f,123,7538.7,4.278688524590164,0.048780487804878,SC,是,296.0
aafe36600ce604f205b86b5084d3d767,129,9251.4,4.403100775193798,0.0465116279069767,SC,是,297.0
710e3548e02bc1d2831dfc4f1b5b14d4,131,22369.25,3.4307692307692306,0.0458015267175572,PR,是,298.0
0b90b6df587eb83608a64ea8b390cf07,163,28492.76,4.033950617283951,0.0368098159509202,PR,是,299.0
95e03ca3d4146e4011985981aeb959b9,172,10865.16,4.032352941176471,0.0348837209302325,RJ,是,300.0
86ccac0b835037332a596a33b6949ee1,178,15894.34,4.228813559322034,0.0337078651685393,SC,是,301.0
ff69aa92bb6b1bf9b8b7a51c2ed9cf8b,20,21940.8,3.65,0.25,SP,是,302.0
1dfe5347016252a7884b694d4f10f5c4,20,1632.5,3.4,0.25,SP,是,303.0
e0878efa0e0b7e5313ac0b43bc04c081,26,5025.4,3.615384615384616,0.1923076923076923,PR,是,304.0
d97df38225e5abadaff1e72cb72b823c,28,1776.0,3.925925925925926,0.1785714285714285,SP,是,305.0
323ce52b5b81df2cd804b017b7f09aa7,29,2374.3,4.428571428571429,0.1724137931034483,SP,是,306.0
850913d59ce317156b00f3705f1c3edb,29,2183.0,3.586206896551724,0.1724137931034483,SP,是,307.0
070d165398b553f3b4b851c216b8a358,31,3333.17,3.3666666666666667,0.1612903225806451,SP,是,308.0
0ffa40d54288e4f3499b8780dd0f144f,33,2162.8,4.484848484848484,0.1515151515151515,SP,是,309.0
e96498ed8daaa3e9c23f7a62da76591c,34,9619.09,3.941176470588236,0.1470588235294117,SP,是,310.0
e2aee0892199b1d92530e371abd825bf,36,5392.77,3.888888888888889,0.1388888888888889,PR,是,311.0
14d7985702e72162bbf13b6beb74ab2b,37,3887.0,4.324324324324325,0.1351351351351351,SP,是,312.0
dd533b429f380718b70ad9922c294bae,39,2244.88,3.923076923076923,0.1282051282051282,SP,是,313.0
1da366cade6d8276e7d8beea7af5d4bf,42,6348.589999999999,3.975609756097561,0.119047619047619,MG,是,314.0
db2956745b3a8e9f3785c99f34b5d25e,45,8261.0,3.844444444444445,0.1111111111111111,SP,是,315.0
382229d1e840115ffe3dbf5ff460e417,45,4037.06,4.266666666666667,0.1111111111111111,RJ,是,316.0
318f287a62ab7ac10b703ac37435a231,51,2432.48,3.92156862745098,0.0980392156862745,SP,是,317.0
e067ad2c1c0b48758eb1b5228bcf7a68,54,5042.55,4.148148148148148,0.0925925925925925,SP,是,318.0
17f51e7198701186712e53a39c564617,56,48019.0,4.339285714285714,0.0892857142857142,SP,是,319.0
aced59e9b31ef866a94f9e7f29d8d418,61,7268.5,4.426229508196721,0.081967213114754,SP,是,320.0
715bbd5ba4e6b74cb0d2f29eb45058b0,62,4043.3,4.467741935483871,0.0806451612903225,SP,是,321.0
951e8cef368f09bb3f3d03c00ca4702c,62,3993.31,4.133333333333334,0.0806451612903225,SP,是,322.0
4c18691b6037662be2df78a765d98ab5,63,3195.52,3.873015873015873,0.0793650793650793,SP,是,323.0
a17f621c590ea0fab3d5d883e1630ec6,63,2677.92,4.163934426229508,0.0793650793650793,SP,是,324.0
d50d79cb34e38265a8649c383dcffd48,70,13012.42,4.246376811594203,0.0714285714285714,SP,是,325.0
a7f13822ceb966b076af67121f87b063,73,12017.69,3.4027777777777777,0.0684931506849315,SP,是,326.0
701938c450705b8ae65fc923b70f35c7,74,11879.29,4.0,0.0675675675675675,SP,是,327.0
08633c14ef2db992c11f840f04fad4cd,74,7644.3,4.364864864864865,0.0675675675675675,SP,是,328.0
dbd66278cbfe1aa1000f90a217ca4695,85,4928.9,4.505882352941176,0.0588235294117647,SP,是,329.0
2ff97219cb8622eaf3cd89b7d9c09824,87,4339.1,4.540229885057471,0.057471264367816,SP,是,330.0
dee656f0f566ed1aa85bd137c943f08f,92,6212.08,4.369565217391305,0.0543478260869565,SP,是,331.0
8a432f4e5b471f8da497d7dc517666e2,95,7555.0,4.191489361702128,0.0526315789473684,SP,是,332.0
282f23a9769b2690c5dda22e316f9941,98,6464.28,4.36734693877551,0.0510204081632653,MG,是,333.0
00fc707aaaad2d31347cf883cd2dfe10,103,12684.9,4.063725490196078,0.0485436893203883,PR,是,334.0
febab0275244b9a49a623f0bd613ca2f,106,7094.82,4.443396226415095,0.0471698113207547,SP,是,335.0
c33847515fa6305ce6feb1e818569f13,114,15519.85,3.850877192982456,0.043859649122807,SC,是,336.0
080102cd0a76b09e0dcf55fcacc60e05,122,5612.65,4.516393442622951,0.040983606557377,MG,是,337.0
0db783cfcd3b73998abc6e10e59a102f,132,9077.4,4.206106870229007,0.0378787878787878,SP,是,338.0
db4350fd57ae30082dec7acbaacc17f9,136,3304.32,4.162962962962963,0.0367647058823529,SP,是,339.0
1c68394e931a64f90ea236c5ea590300,142,24832.75,3.904929577464789,0.0352112676056338,PR,是,340.0
44073f8b7e41514de3b7815dd0237f4f,142,18380.64,3.74468085106383,0.0352112676056338,DF,是,341.0
5cf13accae3222c70a9cac40818ae839,148,14293.3,4.476190476190476,0.0337837837837837,MG,是,342.0
2a84855fd20af891be03bc5924d2b453,155,14989.0,4.376623376623376,0.032258064516129,MG,是,343.0
b76dba6c951ab00dc4edf0a1aa88037e,157,2545.31,4.219354838709678,0.0318471337579617,SP,是,344.0
e26901d5ab434ce92fd9b5c256820a4e,197,11601.5,4.203045685279188,0.0253807106598984,SP,是,345.0
cab85505710c7cb9b720bceb52b01cee,201,11124.6,4.3325,0.0248756218905472,SP,是,346.0
1a932caad4f9d804097d7f8e615baed1,20,4661.0,3.9,0.2,SP,是,347.0
f918546be4bec7104d117789ba758b2b,20,1483.0,3.85,0.2,SP,是,348.0
e99e927c81e3f51739c94fcdfca9f10f,21,2597.85,3.7142857142857135,0.1904761904761904,MG,是,349.0
e7df4cd29ab5abab70fb0783ddb53987,23,9608.7,4.304347826086956,0.1739130434782608,SP,是,350.0
7ecd59e5e20407131822c1a68ac59c1f,24,1466.71,4.416666666666667,0.1666666666666666,DF,是,351.0
3b872fd4747f01cc56206f2934198618,25,2726.74,3.88,0.16,SP,是,352.0
8d79c8a04e42d722a75097ce5cbcf2ef,26,2627.82,4.576923076923077,0.1538461538461538,CE,是,353.0
3771c85bac139d2344864ede5d9341e3,26,1433.3,3.8461538461538463,0.1538461538461538,SP,是,354.0
4aba391bc3b88717ce08eb11e44937b2,27,7286.88,4.0,0.1481481481481481,BA,是,355.0
3ade81dab5a172b88e1871c28ae05260,28,5383.6,4.185185185185185,0.1428571428571428,SP,是,356.0
57c764b4a836300be881e2ff86e449f9,28,1156.1,4.222222222222222,0.1428571428571428,SP,是,357.0
b74d1c09cb380e1d03a6f859c6f4224b,30,2174.61,4.3,0.1333333333333333,RJ,是,358.0
e38db885400cd35c71dfd162f2c1dbcf,30,2066.8,4.466666666666667,0.1333333333333333,DF,是,359.0
c8467937e403e76a8ee9f0ab13f6f5ef,30,1853.79,4.071428571428571,0.1333333333333333,MG,是,360.0
f62d7bb4a613ec758a03342d46b580b2,32,24665.0,4.375,0.125,MG,是,361.0
d5ba419e26d246a0719437cf37d9b46d,33,3911.5,4.0,0.1212121212121212,SP,是,362.0
d3f39f05462b79a4562d35893a28f159,33,2363.4,3.606060606060606,0.1212121212121212,SP,是,363.0
11305281b50fff20ae8bb473f8e11876,35,6528.7,4.314285714285714,0.1142857142857142,MG,是,364.0
6fc26fe110feebd80a433e1f012a84f9,35,4150.87,3.911764705882353,0.1142857142857142,SP,是,365.0
f181738b150df1f37cb0bd72e705b193,36,5529.7,4.472222222222222,0.1111111111111111,SP,是,366.0
5b8154610ebb21fb90eb587365e673df,37,9048.05,4.162162162162162,0.1081081081081081,SP,是,367.0
0cbcee27c791afa0cdcb08587a2013a8,37,5054.15,4.0,0.1081081081081081,MG,是,368.0
0176f73cc1195f367f7b32db1e5b3aa8,37,4643.2,4.108108108108108,0.1081081081081081,SP,是,369.0
c9aafcd0621b2207c10e32c649cada4d,40,2671.26,4.325,0.1,SP,是,370.0
1ce3ae5a399804d1a87e706f8a813c3e,40,2563.0,3.75,0.1,SC,是,371.0
c847e075301870dd144a116762eaff9a,41,15248.8,4.2,0.0975609756097561,MG,是,372.0
82e0a475a88cc9595229d8029273f045,41,10748.02,3.634146341463415,0.0975609756097561,SP,是,373.0
6f892e20a171e98efe17fdb971ff319b,41,6049.0,4.15,0.0975609756097561,SP,是,374.0
02f623a8eb246f3c5f7c2f96462654e6,44,6378.0,4.558139534883721,0.0909090909090909,SP,是,375.0
432c37c9dfba871172ec162e20118b8c,44,2679.87,4.25,0.0909090909090909,DF,是,376.0
994f04b3718c2bab35c2adfa8afecd2a,47,3289.8,4.297872340425532,0.0851063829787234,SP,是,377.0
56642bcb79900e777d68e91915cb4267,48,3657.64,4.0625,0.0833333333333333,SP,是,378.0
729b2d09b2a0bdab221076327f13d050,48,1805.21,4.5625,0.0833333333333333,SP,是,379.0
e24fc9fcd865784fb25705606fe3dfe7,51,12768.0,4.15686274509804,0.0784313725490196,SP,是,380.0
624f4ece8da4aafb77699233d480f8ef,52,9046.0,4.25,0.0769230769230769,SP,是,381.0
2a7dc43cecabf23403078e2188437d1d,52,4795.91,4.096153846153846,0.0769230769230769,SP,是,382.0
f214d28e8d8e3ef068748498ccc2f813,52,2152.43,4.2745098039215685,0.0769230769230769,SP,是,383.0
7a241947449cc45dbfda4f9d0798d9d0,56,7434.66,4.1454545454545455,0.0714285714285714,MG,是,384.0
45d33f715e24d15a6ccf5c17b3a23e3c,56,4518.49,4.142857142857143,0.0714285714285714,SP,是,385.0
8a130737016f838139d31878787a39c9,56,4222.03,4.446428571428571,0.0714285714285714,SP,是,386.0
4992e76a42cb3aad7a7047e0d3d7e729,56,2171.2,3.9642857142857135,0.0714285714285714,SP,是,387.0
d650b663c3b5f6fb392b6326366efa9a,57,18335.9,4.368421052631579,0.0701754385964912,SP,是,388.0
6d803cb79cc31c41c4c789a75933b3c7,58,8711.4,4.25,0.0689655172413793,SP,是,389.0
058fd0aa2bfdb2274e05e1ae971dabb6,60,7549.9,4.383333333333334,0.0666666666666666,SP,是,390.0
4e17c65a516f69d023a2ae78b84f28d6,61,7639.26,4.229508196721311,0.0655737704918032,SP,是,391.0
b6d44737c043328708f6749c2dbe50bd,61,5284.6,4.524590163934426,0.0655737704918032,SP,是,392.0
116ccb1a1604bc88e4d234a8c23f33de,61,2004.89,4.639344262295082,0.0655737704918032,SP,是,393.0
05d2173d43ea568aa0540eba70d2ca76,62,5759.66,4.183333333333334,0.064516129032258,MG,是,394.0
5f1dc28029d2c244352a68107ec2b542,62,2807.3,4.426229508196721,0.064516129032258,SP,是,395.0
96493fab2fbb13a14d0c0e8772eef5c3,63,18969.0,4.064516129032258,0.0634920634920634,SP,是,396.0
5b925e1d006e9476d738aa200751b73b,63,7748.5,4.603174603174603,0.0634920634920634,SP,是,397.0
834f3294fba9f932f56edc879193f925,66,39907.5,4.545454545454546,0.0606060606060606,SP,是,398.0
8cbac7e12637ed9cffa18c7875207478,66,2955.98,4.166666666666667,0.0606060606060606,SC,是,399.0
5f2684dab12e59f83bef73ae57724e45,67,8870.97,3.791044776119403,0.0597014925373134,SP,是,400.0
e333046ce6517bd8bb510291d44f0130,68,7268.0,4.338235294117647,0.0588235294117647,SP,是,401.0
81a1104df0f08b59c68aa5b03cfe398e,72,9320.98,4.314285714285714,0.0555555555555555,PR,是,402.0
516e7738bd8f735ac19a010ee5450d8d,74,6463.19,4.635135135135135,0.054054054054054,RJ,是,403.0
8f119a0aee85c0c8fc534629734e94fd,75,3578.88,4.28,0.0533333333333333,SP,是,404.0
1f9ab4708f3056ede07124aad39a2554,76,13312.93,4.093333333333334,0.0526315789473684,SP,是,405.0
670c26e0f1bf8d0576271d5cfaec6d2b,77,6250.1,4.311688311688312,0.0519480519480519,PR,是,406.0
e8b3a3a38279a82f0e5d006d5e5b7d2c,80,11762.4,4.0125,0.05,PR,是,407.0
4e7c18b98d84e05cbae3ff0ff03846c2,81,9038.9,4.2125,0.0493827160493827,SP,是,408.0
bd23da7354813347129d751591d1a6e2,86,9704.6,4.117647058823529,0.0465116279069767,SP,是,409.0
7b07b3c7487f0ea825fc6df75abd658b,91,9259.47,4.417582417582418,0.0439560439560439,SP,是,410.0
80e6699fe29150b372a0c8a1ebf7dcc8,96,11119.66,4.336842105263158,0.0416666666666666,PR,是,411.0
9d4db00d65d7760644ac0c14edb5fd86,97,9845.71,4.541666666666667,0.0412371134020618,SP,是,412.0
d94a40fd42351c259927028d163af842,100,13674.8,4.214285714285714,0.04,MG,是,413.0
dbb9b48c841a0e39e21f98e1a6b2ec3e,108,7186.85,4.268518518518518,0.037037037037037,SP,是,414.0
8a32e327fe2c1b3511609d81aaf9f042,126,6101.12,3.944,0.0317460317460317,SP,是,415.0
7722b1df1b0e383e000397b2c11e3e19,133,7046.6,4.227272727272728,0.0300751879699248,SP,是,416.0
d98eec89afa3380e14463da2aabaea72,168,6968.53,4.338323353293413,0.0238095238095238,RS,是,417.0
0ea22c1cfbdc755f86b9b54b39c16043,234,10592.1,4.406926406926407,0.017094017094017,MG,是,418.0
f08c008c8a8d31417763738a1788a2a8,20,1211.92,3.421052631578948,0.15,PR,是,419.0
2156f2671501a81034d7d07f217609d0,21,2909.5,4.0,0.1428571428571428,SP,是,420.0
411f3b52d857390502ee4e4d5ceabc2d,21,1804.01,4.105263157894737,0.1428571428571428,SP,是,421.0
7901646fdd36a55f564ffaf2dbccaaf7,22,11857.08,4.5,0.1363636363636363,RJ,是,422.0
7b1222c3624aa89b9558b50a2594188c,22,10103.52,4.454545454545454,0.1363636363636363,SP,是,423.0
13d058e4eeac2ce8217660b2f8a05812,22,3739.78,4.181818181818182,0.1363636363636363,SP,是,424.0
7139dc5186aa238b006e066d8fbab2e4,22,1712.0,4.0,0.1363636363636363,SP,是,425.0
39d54ff918774174706fb065d7f9dc07,22,1554.69,4.045454545454546,0.1363636363636363,SP,是,426.0
d71d863e5ef30d94e440c11be17dcd8f,23,9246.9,3.333333333333333,0.1304347826086956,SP,是,427.0
681fce914360217db47784ae28905a96,23,4127.33,4.0,0.1304347826086956,PR,是,428.0
23a0ffca143a15b9b5bbdb7d552f626a,23,3718.51,3.9130434782608696,0.1304347826086956,SP,是,429.0
977f9f63dd360c2a32ece2f93ad6d306,23,2730.07,3.869565217391304,0.1304347826086956,SP,是,430.0
a36b125ac6d5fdbc7f50de85c9157bdc,23,1793.65,3.9565217391304346,0.1304347826086956,SP,是,431.0
e89c4adbe7b1d0819dbb636e16461cf1,24,3181.3,3.8333333333333335,0.125,SP,是,432.0
15aac934c58d886785ac1b17953ea898,25,4353.9,4.24,0.12,ES,是,433.0
edf96ef93ed595084bbcbd9224bd2894,25,3757.0,3.88,0.12,SP,是,434.0
c8417879a15366a17c30af34c798c332,25,1734.7,4.291666666666667,0.12,SP,是,435.0
198c7ea11960a9844b544d9bcdca860c,25,1733.75,3.88,0.12,MG,是,436.0
1dc2de47ee26a0a5b12dc14fd6dc0dea,25,1670.3,4.56,0.12,SP,是,437.0
2709af9587499e95e803a6498a5a56e9,25,1180.56,3.9583333333333335,0.12,SP,是,438.0
06df0c10d34e459d9672bc77388742eb,26,9070.0,4.346153846153846,0.1153846153846153,PR,是,439.0
e5e33c0d8e7e002f398f5dc4cbbb338f,26,6494.9,4.576923076923077,0.1153846153846153,SP,是,440.0
77a515caa36327151d1cc6c32a9f00e1,26,2217.39,4.423076923076923,0.1153846153846153,SP,是,441.0
1f1bb1f0859883505541bdd6606193e5,27,16040.84,4.333333333333333,0.1111111111111111,SP,是,442.0
f12ff17ad8bbf01ec5c33b17e506649b,28,6101.0,3.857142857142857,0.1071428571428571,SP,是,443.0
c0563dd588b775f2e37747ef6ad6c92c,28,3697.2,4.357142857142857,0.1071428571428571,SP,是,444.0
d1ef48b38baca7e831711c4a0aeb398f,28,1439.13,4.571428571428571,0.1071428571428571,PR,是,445.0
6e386f64c84e482f0b9abf960797ee1b,29,12209.3,4.607142857142857,0.1034482758620689,SP,是,446.0
31da954dc0855f2495c6310f70a2f931,29,4583.0,4.206896551724138,0.1034482758620689,SP,是,447.0
238fac594e170b59c6d228f5a4f4f1d9,29,3126.0,4.0,0.1034482758620689,SP,是,448.0
2bf6a2c1e71bbd29a4ad64e6d3c3629f,30,50628.9,4.166666666666667,0.1,RJ,是,449.0
b2ac621f0d0322434d04a12b078b9369,30,9575.5,4.4,0.1,PR,是,450.0
e8b4225284fbb02d16f200513f1f395d,30,5638.62,4.3,0.1,SP,是,451.0
b4a476fbd28de64b1e347abf9089366a,30,4479.04,4.137931034482759,0.1,SP,是,452.0
cd6efc47efaabf134f8bdb654e10b4f1,31,4158.55,4.483870967741935,0.0967741935483871,RJ,是,453.0
276677b5d08786d5dce7c2149dcce48b,31,3424.2,4.032258064516129,0.0967741935483871,MG,是,454.0
5c6d4016c2a288f074fa0848a2b653d2,31,3100.0,4.161290322580645,0.0967741935483871,SP,是,455.0
78c99c6dff4eeae5be99bf635ed21e3f,31,2030.88,4.419354838709677,0.0967741935483871,SP,是,456.0
20cb7c2fde3e5bf10f0bbe7394e1c6a9,31,844.9999999999999,4.096774193548387,0.0967741935483871,PR,是,457.0
7b0df942f46435babab05d49b744b2c4,32,22600.63,4.387096774193548,0.09375,SP,是,458.0
3340ef1913fb70d28420f6ceb685c339,32,6731.150000000001,4.375,0.09375,PR,是,459.0
2745f798279e0ed033addcc1474776d7,32,3668.53,3.967741935483871,0.09375,SP,是,460.0
93dc87703c046b603023e75222018b45,33,8149.35,4.129032258064516,0.0909090909090909,MG,是,461.0
1caf283236cd69af44cbc09a0a1e7d32,33,917.6,4.606060606060606,0.0909090909090909,RJ,是,462.0
26d8a1c7c75d513045798992ead43aa2,34,5937.13,4.411764705882353,0.088235294117647,PR,是,463.0
5b179e9e8cc7ab6fd113a46ca584da81,34,5173.5,3.6666666666666665,0.088235294117647,SP,是,464.0
6a0cbc8af2e8abd1bdfb777943d174c6,34,3788.15,4.03030303030303,0.088235294117647,SP,是,465.0
3ab971ce71839580d2ae5b4e40fe8044,35,4917.0,3.911764705882353,0.0857142857142857,SP,是,466.0
6b3bd31ad8fcda4b2635ec9f3ff2ecdf,35,4063.9,4.085714285714285,0.0857142857142857,RJ,是,467.0
e8f6dc8e6a1dcde89d20e3995c8d90b3,35,2148.74,4.0,0.0857142857142857,SP,是,468.0
bf84056e679dbe9c69929847a40e338f,35,1918.08,3.7714285714285714,0.0857142857142857,SP,是,469.0
32b8764b4ef628b53608fc34011fcc13,36,8884.0,4.194444444444445,0.0833333333333333,SC,是,470.0
99002261c568a84cce14d43fcffb43ea,36,4088.0,3.7222222222222223,0.0833333333333333,MT,是,471.0
daeb5653dd96c1b11860f72209795012,38,1864.1,4.25,0.0789473684210526,MG,是,472.0
b94cc9f10ddc85e4ba73a6f7974e7101,39,25346.1,4.297297297297297,0.0769230769230769,RJ,是,473.0
55a5b51f93f2b70ea513f5a047b0262a,39,4002.3,4.461538461538462,0.0769230769230769,MG,是,474.0
4559697a8f7e637227c2eeaed843baff,39,3486.3,4.205128205128205,0.0769230769230769,SP,是,475.0
43f8c9950d11ecd03a0304a49e010da6,41,4249.59,4.560975609756097,0.073170731707317,SP,是,476.0
ad420dd0c4f92f8af951ac24b86d0cf5,42,4705.29,4.125,0.0714285714285714,MG,是,477.0
c013e57c075a06e5b5c48ee03c525719,42,1971.55,4.238095238095238,0.0714285714285714,SP,是,478.0
5f3ae9136c875522250f8184f253413a,42,1143.05,4.642857142857143,0.0714285714285714,SP,是,479.0
fdb9095204a334cd8872252ffec6f2db,46,8156.0,4.184782608695652,0.0652173913043478,SP,是,480.0
9b00ed88b7fdb95d6ff76e27c1b52d16,46,1567.88,4.543478260869565,0.0652173913043478,SP,是,481.0
cb3dd9ce66268c7a3ca7241ac70ab58c,48,2788.32,4.197916666666667,0.0625,SP,是,482.0
09f952a5f58d2285b0372551ae8f9b01,50,11821.5,3.84,0.06,SP,是,483.0
95f83f51203c626648c875dd41874c7f,50,3077.6600000000003,3.7,0.06,MG,是,484.0
7202e2ba20579a9bd1acb29e61fe71f6,51,12085.7,3.98,0.0588235294117647,SP,是,485.0
d9a84e1403de8da0c3aa531d6d108ba6,53,1385.3,4.584905660377358,0.0566037735849056,SP,是,486.0
dc317f341ab0e22f39acbd9dbf9b4a1f,55,18988.4,4.1454545454545455,0.0545454545454545,RS,是,487.0
7d456afc660226829370f3173d14520c,55,8118.25,4.345454545454546,0.0545454545454545,SP,是,488.0
3078096983cf766a32a06257648502d1,56,7910.84,4.303571428571429,0.0535714285714285,SP,是,489.0
3bdff180c7e1f6551a643b99c265a120,56,3008.2000000000003,4.254545454545455,0.0535714285714285,SP,是,490.0
05ff92fedb5be47920fea08e501238b9,57,21235.98,4.315789473684211,0.0526315789473684,RS,是,491.0
01cf7e3d21494c41fb86034f2e714fa1,59,9439.56,4.120689655172414,0.0508474576271186,PR,是,492.0
f7720c4fa8e3aba4546301ab80ea1f1b,59,2043.55,4.262711864406779,0.0508474576271186,PR,是,493.0
0c7533c71df861ec58ad7ff999ed0e8d,61,2989.3,4.147540983606557,0.0491803278688524,SP,是,494.0
cce6ab8d1682639fe45ab70234f1665f,61,2442.7,4.508196721311475,0.0491803278688524,SP,是,495.0
1838dd9b8977065acf51d95e0053ea7a,62,2750.5,4.370967741935484,0.0483870967741935,MG,是,496.0
94144541854e298c2d976cb893b81343,68,17286.28,4.253731343283582,0.0441176470588235,RS,是,497.0
ca3bd7cd9f149df75950150d010fe4a2,68,9253.47,4.088235294117647,0.0441176470588235,SP,是,498.0
9de4643a8dbde634fe55621059d92273,72,17560.34,4.527777777777778,0.0416666666666666,SC,是,499.0
9e6229250fedbe05838fef417b74e7fb,73,12962.3,3.8904109589041096,0.0410958904109589,SP,是,500.0
dfa0c4c6229ab200a4a1336b4d7128ff,77,4777.1,4.0,0.0389610389610389,SC,是,501.0
6b243f80ed07b10f0e8aa0f21a205f3c,79,6260.1,4.265822784810126,0.0379746835443038,PR,是,502.0
eeb6de78f79159600292e314a77cbd18,82,43510.84,4.439024390243903,0.0365853658536585,SC,是,503.0
ebd2d60905fb58271facef5596b620d3,82,7713.02,4.2317073170731705,0.0365853658536585,SP,是,504.0
0432ead42b6c8a0bdf68154add917fdf,82,7574.400000000001,4.536585365853658,0.0365853658536585,SP,是,505.0
9674754b5a0cb32b638cec001178f799,84,4941.7300000000005,4.107142857142857,0.0357142857142857,SP,是,506.0
ff063b022a9a0aab91bad2c9088760b7,94,12076.5,4.311827956989247,0.0319148936170212,SP,是,507.0
5c243662ce92d84573bfaff24c3e3700,98,32862.02,4.144329896907217,0.0306122448979591,SP,是,508.0
ac3508719a1d8f5b7614b798f70af136,101,12446.14,4.64,0.0297029702970297,RS,是,509.0
aaed1309374718fdd995ee4c58c9dfcd,104,9345.45,4.057692307692308,0.0288461538461538,SC,是,510.0
1127b7f2594683f2510f1c2c834a486b,110,6669.7,4.1909090909090905,0.0272727272727272,SP,是,511.0
17ca9b9e9b9ef8fdb529001b49ebb50f,115,9649.86,4.069565217391304,0.0260869565217391,MG,是,512.0
ce27a3cc3c8cc1ea79d11e561e9bebb6,122,9465.45,4.188034188034188,0.0245901639344262,SP,是,513.0
259f7b5e6e482c230e5bfaa670b6bb8f,136,8393.14,4.355555555555555,0.0220588235294117,SP,是,514.0
b4ffb71f0cb1b1c3d63fad021ecf93e1,143,6635.69,4.248251748251748,0.0209790209790209,SP,是,515.0
6cd68b3ed6d59aaa9fece558ad360c0a,149,11188.57,4.456375838926174,0.0201342281879194,MG,是,516.0
cfe94489ddd337d1e29e12f2a7205d10,20,2376.0,4.3,0.1,SP,是,517.0
d3674f271c91f824f82d24d92011f669,20,1718.3,4.1,0.1,DF,是,518.0
af4a0e4cfe1d9c26b6712b1be25a72e5,21,8757.98,3.4285714285714284,0.0952380952380952,MG,是,519.0
f4db9b37944bcb8873e6b456ee190bbf,21,3409.78,4.571428571428571,0.0952380952380952,SP,是,520.0
1c40343cc5d18c2d8248ac2f3366de34,21,2461.41,4.619047619047619,0.0952380952380952,SP,是,521.0
a5a1bfcf728ab0e19182959cf0771ee4,21,1812.96,4.333333333333333,0.0952380952380952,SP,是,522.0
bc47d5d1490df2b36add65d733eafaba,21,929.8,3.523809523809524,0.0952380952380952,SP,是,523.0
3d5d0dc7073a299e31fa718ce1bc00b6,21,674.8,4.428571428571429,0.0952380952380952,RJ,是,524.0
6b15924333bd1a741595fe981ea04822,21,614.3199999999999,4.666666666666667,0.0952380952380952,SP,是,525.0
503c1de08ae81a2d86f17951b204db55,22,4906.99,4.409090909090909,0.0909090909090909,SP,是,526.0
7f2617c58d5d06806987308b45654351,22,3656.8,3.8181818181818175,0.0909090909090909,SP,是,527.0
55f7a3319d80f7fdf078b8f03e6725fe,22,3013.78,3.772727272727273,0.0909090909090909,SP,是,528.0
fb89df7f89fd1b8f03fa2acca1ba7364,22,2220.0,3.863636363636364,0.0909090909090909,PR,是,529.0
f615fe7efbef0f4f08fd3086bc7a3e60,22,2061.37,4.5,0.0909090909090909,SP,是,530.0
8cc6a0e5738e61a87b03c78b2ba9db4b,23,13272.7,4.478260869565218,0.0869565217391304,MG,是,531.0
244c2f1bff6afe1f2eaf9bfe9b2aed38,23,2580.0,3.782608695652174,0.0869565217391304,SP,是,532.0
157c3e4b42f81ac4a44e8b1ca2fe9876,23,2548.5,3.695652173913044,0.0869565217391304,SP,是,533.0
6a51fc556dab5f766ced6fbc860bc613,24,7217.87,4.0,0.0833333333333333,SP,是,534.0
2e13c71026e1a39ba5cc1b86dcb679aa,24,3793.0,4.375,0.0833333333333333,SP,是,535.0
b83cedfb587e7911540e3f576d6917ce,24,2224.95,4.208333333333333,0.0833333333333333,SP,是,536.0
0afccdb8a34ee5c79f7c06faf2b4d56e,24,1185.6,4.086956521739131,0.0833333333333333,MG,是,537.0
f7496d659ca9fdaf323c0aae84176632,25,4837.67,4.56,0.08,SP,是,538.0
ed4311e67debd72b8610a5347a743087,25,3636.0,4.625,0.08,SP,是,539.0
8090490573c6c0aa343a7231ebcb8c86,26,3871.12,4.1923076923076925,0.0769230769230769,SP,是,540.0
df560393f3a51e74553ab94004ba5c87,26,3429.78,3.8846153846153846,0.0769230769230769,PR,是,541.0
f61c63d13f7cd800549d5acdd390ae72,26,3072.3,4.0,0.0769230769230769,SP,是,542.0
b8555308bfdb4ca1ed54325a58da9a97,26,3047.2000000000003,4.0,0.0769230769230769,SP,是,543.0
ccf8813e5a7d6c84d865cd38bfc2b130,26,2635.5,4.384615384615385,0.0769230769230769,SP,是,544.0
6a8a889bde935bafa76d7848782dfaf9,26,860.8199999999999,4.038461538461538,0.0769230769230769,SP,是,545.0
17306570e772e7718c92a562d33f5f1d,27,8640.0,3.7777777777777777,0.074074074074074,SP,是,546.0
575df70bde3f9f2b30bf8d2e9910d725,27,5410.05,4.074074074074074,0.074074074074074,SP,是,547.0
271c58a1d139c45eaf3316107c6d3a3b,27,3597.63,4.185185185185185,0.074074074074074,SP,是,548.0
e7d5b006eb624f13074497221eb37807,28,3478.93,3.928571428571429,0.0714285714285714,SP,是,549.0
e06f09ec0a4aca210779cf1cfc63cf19,29,5279.49,3.948275862068965,0.0689655172413793,SP,是,550.0
8931a84a914b3fe9b1ddaa4d704947ca,29,4668.3,4.071428571428571,0.0689655172413793,SP,是,551.0
3361277dc30b7cccdb0c286b24219756,29,3905.05,4.344827586206897,0.0689655172413793,PR,是,552.0
8b2492b7ff4468839593fafeed55bad9,29,3660.08,4.172413793103448,0.0689655172413793,RJ,是,553.0
d4e12e7884759a14fa0f5f896c791cae,29,1400.0,4.620689655172414,0.0689655172413793,SP,是,554.0
2a6fbeaa7ab9e5d59a35841a8da71ce4,30,1632.79,3.931034482758621,0.0666666666666666,SC,是,555.0
232a6014e7b10cba61c6c2b2ea6bb4b0,32,3819.97,4.15625,0.0625,SP,是,556.0
65febd49fd28ec955651299159b1f527,33,4136.71,4.454545454545454,0.0606060606060606,SP,是,557.0
240b9776d844d37535668549a396af32,35,13332.09,4.342857142857143,0.0571428571428571,RJ,是,558.0
45ba18c210d42734ec52c0c1c574e9ee,35,5099.44,4.114285714285714,0.0571428571428571,SP,是,559.0
dc8798cbf453b7e0f98745e396cc5616,35,1733.0,3.3714285714285714,0.0571428571428571,SP,是,560.0
63b464dbf392c7b80d12d932fa7cafed,36,6622.0,3.861111111111111,0.0555555555555555,SP,是,561.0
ba90964cff9b9e0e6f32b23b82465f7b,38,44212.5,4.421052631578948,0.0526315789473684,SP,是,562.0
75fbb52eda0cbc24f479d3b2fbfa8d3e,38,1094.19,4.447368421052632,0.0526315789473684,GO,是,563.0
d1b65fc7debc3361ea86b5f14c68d2e2,39,11413.17,4.641025641025641,0.0512820512820512,SP,是,564.0
113e3a788b935f48aad63e1c41dac1bd,39,847.35,4.315789473684211,0.0512820512820512,SP,是,565.0
a2e874074c877c5a05abae80ad6e488f,40,7355.0,4.25,0.05,SP,是,566.0
83deb69e889cf80f82be1dc6d5f2d486,40,5363.01,4.325,0.05,SC,是,567.0
20d83f3ef0e6925fd74bfd59170babf7,40,2903.6,4.4,0.05,SP,是,568.0
1d4587203296c8f4ad134dc286fa6db0,40,2287.5,4.35,0.05,SP,是,569.0
b56906f7fd1696e043f1bcce164c487b,40,2148.49,4.0,0.05,SP,是,570.0
7dc8c42cc750eeafea6c85712ffee9bf,41,6409.68,4.195121951219512,0.048780487804878,SP,是,571.0
e63e8bfa530fb16910dd6956e592bb81,41,1282.8,4.317073170731708,0.048780487804878,SP,是,572.0
31344c16881c08a8a72c6d2eb29918c1,42,9365.8,4.428571428571429,0.0476190476190476,MG,是,573.0
e0a366315b1b726b6c7832d664c0f530,43,7400.09,4.3023255813953485,0.0465116279069767,SP,是,574.0
b39d7fe263ef469605dbb32608aee0af,43,5063.2,3.928571428571429,0.0465116279069767,SP,是,575.0
cd06602b43d8800bd0afad514919d35c,43,2555.31,3.744186046511628,0.0465116279069767,SP,是,576.0
b32be1695eb7ec5f10f72d9610a12527,44,26575.0,4.1395348837209305,0.0454545454545454,RS,是,577.0
c66dccfb3f109511246da627dd5a2498,44,12182.55,4.568181818181818,0.0454545454545454,SP,是,578.0
f789d2c4f2c2eb38fc4373e7a4b35264,44,4864.24,4.159090909090909,0.0454545454545454,MG,是,579.0
abcd2cb37d46c2c8fb1bf071c859fc5b,44,4817.32,4.318181818181818,0.0454545454545454,MT,是,580.0
afe0067131b73e40875c9b6c10bd2e21,45,5040.5,4.2727272727272725,0.0444444444444444,MG,是,581.0
6b90f847357d8981edd79a1eb1bf0acb,45,3322.08,4.355555555555555,0.0444444444444444,SP,是,582.0
870d0118f7a9d85960f29ad89d5d989a,45,3157.2,4.044444444444444,0.0444444444444444,MG,是,583.0
381c83fdca332ea6afd896da20bf6e4a,46,7355.8,4.391304347826087,0.0434782608695652,PR,是,584.0
138dbe45fc62f1e244378131a6801526,49,1125.56,4.081632653061225,0.0408163265306122,SP,是,585.0
25cf099de44674fde97473224f9d59ab,50,1654.36,4.326530612244898,0.04,SP,是,586.0
6c177e38df6d3f34182b1f1d427231bf,53,8112.89,4.150943396226415,0.0377358490566037,PR,是,587.0
750303a20e9c56b2a6bc45cdce0b897d,53,7876.0,4.30188679245283,0.0377358490566037,GO,是,588.0
062ce95fa2ad4dfaedfc79260130565f,54,7479.1,4.092592592592593,0.037037037037037,RS,是,589.0
376a891762bbdecbc02b4b6adec3fdda,57,6406.23,4.666666666666667,0.0350877192982456,GO,是,590.0
c864036feaab8c1659f65ea4faebe1da,58,10454.2,4.568965517241379,0.0344827586206896,PR,是,591.0
c6bda72e4dbf5c5866b13cb1810c6d03,59,14059.38,4.398305084745763,0.0338983050847457,SP,是,592.0
fcb5ace8bcc92f75707dc0f01a27d269,59,8009.35,3.9827586206896552,0.0338983050847457,SP,是,593.0
91f848e9f4be368f4318775aac733370,60,5668.61,4.396551724137931,0.0333333333333333,SP,是,594.0
709e16e2b25c7474d980076c6bfc4806,60,5151.9,4.516666666666667,0.0333333333333333,SP,是,595.0
d57e18d5f73c7ccb7f7339b61166898d,61,3187.7,4.426229508196721,0.0327868852459016,SP,是,596.0
b92e3c8f9738272ff7c59e111e108d7c,62,8231.09,4.161290322580645,0.032258064516129,MG,是,597.0
520b493b57809f446cb0a233bb3e25c7,63,3698.9,4.2936507936507935,0.0317460317460317,SP,是,598.0
76d64c4aca3a7baf218bf93ef7fa768d,64,16911.8,4.2265625,0.03125,PR,是,599.0
d566c37fa119d5e66c4e9052e83ee4ea,65,5145.7,4.6875,0.0307692307692307,SP,是,600.0
48162d548f5b1b11b9d29d1e01f75a61,66,20109.39,3.984848484848485,0.0303030303030303,SP,是,601.0
066a6914e1ebf3ea95a216c73a986b91,66,8956.380000000001,4.090909090909091,0.0303030303030303,PR,是,602.0
966cb4760537b1404caedd472cc610a5,67,45928.26,4.119402985074627,0.0298507462686567,SP,是,603.0
9646c3513289980f17226a2fc4720dbd,69,2964.4,4.449275362318841,0.0289855072463768,SP,是,604.0
30a2f535bb48308f991d0b9ad4a8c4bb,71,4731.3,4.28169014084507,0.028169014084507,SP,是,605.0
080199a181c46c657dc5aa235411be3b,79,14504.2,4.615384615384615,0.0253164556962025,SP,是,606.0
8bb48dc19fccaa8613b6229bf7f452a2,82,4190.72,4.414634146341464,0.024390243902439,SP,是,607.0
609e1a9a6c2539919b8205cf7c4e6ff0,87,6595.23,3.8117647058823527,0.0229885057471264,SC,是,608.0
06e5eefc71ec47ae763c5c6f8db7064f,90,21648.67,3.977272727272727,0.0222222222222222,RS,是,609.0
33a6f4b1e7cdc205511e76ba1b6e0186,105,10295.01,4.40952380952381,0.019047619047619,SP,是,610.0
612170e34b97004b3ba37eae81836b4c,107,23065.02,4.429906542056075,0.0186915887850467,RS,是,611.0
289cdb325fb7e7f891c38608bf9e0962,109,13410.55,4.587155963302752,0.018348623853211,SP,是,612.0
6c7d50c24b3ccd2fd83b44d8bb34e073,112,8445.960000000001,4.45045045045045,0.0178571428571428,SP,是,613.0
229c3efbfb0ea2058de4ccdfbc3d784a,118,15479.0,3.623931623931624,0.0169491525423728,MG,是,614.0
12b9676b00f60f3b700e83af21824c0e,133,26376.0,4.537878787878788,0.0150375939849624,RS,是,615.0
1fe5540d7c1c37a595fefbacd5570d9e,20,4537.6,4.3,0.05,RJ,是,616.0
6288c69c4ce638e59925e59193f98b16,20,4196.8,4.25,0.05,SP,是,617.0
82bd0703a4aefd6b599e5bfdaed378fb,20,2394.28,4.0,0.05,SP,是,618.0
542917da124346b47ea1ac79a93ce454,20,1303.9,4.15,0.05,PR,是,619.0
808d4348b916efa08e766ebad39f61eb,20,712.95,4.6,0.05,SP,是,620.0
9596c870880d900012f2e8e6e30d06d7,21,7625.35,4.285714285714286,0.0476190476190476,MG,是,621.0
412a4720f3e9431b4afa1476a1acddbe,21,2058.1,4.238095238095238,0.0476190476190476,SP,是,622.0
af3ef48d0e13835e529c29ac573c63e5,21,1405.63,3.761904761904762,0.0476190476190476,SP,是,623.0
7c5b05cbdb5542049f38d90d7815b97d,21,993.97,4.523809523809524,0.0476190476190476,SP,是,624.0
2b1a40c1daabc6ca280c4b815c101841,22,12342.6,3.8181818181818175,0.0454545454545454,MG,是,625.0
5670f4db5b62c43d542e1b2d56b0cf7c,22,6630.09,4.409090909090909,0.0454545454545454,SP,是,626.0
f0837c8d71434931d9e38e7b79234797,22,3446.9,4.590909090909091,0.0454545454545454,RS,是,627.0
730937bf88cb151eb2eb849f642fc213,22,2821.2,4.409090909090909,0.0454545454545454,SP,是,628.0
df56d7b40d437f88407c5f78b63bc328,22,2791.28,4.090909090909091,0.0454545454545454,PR,是,629.0
093805f8f2aeb63881444571e1f48f30,22,1215.79,4.181818181818182,0.0454545454545454,SP,是,630.0
8fdca8e349553f99bc738833a62c8802,22,989.34,4.190476190476191,0.0454545454545454,SP,是,631.0
4200ddf1967c5e41e48db62bc6d4b5ac,22,734.8,4.2631578947368425,0.0454545454545454,SP,是,632.0
0d33a55da925bbf1ff02af5f6059fc7f,22,547.3,4.454545454545454,0.0454545454545454,SP,是,633.0
d624126b9206f595fb3fbb6ba03b28a8,23,7198.8,4.318181818181818,0.0434782608695652,PR,是,634.0
4b5f66b7adcf57f1ecc0d3c07dd6b177,23,6381.78,4.090909090909091,0.0434782608695652,PR,是,635.0
6426d21aca402a131fc0a5d0960a3c90,23,1209.64,4.173913043478261,0.0434782608695652,SP,是,636.0
10076e5788b8ee532724bcd460baf762,23,821.48,4.565217391304348,0.0434782608695652,SP,是,637.0
a3f0b55de503387383c7b1de3ad7f678,24,4348.400000000001,4.416666666666667,0.0416666666666666,PR,是,638.0
2199e7fe213c16213bf5d6a7eadc9a5d,24,3767.29,4.375,0.0416666666666666,SP,是,639.0
a938325a4b357fd23a6a4d5bb126408e,24,3231.0,3.8333333333333335,0.0416666666666666,RJ,是,640.0
cea729054f157f5870bdd321a958d994,24,2482.1,4.125,0.0416666666666666,SP,是,641.0
4bfc7a4a1cf8d4d2121c27422d9e50b5,26,8124.4,4.538461538461538,0.0384615384615384,SP,是,642.0
e883aa812c37a7413226856f4579fe91,26,4097.1,4.153846153846154,0.0384615384615384,SP,是,643.0
5b67882648febfb6e1225e6ad7164f6b,27,6813.4800000000005,4.0,0.037037037037037,PR,是,644.0
cc3d14116804f7209f3884f6367f1152,27,5477.8,4.62962962962963,0.037037037037037,PR,是,645.0
5f5b43b2bffa8656e4bc6efeb13cc649,27,3677.2,4.407407407407407,0.037037037037037,SP,是,646.0
38e679b9e0064cd94c6f035707344dae,27,3644.15,4.115384615384615,0.037037037037037,PR,是,647.0
0885aaf116795758dfeb5f1032487bcd,27,2573.1000000000004,4.25925925925926,0.037037037037037,SP,是,648.0
cac876b37d3abcd6bd76caca30277996,27,2229.77,4.461538461538462,0.037037037037037,PR,是,649.0
95ec4458365c4d11f452ccf538377619,27,1866.76,4.615384615384615,0.037037037037037,SP,是,650.0
ffc470761de7d0232558ba5e786e57b7,27,1529.13,4.444444444444445,0.037037037037037,SP,是,651.0
6061155addc1e54b4cfb51c1c2a32ad8,28,15633.4,4.642857142857143,0.0357142857142857,SP,是,652.0
817245bcc3badd82bbd222e0366951a6,28,5345.6,4.111111111111111,0.0357142857142857,SP,是,653.0
d379f449f2a3b271bc01c0782020f705,28,4423.06,3.892857142857143,0.0357142857142857,MG,是,654.0
1771297ac436903d1dd6b0e9279aa505,28,2881.27,4.62962962962963,0.0357142857142857,SP,是,655.0
4bf2f4ee540798a61f9636d12cd9cc80,29,4995.56,4.137931034482759,0.0344827586206896,SP,是,656.0
1b938a7ec6ac5061a66a3766e0e75f90,29,3859.8,4.413793103448276,0.0344827586206896,SP,是,657.0
0bb738e4d789e63e2267697c42d35a2d,29,2308.4,4.655172413793103,0.0344827586206896,SP,是,658.0
1464afc72f696af775557a821c2e253f,29,1059.36,4.241379310344827,0.0344827586206896,RJ,是,659.0
4ebdc7e6cd6102a022dadc49156d4ea8,29,928.7,3.793103448275862,0.0344827586206896,SP,是,660.0
3c487ae8f8d7542beff5788e2e0aea83,30,9385.7,4.2,0.0333333333333333,DF,是,661.0
02f5837340d7eb4f653d676c7256523a,30,3883.05,4.833333333333333,0.0333333333333333,PR,是,662.0
c8b3445d737de6befde0c88ede534a5e,30,3149.04,4.433333333333334,0.0333333333333333,SP,是,663.0
974cf2cb8f4b7add98709c30df02fe10,30,2694.7,4.166666666666667,0.0333333333333333,SP,是,664.0
b335c59ab742f751a85db9c411a86739,30,2494.11,4.033333333333333,0.0333333333333333,MG,是,665.0
72c5da29406b4234927b81855e7b64f6,31,11798.69,4.129032258064516,0.032258064516129,SP,是,666.0
4917cee8d902e13428c3ec4b1ca6f315,31,5103.9,4.161290322580645,0.032258064516129,SC,是,667.0
f00e21b1e91a79653163b7fd8f293ff1,31,3900.09,4.1,0.032258064516129,SP,是,668.0
5d3bb11474a06bdc23fb9e89f1164ee0,31,3654.6,3.903225806451613,0.032258064516129,SP,是,669.0
33576ec5412fb5905d876f12f33bfde6,31,2718.0,4.096774193548387,0.032258064516129,PR,是,670.0
01fd077212124329bac32490e8ef80d9,31,1208.0,4.161290322580645,0.032258064516129,SP,是,671.0
4e06067cc08b3f41d837768d392c3ee3,31,941.72,4.129032258064516,0.032258064516129,MG,是,672.0
18e694e0e48ed6f7aa3f24aade5fd697,31,701.54,4.67741935483871,0.032258064516129,SP,是,673.0
ed4acab38528488b65a9a9c603ff024a,32,12759.45,3.71875,0.03125,SP,是,674.0
ea67327e24487bdfac5fbfa37ea124df,32,6250.18,3.53125,0.03125,SP,是,675.0
fad44952713764836814be105382aee5,32,5129.0,4.28125,0.03125,RJ,是,676.0
3c4e0452bff7a2a788179488d3d77032,32,3746.4,3.838709677419355,0.03125,PR,是,677.0
6481e96574816ead57975da2c0f6d80d,32,3324.9,4.1875,0.03125,SP,是,678.0
b839e41795b7f3ad94cc2014a52f6796,33,42829.0,4.090909090909091,0.0303030303030303,SP,是,679.0
dfc5fb7259bb2b599ca565e6e9448f0f,33,6124.63,4.121212121212121,0.0303030303030303,SP,是,680.0
8bd0f31cf0a614c658f6763bd02dea69,33,4455.34,4.28125,0.0303030303030303,SP,是,681.0
cc5a78bbad32776dc4e3af205218368c,33,4269.18,4.454545454545454,0.0303030303030303,MG,是,682.0
5160d23075764e18e07c1f4a87fad743,33,2359.0,4.363636363636363,0.0303030303030303,SP,是,683.0
42bde9fef835393bb8a8849cb6b7f245,34,7574.0,4.352941176470588,0.0294117647058823,DF,是,684.0
a3dd39f583bc80bd8c5901c95878921e,34,4607.81,4.588235294117647,0.0294117647058823,BA,是,685.0
bf3c6d2a28b2b5501e6c15448982dcc9,35,3956.5,4.6,0.0285714285714285,SP,是,686.0
fde0cc9ea29c8ccfc0a2c22256a58c71,35,3922.0,4.485714285714286,0.0285714285714285,PR,是,687.0
66dc1b1632bd6a3e508510c5b3492107,36,3542.19,3.638888888888889,0.0277777777777777,SP,是,688.0
31561f325664a8a7aba4c8d0c3a9b3db,36,2702.19,4.638888888888889,0.0277777777777777,SP,是,689.0
3586b8580d9c917874e053a1bb37b5ff,36,1524.6999999999998,4.416666666666667,0.0277777777777777,SP,是,690.0
96804ea39d96eb908e7c3afdb671bb9e,37,3530.75,4.135135135135135,0.027027027027027,MG,是,691.0
594f9aaa48e5bf431f011ddc5669b0d5,37,3248.8,4.594594594594595,0.027027027027027,MG,是,692.0
bacb1f0ed56ad24198f5810d2b3fe9a5,38,6078.05,4.324324324324325,0.0263157894736842,SP,是,693.0
d66c305afaec317ebee552073a674429,38,4126.59,4.473684210526316,0.0263157894736842,MG,是,694.0
5a93f3ab0ef4c84ed5e1b5dbf23978bc,38,2299.28,4.789473684210527,0.0263157894736842,SP,是,695.0
7f7b8245c336066a1f9933c359f11d77,38,2094.36,4.552631578947368,0.0263157894736842,SP,是,696.0
d23019c84ffae2d5ef2270367b8605fc,39,29205.1,4.410256410256411,0.0256410256410256,PR,是,697.0
9add47bf45ce8e8c7db6b9cf670b1e09,41,4606.4400000000005,4.225,0.024390243902439,PR,是,698.0
b410bdd36d5db7a65dcd42b7ead933b8,42,7368.9,4.809523809523809,0.0238095238095238,GO,是,699.0
3d8fa2f5b647373c8620330c4e077a9f,42,3501.74,4.2317073170731705,0.0238095238095238,SP,是,700.0
33a17d60c64393351ebf1ef860f4e0f2,43,8152.48,4.627906976744186,0.0232558139534883,RS,是,701.0
3f995f07c49d0d55a99d5c54957f7d81,43,3955.7,4.209302325581396,0.0232558139534883,SP,是,702.0
58f1a6197ed863543e0136bdedb3fce2,44,6833.0,4.181818181818182,0.0227272727272727,MG,是,703.0
b8bc237ba3788b23da09c0f1f3a3288c,45,13685.71,4.318181818181818,0.0222222222222222,SC,是,704.0
f680f85bee2d253556ac91be391d2c82,45,5183.92,4.333333333333333,0.0222222222222222,SP,是,705.0
c68fb906c8f4b4b946d8386bfa6e5467,45,4541.16,4.5227272727272725,0.0222222222222222,SP,是,706.0
bccf933e006e9b94a6184af782963e77,45,4162.74,4.5227272727272725,0.0222222222222222,SP,是,707.0
2a5b78b41cd05baeac8df54c6606b92c,46,15554.28,4.543478260869565,0.0217391304347826,MG,是,708.0
83e197e95a1bbabc8c75e883ed016c47,46,6574.1900000000005,4.804347826086956,0.0217391304347826,RJ,是,709.0
efcd8d2104f1a05d028af7bad20d974b,46,2384.79,4.195652173913044,0.0217391304347826,SP,是,710.0
0691148aee60ca47977c187804f935ae,47,5868.51,4.180851063829787,0.0212765957446808,PR,是,711.0
4c03b9dd4c11ee2cb35c96c49efc9420,48,6458.6,4.1063829787234045,0.0208333333333333,SP,是,712.0
0ef83d7d83ed97cd2a0049ac8be5f88a,48,4421.01,4.148936170212766,0.0208333333333333,PR,是,713.0
b1a81260566c1bac3114a6d124413f27,51,8684.69,4.2745098039215685,0.0196078431372549,RS,是,714.0
751bdc4d83a466c7206cd42e8f426b03,51,6520.96,3.938775510204082,0.0196078431372549,SP,是,715.0
a5cba26a62b8b4d0145b68b841e62e7f,53,14438.84,4.566037735849057,0.0188679245283018,PR,是,716.0
2dee2ce60de9709b1a24083217181a1f,54,7784.5,4.425925925925926,0.0185185185185185,MT,是,717.0
1b8356dabde1d35e17cef975c3f82730,55,3366.4,4.218181818181818,0.0181818181818181,SP,是,718.0
582d4f8675b945722eda7c0cb61ba4c7,59,4702.96,4.152542372881356,0.0169491525423728,SP,是,719.0
8ae520247981aa06bc94abddf5f46d34,65,16320.99,4.446153846153846,0.0153846153846153,SC,是,720.0
9d5a9018aee56acb367ba9c3f05d1d6a,66,10119.98,4.454545454545454,0.0151515151515151,GO,是,721.0
cb8bcce248bb1fb274ba762d8b971456,66,9152.4,4.333333333333333,0.0151515151515151,MG,是,722.0
822166ed1e47908f7cfb49946d03c726,69,3714.83,3.985294117647059,0.0144927536231884,RJ,是,723.0
d12c926d74ceff0a90a21184466ce161,76,3850.28,4.355263157894737,0.0131578947368421,SP,是,724.0
d921b68bf747894be13a97ae52b0f386,77,15645.8,4.558441558441558,0.0129870129870129,MG,是,725.0
744dac408745240a2c2528fb1b6028f3,78,22322.6,4.576923076923077,0.0128205128205128,PR,是,726.0
0df3984f9dfb3d49ac6366acbd3bbb85,86,9891.49,4.383720930232558,0.0116279069767441,MG,是,727.0
725c32fa80c2faacc4fc88450d27314e,89,7838.88,4.517241379310345,0.0112359550561797,SP,是,728.0
530ec6109d11eaaf87999465c6afee01,94,12682.11,4.340425531914893,0.0106382978723404,PR,是,729.0
8c16d1f32a54d92897cc437244442e1b,108,5642.6,4.355140186915888,0.0092592592592592,SC,是,730.0
0bae85eb84b9fb3bd773911e89288d54,136,7433.559999999999,4.294117647058823,0.0073529411764705,SP,是,731.0
e882b2a25a10b9c057cc49695f222c19,57,51057.54,4.578947368421052,0.0,RJ,是,732.0
2b3e4a2a3ea8e01938cabda2a3e5cc79,52,23629.15,4.365384615384615,0.0,SP,是,733.0
c72de06d72748d1a0dfb2125be43ba63,21,17522.0,4.476190476190476,0.0,BA,是,734.0
f9244d45189d3a3605499abddeade7d5,20,15081.44,4.35,0.0,SP,是,735.0
34d1ca11b242c0fee2c834ae8d788566,40,13422.24,4.333333333333333,0.0,MG,是,736.0
b372ee768ed69e46ca8cdbd267aa7a38,63,12630.0,4.436507936507937,0.0,SP,是,737.0
f3b80352b986ab4d1057a4b724be19d0,86,9815.1,4.209302325581396,0.0,DF,是,738.0
3bb548e3cb7f70f28e3f11ee9dce0e59,46,7690.02,4.195652173913044,0.0,PR,是,739.0
73a63f72308aa20a46f4b1632018f196,27,7640.8,4.1923076923076925,0.0,PR,是,740.0
b347677812ea483b0f528eaf8cbc09b7,21,7288.99,4.523809523809524,0.0,PR,是,741.0
cc63f0dd2acba93ffed4fe9f8e0321fa,55,7096.71,4.090909090909091,0.0,SP,是,742.0
679769a98cfcc6da877c8486ff1c13f3,21,7029.0,4.571428571428571,0.0,MG,是,743.0
40d54b51e962dbe09cabbcfd33298dee,30,6785.56,4.0,0.0,SP,是,744.0
fa1a9dec3a9940c072684a46728bf1fc,55,6674.0,4.111111111111111,0.0,SC,是,745.0
57e632711dec9ec14ca7546769483e7e,62,6350.06,4.419354838709677,0.0,SC,是,746.0
bd4889b5e9133b35b66e42a8665cea5c,36,6271.9,4.4,0.0,SP,是,747.0
9baf5cb77970f539089d09a38bcec5c3,31,5989.68,4.419354838709677,0.0,SP,是,748.0
bba74270a87732727b5a3b4fd9ac1c39,35,5964.6,4.057142857142857,0.0,MG,是,749.0
9616352088dcf83a7c06637f4ebf1c80,91,5643.099999999999,4.34065934065934,0.0,PR,是,750.0
94e93ce877be27a515118dbfd2c2be41,29,5436.58,4.035714285714286,0.0,SP,是,751.0
916c9de0b5ad957346eeeb12f332687e,22,5336.5,4.545454545454546,0.0,PR,是,752.0
02ecc2a19303f05e59ce133fd923fff7,21,5264.1900000000005,4.619047619047619,0.0,SP,是,753.0
5bffbafbb22daf6d3bfc216a46db8708,21,5239.7,4.761904761904762,0.0,RJ,是,754.0
f67efa3f0b6761102a7f8c6b7b571f5d,31,5188.68,4.483870967741935,0.0,PR,是,755.0
acce39e832338debb07b02385cde5967,44,4748.1,4.477272727272728,0.0,MG,是,756.0
55d3daac7c404d59e51c2aa2f4dc5a23,21,4480.6,4.095238095238095,0.0,SP,是,757.0
b90e891671cffd9557f33a97dc523645,34,4449.0,4.323529411764706,0.0,PR,是,758.0
fc906263ca5083d09dce42fe02247800,112,4417.9,4.392857142857143,0.0,MG,是,759.0
eed78ac17f7f795a19a709745f00cd4e,22,4349.5,3.772727272727273,0.0,SP,是,760.0
81f89e42267213cb94da7ddc301651da,46,3955.0,3.6739130434782608,0.0,SP,是,761.0
79ed755314cfe6df0daef2c6cd3022cd,23,3907.5,4.727272727272728,0.0,SP,是,762.0
42fa4ee7240e9b8eb4576358ec142ba7,22,3845.7,4.809523809523809,0.0,RS,是,763.0
c731d18cea9bf687ffee82a241c25b11,24,3662.0,4.217391304347826,0.0,SC,是,764.0
33ac3e28642ab8bda860a2f693000e78,34,3661.03,4.205882352941177,0.0,SP,是,765.0
e49c26c3edfa46d227d5121a6b6e4d37,34,3624.35,4.5588235294117645,0.0,PE,是,766.0
960945e1a9535cbc0cd6ddd35fbe7ae8,28,3381.73,4.642857142857143,0.0,SP,是,767.0
e48b04bf1aa1ef711caebeb7aede6180,25,3187.1000000000004,4.48,0.0,PR,是,768.0
aae3bfea055532c57fb453ed3ec80b30,48,3057.92,3.595744680851064,0.0,SP,是,769.0
0ebd97a106433a45a4aebe57c1799778,31,3046.8,4.483870967741935,0.0,MG,是,770.0
4da0e408c99d2fdc2126dc9fce518060,44,3026.0,4.409090909090909,0.0,PR,是,771.0
b1ac6ea7895bc3dd6f0f6f4abbdd2821,38,2962.0,4.526315789473684,0.0,RS,是,772.0
bd697db56ff8e7c9cd1abeb7f72029b2,21,2869.79,4.333333333333333,0.0,SP,是,773.0
5cbbd5a299cab112b7bf23862255e43e,36,2726.06,4.277777777777778,0.0,PR,是,774.0
8ab42aa58097fd4668d60cc648225d5f,20,2616.75,4.2,0.0,GO,是,775.0
3504c0cb71d7fa48d967e0e4c94d59d9,53,2349.94,4.415094339622642,0.0,SP,是,776.0
6338ea67c41078a46ad99cc009654956,37,2286.09,4.6,0.0,RS,是,777.0
14a08204d03bb6b6bde8029f801ae0eb,28,2185.4,3.892857142857143,0.0,SP,是,778.0
e9511df20ccd82658a30c37b7fb343af,22,2096.6,4.318181818181818,0.0,SP,是,779.0
bf100ecb7997df312b285358fb32f92c,20,1991.9,4.444444444444445,0.0,PR,是,780.0
f41ce2e25237f9092cd8e6e7516c7a2f,26,1961.9,4.423076923076923,0.0,SP,是,781.0
6df688df543f90e9b38f4319e75a9d88,39,1891.76,4.564102564102564,0.0,MG,是,782.0
5debea795b07621e1f90532e18f96145,25,1883.78,4.36,0.0,PR,是,783.0
272f092de69afedd4d2969440b37f18f,25,1846.33,3.9375,0.0,SP,是,784.0
7ade73f1b9b4e965f9009a4c3a7e2c15,26,1835.3,4.769230769230769,0.0,SP,是,785.0
3481aa57cd91f9f9d3fa1fa12d9a3bf7,25,1773.03,3.88,0.0,SP,是,786.0
b2a6d334e2833acea353624840e25a0e,25,1650.98,4.48,0.0,SP,是,787.0
013900e863eace745d3ec7614cab5b1a,23,1619.7,4.695652173913044,0.0,PR,是,788.0
845e8036c3f7bf62099352f5ed910240,21,1584.6,3.952380952380953,0.0,RJ,是,789.0
3785b653b1b82de85ab47dd139938091,21,1552.0,4.714285714285714,0.0,PR,是,790.0
42ef3192a9ff87a22d1867b74b3ee205,23,1354.09,4.652173913043479,0.0,SP,是,791.0
7e26c750b4cb9f6766f58265ff9ebe95,23,1344.3,4.434782608695652,0.0,MG,是,792.0
718539d38d07dd351c76db862760e2e2,35,1273.01,4.628571428571429,0.0,SP,是,793.0
671585f5a2af58b6e276bc01003c0d2b,27,1244.0,4.703703703703703,0.0,PR,是,794.0
52f9db5cfb423382a2fa5c9e39303202,21,1218.78,4.285714285714286,0.0,SP,是,795.0
d8c7ba53e7e38711eaef8c2849d6d2e1,22,1190.87,4.5,0.0,PR,是,796.0
325f3178fb58e2a9778334621eecdbf9,36,981.7,4.444444444444445,0.0,SP,是,797.0
bf00385a5f7fc1ef39a13c2e9ee50a5f,28,855.4,4.428571428571429,0.0,SP,是,798.0
41c2bad7229b0c25e6becf179ebf63ff,20,782.0,4.95,0.0,RN,是,799.0
e21a1e8be4715b0fcfd5385643bc49c4,20,673.6999999999999,3.7,0.0,SC,是,800.0
e6a69c4a27dfdd98ffe5aa757ad744bc,21,508.51,4.285714285714286,0.0,SP,是,801.0
916748bc99315c2d202898ae58b1617e,25,369.4,4.28,0.0,SP,是,802.0
48efc9d94a9834137efd9ea76b065a38,33,345.6,5.0,0.0,PR,是,803.0
5c853bb56f70f4d14218944bae111d7a,23,263.13,4.0,0.0,SP,是,804.0
59417c56835dd8e2e72f91f809cd4092,18,36459.0,4.277777777777778,0.0,SP,否,
b37c4c02bda3161a7546a4e6d222d5b2,4,24075.0,2.25,0.25,SP,否,
40db9e9aa57f7bb151bcda6b0f9bdbb7,12,23168.0,2.363636363636364,0.0833333333333333,PE,否,
b1b3948701c5c72445495bd161b83a4c,14,21519.5,1.9285714285714288,0.6428571428571429,SP,否,
c3acdfac4e3e97ff87529454fbc03642,12,16788.0,4.25,0.0833333333333333,SP,否,
e2a1ac9bf33e5549a2a4f834e70df2f8,5,14999.45,4.8,0.0,SP,否,
f08a5b9dd6767129688d001acafc21e5,11,14069.63,4.2727272727272725,0.1818181818181818,RS,否,
a6bd7d1ccdac48c6b33b28596b7eb122,15,13669.11,3.5,0.1333333333333333,PB,否,
610f72e407cdd7caaa2f8167b0163fd8,16,13585.16,3.625,0.125,SP,否,
039e6ad9dae79614493083e241147386,5,12925.0,4.0,0.2,SP,否,
ad97a199236354e53fcd91a5a913e9a2,16,12446.85,4.5,0.125,SC,否,
fbc14c0cf93505ef89f64665ffa4a7b5,18,12227.82,4.176470588235294,0.0555555555555555,SP,否,
87b740daf17b5d1be335a64164ec6842,11,12099.89,3.727272727272727,0.0909090909090909,SP,否,
8b8cfc8305aa441e4239358c9f6f2485,15,11892.0,4.2,0.1333333333333333,PR,否,
bba3293d6f5d5af2f415e004e8b93ae3,17,11702.1,4.294117647058823,0.0588235294117647,SP,否,
c4d51195486dc781531876a7d00453d8,17,11468.98,3.941176470588236,0.2941176470588235,SP,否,
b4f8921fcc4ff77b66bea6dda43dcd51,18,11395.05,4.555555555555555,0.0555555555555555,RS,否,
5d378b73ab7dd6f0418d743e5dcb0bd1,6,11254.0,3.8333333333333335,0.1666666666666666,SP,否,
ccb83a794700270fde70898fe9ff368b,12,11062.0,4.333333333333333,0.1666666666666666,SC,否,
1c5e4e49b9079480255b49d50aac1aa9,12,10173.11,4.333333333333333,0.0,SP,否,
c510bc1718f0f2961eaa42a23330681a,12,10141.0,4.25,0.0,SP,否,
5882820ef11c4c068eea0677a7a879b4,14,9925.5,4.153846153846154,0.0714285714285714,RS,否,
06532f10282704ef4c69168b914b77be,7,9827.95,4.714285714285714,0.0,PR,否,
cf8ab1616079e2793aa29d524df01bb1,6,9594.0,2.5,0.1666666666666666,SP,否,
a00824eb9093d40e589b940ec45c4eb0,3,9399.97,4.666666666666667,0.0,SP,否,
05feb94f19d094d4b0f9281f0b1d4c99,6,9353.0,4.5,0.0,SP,否,
270297ead4c65a6cd2593960d2af6b21,17,9344.4,3.823529411764706,0.0,SP,否,
6c12e40690c335dbc2f68a4134d30dc1,16,9139.2,4.071428571428571,0.0,PR,否,
403aa86912527d730337ffcb0fb096ab,11,8959.89,4.0,0.0,MG,否,
d03698c2efd04a549382afa6623e27fb,18,8865.47,4.5,0.0555555555555555,BA,否,
397c4d0c005b6f41f90098ac724e28cb,5,8177.0,4.4,0.4,SP,否,
67883baaae6134ee81b271a542613728,19,8167.9,4.105263157894737,0.1578947368421052,SP,否,
86bb7c4b535e49a541baf3266b1c95b1,16,8162.4,3.2,0.1875,SP,否,
52d76513f0c4d97f3b99570e2c94ee31,19,8153.099999999999,4.055555555555555,0.0526315789473684,RS,否,
784ba75dd9d20200c4caed3d7a77141a,19,8142.33,4.131578947368421,0.1052631578947368,SP,否,
8fb791022c1fc8909664f48ab7dc636d,5,8119.95,4.2,0.0,SP,否,
6bd69102ab48df500790a8cecfc285c2,5,8070.0,3.0,0.2,SP,否,
bbf9ad41dca6603e614efcdad7aab8c4,14,7846.0,4.5,0.0,CE,否,
8476243f92442881ddd5b578975cf115,12,7838.0,4.083333333333333,0.0833333333333333,RS,否,
7bac63f6603d382cc8d0832eb6c100a8,19,7751.95,4.0,0.1578947368421052,SP,否,
257e61d3251fb5efb9daadddbc2cf7ca,12,7729.0,4.75,0.0,PR,否,
52f976b17ea7f2f087f56dcc419328f6,6,7630.0,3.6666666666666665,0.0,PR,否,
c26a2be5b53b7db6b276280da212a779,13,7482.0,3.3846153846153846,0.0,RJ,否,
512d298ac2a96d1931b6bd30aa21f61d,11,7401.94,4.2727272727272725,0.0,RJ,否,
d51e0a403fe2e689ece6c73359d96e12,18,7380.0,4.222222222222222,0.1111111111111111,SP,否,
f25e239052084705e17a982bc600ab2a,8,7380.0,4.25,0.0,SP,否,
961dff0a659b4561334372337dd897d9,3,7297.0,4.666666666666667,0.6666666666666666,RJ,否,
0873d9f8f36123f8d910f4760e788cfb,6,7265.59,3.1666666666666665,0.5,SP,否,
ade45994b717ccee333492330fbf037b,10,7196.0,4.5,0.0,PR,否,
54065e9aef7e9e9c2dc23b7594db021a,12,7079.0,4.333333333333333,0.0,RJ,否,
87e24fc7052259b1f7f607d61c10d8be,7,7073.59,3.857142857142857,0.1428571428571428,SP,否,
014c0679dd340a0e338872e7ec85666a,14,7058.0,3.857142857142857,0.1428571428571428,MG,否,
f1fd5ab1181f827ffad998c1a5de7d74,15,7045.99,4.666666666666667,0.0,PR,否,
6fa9202c10491e472dffd59a3e82b2a3,3,7014.24,4.333333333333333,0.0,SP,否,
b8630e1121437d41cb08e3c749c2c2e2,12,6988.0,4.333333333333333,0.1666666666666666,RJ,否,
30829ded4523ab9224b93bc49a62c95f,18,6911.71,3.7777777777777777,0.0555555555555555,RS,否,
b3b17aab11f273023a5f22ca52e1eb70,7,6850.0,4.857142857142857,0.1428571428571428,PR,否,
33dd941c27854f7625b968cc6195a552,5,6787.5,4.4,0.0,ES,否,
54219883e72aad869adfb2a54b7bfa0f,5,6750.0,3.2,0.0,SP,否,
e3b4998c7a498169dc7bce44e6bb6277,1,6735.0,5.0,0.0,SP,否,
455c5640e8c5bd1b2ee85c0158f85727,8,6729.5,4.5,0.0,SC,否,
80ceebb4ee9b31afb6c6a916a574a1e2,1,6729.0,,1.0,PR,否,
abe021b01ba992245271b9aa422032df,2,6720.0,3.5,0.0,PR,否,
31ae0774c17fabd06ff707cc5bde005f,11,6719.85,4.0,0.0909090909090909,SP,否,
33c51922b6e3c16b24a8f28e5833c99d,18,6657.87,4.235294117647059,0.0555555555555555,PR,否,
ee27a8f15b1dded4d213a468ba4eb391,1,6499.0,5.0,0.0,GO,否,
dbdd0ec73a4817971d962698f2fea022,16,6384.0,4.375,0.0625,CE,否,
ff4ea69c2a729e83e63c7579e4ef8170,8,6368.0,5.0,0.0,SP,否,
989becdce12ebc39863c2bceab6f3ca1,15,6302.9,4.8,0.1333333333333333,PR,否,
2528744c5ef5d955adc318720a94d2e7,5,6245.0,2.4,0.0,SP,否,
eb3071b9f0b0ddaa2df5ea130f09f26b,9,6230.0,4.555555555555555,0.1111111111111111,SP,否,
d6b664fa0667064c6d76394e7848d790,6,6080.0,4.833333333333333,0.1666666666666666,SP,否,
f4c4daa86e30c7e5a553a8d518ac03a5,18,5984.31,4.0,0.0555555555555555,PR,否,
2fdde51ad3e12f297da656d4fbd5d0b5,9,5803.0,4.777777777777778,0.0,SC,否,
02d35243ea2e497335cd0f076b45675d,14,5794.0,2.642857142857143,0.3571428571428571,RN,否,
a63bfbaa882c8f4542891b4e2246cc7f,6,5682.0,5.0,0.1666666666666666,RJ,否,
52ac6f920b7280e4c6d30dd94de6259b,6,5657.3,3.6666666666666665,0.0,PR,否,
d63c73efd41eb002280e7ec831424edb,2,5598.0,4.0,0.0,SP,否,
04aa0a1c5ce6b222003403a3e11c3cc0,11,5518.0,4.090909090909091,0.1818181818181818,SP,否,
3f0e48d209018b466fcd3bb4ccfeb520,9,5399.0,3.888888888888889,0.0,PR,否,
c4af86330efa7a2620772227d2d670c9,4,5396.0,4.333333333333333,0.0,SP,否,
a4b6b9b992b46e9ef863637af96e04bc,6,5293.0,3.6666666666666665,0.1666666666666666,SC,否,
e9c6969d40e6a3d2d0f90013165c2b98,10,5239.98,4.4,0.0,SP,否,
4d0041cdbe51b4617d95c70b19decc74,8,5235.200000000001,4.5,0.0,MG,否,
822bad9bc42b51213ba522fe87b7ab5d,18,5160.0,4.111111111111111,0.2777777777777778,SC,否,
67bf6941ba2f1fa1d02c375766bc3e53,15,5062.0,4.333333333333333,0.1333333333333333,PR,否,
099095b050cfe8eb1ddff5317587e96e,16,5003.84,3.375,0.1875,SP,否,
45213867cefbf2cd4c6177e10216a951,14,4955.42,3.857142857142857,0.1428571428571428,SP,否,
9df5750209b83567ec144eb299d7d634,11,4917.0,4.0,0.0909090909090909,RS,否,
ce69a8021d18961dd2a40269b7c2c293,19,4818.0,4.473684210526316,0.1052631578947368,PR,否,
8f580d36c1e9d6fbce95283403c7d447,8,4813.25,4.375,0.125,SP,否,
c12b92bf1c350f3e6bf88d3596219c86,17,4808.78,3.882352941176471,0.0588235294117647,SP,否,
f6122bc84774df1b372bdb3bb88ddb9f,3,4799.87,3.6666666666666665,0.3333333333333333,SP,否,
fcdd820084f17e9982427971e4e9d47f,16,4783.99,3.9375,0.125,SP,否,
cfa5ab0e4d3fc212fd0b3410e7081c62,15,4780.81,3.866666666666666,0.0,MG,否,
c35affa65afd250151285c5917fc1c8a,8,4779.92,4.25,0.125,SP,否,
0307f7565ff85b299b6e5ef162b1b1a9,6,4711.9,3.5,0.0,SP,否,
968268a686aa05d1f529fb07dff08130,12,4677.29,3.5,0.0,SP,否,
2addf05f476d0637864454e93ba673d5,12,4552.0,5.0,0.0,DF,否,
37dd29b36c458d82f74a953c40c43645,7,4536.99,3.857142857142857,0.1428571428571428,SP,否,
13fa2a6c6b9d0f43cb588d7c82117a12,9,4528.0,4.111111111111111,0.3333333333333333,SP,否,
c840d3fdbba0790404fdae73d253b253,9,4522.280000000001,3.555555555555556,0.0,PR,否,
180c3376aff0e43dd5788709df48a843,5,4513.0,4.4,0.2,SP,否,
e81e1f9c3e762e620f3fb60a51499e16,17,4465.99,4.0,0.0588235294117647,SC,否,
f021c962aaba8ef6eb527a9c2c8394d1,5,4398.5,4.2,0.0,SC,否,
c500367424994318b9e779ff1ae9a330,9,4346.4,3.7777777777777777,0.1111111111111111,SP,否,
9803a40e82e45418ab7fb84091af5231,11,4278.75,3.727272727272727,0.0,GO,否,
282c7480173bb9c01dd41cc739fec010,5,4274.2,4.0,0.2,SP,否,
1fdc574883ef3b33ad41562d93f3a74a,18,4251.0,4.444444444444445,0.0555555555555555,SP,否,
9b1585752613ec342d03bbab9997ec48,3,4248.98,3.6666666666666665,0.0,RJ,否,
b19f3ca2ea475913750f25a5c37c8d8f,19,4174.16,3.263157894736842,0.3157894736842105,MG,否,
5c030029b5916fed0986310385ec9009,7,4164.4,4.857142857142857,0.0,SC,否,
2a167ca73899c85001a837d8fb4962f6,2,4097.0,4.5,0.0,SP,否,
f35b3c613c4f7b2275f4185d0a3c59ec,9,4047.25,4.555555555555555,0.2222222222222222,SP,否,
e70053bf73d1b5863932e53a9fa47496,7,4025.0,4.285714285714286,0.0,SP,否,
6b333a05bf188ef3e1f1662a86bd9855,12,3990.91,4.333333333333333,0.0833333333333333,DF,否,
bede56095ba33c42038fb85f707b8a42,2,3973.9,4.5,0.0,SP,否,
c9a06ece156bb057372c68718ec8909b,11,3849.0,3.363636363636364,0.0,DF,否,
8ed8ea9a57c862f2c18c2fe41f601d56,19,3831.9,4.473684210526316,0.0,SC,否,
4d600e08ecbe08258c79e536c5a42fee,7,3816.17,4.428571428571429,0.0,PR,否,
cb41bfbcbda0aea354a834ab222f9a59,11,3792.0,3.272727272727273,0.3636363636363636,SP,否,
38874e327ce94d11390b96eb42d61928,6,3779.94,4.0,0.1666666666666666,SP,否,
5d9dc90a686a8fddacffab6bab5653a3,12,3761.94,4.166666666666667,0.0833333333333333,SP,否,
2d2c62bef4c8ba0dd74e0e228e808539,16,3749.0,4.125,0.125,SP,否,
1d0997ff06b524ce9289ffd75114ecd3,3,3747.0,3.6666666666666665,0.3333333333333333,PE,否,
eb4df17aed01d918c65f0f8d650900c0,11,3739.87,3.909090909090909,0.2727272727272727,SP,否,
77e4abfd739aed9c46480f90f81c0eb4,18,3736.99,4.777777777777778,0.0,DF,否,
ec80e49e69745ab6c14f984bf2149423,12,3709.0,4.0,0.1666666666666666,SP,否,
a44fb5a447105f8469bdf16bf9159f25,19,3706.1,4.052631578947368,0.2631578947368421,RS,否,
b1fecf4da1fa2689bccffa0121953643,19,3669.64,4.947368421052632,0.0,MS,否,
f97e2b0650c2068227e1d366140eb62f,16,3654.0,4.0,0.0625,SP,否,
6bb0724edf0b62fb91ac404873a97241,17,3653.0,4.466666666666667,0.1764705882352941,SP,否,
3364a91ec4d56c98e44174de954b94f6,6,3579.94,3.8333333333333335,0.0,RO,否,
3c010235b7345c92f125d14ee232a76b,15,3578.0,4.666666666666667,0.0,PR,否,
f2336e113377dd21c744d9c4fc8293a9,4,3563.0,4.25,0.0,SP,否,
218f991754f360af9c2daa5e0b8e990c,14,3554.32,3.642857142857143,0.1428571428571428,SP,否,
585175ec331ea177fa47199e39a6170a,1,3549.0,5.0,0.0,MG,否,
a0415d9b25ede3c4b1e477e9916ffc03,9,3544.2,4.222222222222222,0.0,RJ,否,
6750d71153f00fc58829af2a8ef1bcf1,6,3514.0,4.166666666666667,0.0,RJ,否,
8ff38bc3969e67c36c48343a07090f66,2,3472.0,2.5,0.0,SP,否,
ed46f1eb4a638113deb2a1137b5f22e9,4,3470.0,4.0,0.0,SC,否,
822b63912576852aea9a8436d72317b7,6,3465.9300000000003,4.833333333333333,0.0,SP,否,
bce6a5ecf98e99fd2a8868b15c51f04b,14,3464.9,4.071428571428571,0.2142857142857142,SP,否,
4677a5437afda5fa7140b927b07be1cc,11,3415.7,4.363636363636363,0.0909090909090909,PR,否,
cfd7ddab722b902f7ac5b5f3ba6d723d,12,3385.03,4.75,0.0,MG,否,
a2b5b6105ea5942300631d2e76f4ffe0,16,3286.69,4.75,0.125,SP,否,
54c04bdb5ec46762f8f08c7e8f86ed4a,18,3281.66,4.333333333333333,0.1111111111111111,SC,否,
5b51032eddd242adc84c38acab88f23d,12,3280.0,4.0,0.0,MG,否,
52562a9f449c3dc3d53f5f5b9ed74903,14,3266.6,4.785714285714286,0.0,RN,否,
aeb36d67f1414f234d42a29e27cf1f17,4,3263.8,4.5,0.25,SP,否,
c64a2aec32cc408a8a4c6d7c46017f91,9,3221.5,3.888888888888889,0.0,RS,否,
afa6714acee029b2dfdf357e5579cc03,16,3220.76,4.25,0.125,SP,否,
5bc24d989e71e93c33e50a7782431b0e,17,3148.0,4.352941176470588,0.0,MG,否,
f326006815956455b2859abd58fe7e39,9,3147.16,4.666666666666667,0.0,SP,否,
3cfa1358a6caa965278721344c8d76f2,5,3140.28,4.8,0.0,SP,否,
c394e193cda3b4225ff2094d32184849,2,3134.8900000000003,5.0,0.0,SP,否,
21e83881401b92b49fb09a16d3852291,12,3109.06,4.833333333333333,0.0,MG,否,
5b35136197710e16ac5e7b7c2bd4ea85,7,3104.2000000000003,2.571428571428572,0.2857142857142857,RJ,否,
08cdbae123ff67ca4e36d9d641ce0119,4,3098.99,3.25,0.5,MG,否,
612a743d294c27884fb7b80d2b19ba35,2,3057.7000000000003,4.5,0.0,PR,否,
d9e8c084b68fe958861d8f2c21202e6b,9,3050.0,4.333333333333333,0.0,SP,否,
4c8545742faaf58fafd5fd14d25d75cf,4,3020.0,4.5,0.0,SP,否,
5bc55dbe2f12b6af6d83ed46023e0dc8,17,2992.1000000000004,2.411764705882353,0.2352941176470588,MG,否,
fce62094ffe6a4009188ec44e681dfdd,4,2969.7,4.0,0.25,SP,否,
d17f467e4bf608a510c20d82f4ba3b6b,11,2963.78,4.2727272727272725,0.1818181818181818,RS,否,
e908c0f3646e8b60375734a350d95d71,1,2951.0,4.0,0.0,SP,否,
dd58ee93286b0821565574c570e9e1dc,2,2948.0,5.0,0.0,PR,否,
60562ab00b8054280520d390c8c0045c,17,2943.0,4.764705882352941,0.0,SP,否,
f44b6f775a2b390380e0e30b5c9d3eee,10,2930.0,4.9,0.0,SP,否,
606ce7768feac12c5e8bd58db8b08f0f,5,2916.6,4.8,0.0,SP,否,
d3dcf0604eabf0224fbd5948b5e02f69,9,2902.3,3.888888888888889,0.3333333333333333,SP,否,
1987cd4be10fe09ee50454f9c354d1c6,14,2877.7,4.357142857142857,0.0714285714285714,MG,否,
49e7217cfe4e427191c378ec626d8737,12,2868.8,4.083333333333333,0.0,MG,否,
430315b7bb4b6e4b3c978f9dfa9b0558,19,2864.4,3.947368421052632,0.0526315789473684,SP,否,
fec6275253471ace26d209bbaa64cd0f,9,2840.0,4.555555555555555,0.0,RJ,否,
b494891378bd8f4560abe576c52deacd,19,2839.0,4.7368421052631575,0.0526315789473684,SP,否,
d32e3909cfb714fb2a6cb092c85b9c5f,10,2827.9,3.5,0.3,SP,否,
820cc752a266cdc6c1a1e61dd4583330,15,2802.8,4.133333333333334,0.1333333333333333,PR,否,
ae7ab174effdead6c241e547e4ca13f0,6,2778.6,4.333333333333333,0.0,PR,否,
c4f7fee5b0db50e87766f5a4d1b1b758,5,2762.03,4.0,0.0,SP,否,
f125f3a310c2e5f822d116147de1e474,16,2761.4,4.1875,0.125,SP,否,
bb7a14e229b1c95156719c3d9552eeee,10,2760.2,4.5,0.1,RJ,否,
8f54d64f28a993550aa7943f12572959,15,2755.5,3.733333333333333,0.0666666666666666,MG,否,
a1474fd46fd3430168f7ec202da39408,12,2752.5,4.333333333333333,0.1666666666666666,SP,否,
1444c08e64d55fb3c25f0f09c07ffcf2,1,2749.0,1.0,0.0,BA,否,
f805b96fa705ba7995a221f1749dc141,7,2744.44,4.428571428571429,0.0,PR,否,
458d868c9642f55f18f04e951a3fdde6,2,2718.0,5.0,0.0,RS,否,
78744a20ee2f80ba64f6804c25def2b8,6,2715.0,4.166666666666667,0.1666666666666666,PE,否,
fe26f3ecb51a15e6d8335cd92da42562,7,2708.96,4.428571428571429,0.1428571428571428,SP,否,
d93844a9c55ba7ce353388bcf849ea56,12,2708.5,4.25,0.0833333333333333,PR,否,
51702dc2a3e106c76dbff722b5bf0726,13,2705.1,4.307692307692308,0.0,SP,否,
0015a82c2db000af6aaaf3ae2ecb0532,3,2685.0,3.6666666666666665,0.0,SP,否,
9c068d10aca38e85c50202e17b4a7e88,17,2658.9,4.125,0.1764705882352941,MS,否,
d25aa0aaacb370e912f8cf6efeba38b3,17,2658.45,4.470588235294118,0.0588235294117647,SC,否,
6f229cc508fc6915ed5c499efd93baa4,13,2654.8,4.384615384615385,0.1538461538461538,RJ,否,
bc302730ea8cf49b5c74f579febb5bbf,11,2640.9,3.8181818181818175,0.0909090909090909,SP,否,
f1b93673502375d491780bb49d615dbc,8,2638.9300000000003,3.125,0.25,SP,否,
1b7e5006cb25dd23ce8686691013b121,11,2636.74,4.363636363636363,0.1818181818181818,SP,否,
9906e7aa42a3c067b7c9a564d01c4320,12,2619.0,4.5,0.1666666666666666,PR,否,
4305fe92735c8a43d154ff6dd2b8d927,17,2606.1000000000004,4.176470588235294,0.0,MG,否,
a369d693961cb93b61ca2cc518872a85,11,2597.0,3.909090909090909,0.0,SP,否,
fdaaf5bfda82b7b80535610c831b8d09,10,2588.9,4.2,0.1,SP,否,
f593898ec748b7a8cb81fc04edafd98a,19,2588.04,3.684210526315789,0.1578947368421052,SP,否,
2c4c47cb51acd5ea5db5e0ae0e26542a,12,2575.9,4.666666666666667,0.0,SP,否,
41ab63a91b8b264e8c8780368bf1dd5b,12,2571.95,4.25,0.0,MG,否,
bb5bd94c8f59cc050072d2930c869cac,16,2543.87,4.1875,0.0625,SP,否,
3d39fbf22a665714baf62fae36029e23,8,2504.2,4.75,0.0,SP,否,
ffa6adafb71b807dc13159e26431354c,17,2500.9,3.941176470588236,0.0,PR,否,
de0c78824586e9a5f5f04fd84e25df39,14,2489.3,4.642857142857143,0.0,SP,否,
6989574bd97d9773f10d232b6c07da59,7,2478.4,4.857142857142857,0.0,PR,否,
fe49ee029e61e789a1f3a5525f57ba8d,16,2473.69,4.25,0.0625,SP,否,
2e3be8a987a30d7544dbbda6861cc14e,14,2472.86,3.7857142857142856,0.0714285714285714,MG,否,
5eeb9c756d9780b96283e5a2ac6da334,9,2471.0,4.222222222222222,0.2222222222222222,SP,否,
c2d70ce2c5d0a2eb75e78668236e6dc8,13,2470.9,4.615384615384615,0.0,SP,否,
a08692680c77d30a0b4280da5df01c5a,6,2433.0,5.0,0.0,SP,否,
4b0fdb526525f9890eb145bf1534640e,18,2419.0,4.055555555555555,0.0,SP,否,
888faa8bfb0b159c37de6d898b961c31,19,2418.3,4.2105263157894735,0.0,SC,否,
04aba03279157f6d4e0fe8ccaf21963c,15,2416.0,4.533333333333333,0.0666666666666666,RJ,否,
d06d019f72a04e5497a0b64190af170c,17,2415.93,4.529411764705882,0.0588235294117647,SP,否,
1354d51653f645349064725ed204e85e,18,2410.0,3.888888888888889,0.0555555555555555,SP,否,
76833248bbc0e65a0293ec62023e4396,2,2399.98,5.0,0.0,SP,否,
1996942dc085d7773ba77a529b163cd0,9,2383.52,4.222222222222222,0.0,SP,否,
47efca563408aae19bb7206c2d969ea9,11,2383.0,4.363636363636363,0.0,PI,否,
6bbcb8924baf70b7fe2fe2097e8cd407,10,2382.5,4.5,0.0,SC,否,
acadd4d36859671cb635527c6c977533,12,2381.0,4.25,0.1666666666666666,SP,否,
120476eb7a04c149d14772edaf5d9bf2,4,2368.8,4.25,0.0,RJ,否,
4978a02ea9c8be7a9b5480680f40334e,18,2356.61,3.555555555555556,0.0,SP,否,
8603f0038fe0e52fedd3382d266723de,10,2355.0,4.4,0.0,SC,否,
c004e5ea15737026cecaee0447e00b75,1,2350.0,1.0,1.0,SP,否,
4391ea5c5990502176a1dcda44a2373d,3,2349.0,4.666666666666667,0.0,RS,否,
34f563c82a85b99ae9e6d60db5fc2e28,8,2332.3,4.625,0.0,RS,否,
62c50c1af4dfdc4149d25c5222043d39,12,2325.83,4.083333333333333,0.0,SP,否,
f1c1ac3f3efc07e659c035008e615e66,3,2294.96,3.333333333333333,0.0,SP,否,
7238a95bb63ef7e498389fb863b834a1,15,2265.7,4.733333333333333,0.0666666666666666,SP,否,
8fe8786ee000001ab51d030dfd4a7bf1,5,2255.0,4.6,0.0,SC,否,
655220df33262c7e0c4949a147366f94,13,2245.0,4.076923076923077,0.1538461538461538,SP,否,
7b8e8ec35bad4b0ef7e3963650b0a87b,5,2244.28,4.8,0.2,SC,否,
5abb8ea023c77787f2c15da891c8d384,13,2241.0,3.923076923076923,0.2307692307692307,SC,否,
54583ab379489add547fe47b628db589,10,2240.0,4.8,0.0,SP,否,
e5f9e61ceb5f523cc966e0f34095032f,4,2238.0,4.0,0.25,SC,否,
9a84ba99f5367fdbd4598363496f1ea2,15,2223.38,3.8,0.0,GO,否,
747e73c01a4593d4cf60dcf970fd2689,3,2217.99,4.333333333333333,0.0,PE,否,
e5475dcab1e07b63d7f6e902d8f5eda8,19,2192.0,4.105263157894737,0.0526315789473684,SP,否,
91f0eec23d4a61d7d7caeefa3f0ad1ca,11,2190.8,3.5454545454545454,0.2727272727272727,SC,否,
1b1ae47a313a825a7ccceb8e2e30fa9d,10,2184.0,4.222222222222222,0.0,PR,否,
8ca1551acf9832a4cf467bbbac15851f,11,2176.4,3.909090909090909,0.0909090909090909,PR,否,
53d00c40e32aeb924a84ce72b1af869d,17,2165.85,4.352941176470588,0.2352941176470588,SP,否,
2be17df1c49978426251562096c3cc09,16,2165.0,4.1875,0.0625,SC,否,
0725b8c0f3f906e58f70cbe76b7c748c,16,2161.52,3.65625,0.375,SP,否,
7fc87cc3e89b3d1d5cabdca32f8485aa,14,2153.9,3.571428571428572,0.2857142857142857,SP,否,
72bc2cce903c872fe376a8faaa81d237,17,2149.2,4.647058823529412,0.0,SP,否,
373ee4a3a775a733770ca3f790b8b9ac,13,2141.49,3.923076923076923,0.0769230769230769,RJ,否,
723cd880edaacdb998898b67c8f9da30,11,2136.53,4.090909090909091,0.0909090909090909,SP,否,
8bdd8e3fd58bafa48af76b2c5fd71974,10,2135.83,4.9,0.1,SP,否,
f5f2ab9bdb6b30c14c61be68c5ed37da,18,2134.6800000000003,4.277777777777778,0.1111111111111111,SP,否,
87d30a6a0cbf89356e49324971ab1d24,17,2134.13,4.352941176470588,0.0588235294117647,SP,否,
9bcdfa7b615b3abb9461d9e3ad9886ae,14,2126.07,4.428571428571429,0.0714285714285714,SC,否,
3a734b715d333a2588a3d54a0c9b8746,15,2121.52,4.533333333333333,0.0666666666666666,SP,否,
8f78f0903005064036736c7173a5c2ed,13,2113.7000000000003,3.769230769230769,0.0769230769230769,MG,否,
cf2384dd2f1dddea3f838efed0945e65,16,2101.5,3.9375,0.0,SP,否,
ffdd9f82b9a447f6f8d4b91554cc7dd3,18,2101.2,4.333333333333333,0.0,PR,否,
3bfba5a77604f6dfae7e6dd7aaf65821,4,2095.5,5.0,0.0,PR,否,
df91910b6a03bb2e3358fa6a35e32f6f,13,2093.2,4.615384615384615,0.0,SP,否,
8de8fe3af4449ed695d2434c933ed73e,1,2090.0,5.0,0.0,SP,否,
165b1235e9e9942cb5fae67103576fb0,11,2085.15,4.363636363636363,0.0909090909090909,SP,否,
6aa3928696eab49a19a466e665a649fd,18,2075.0,4.611111111111111,0.0555555555555555,RJ,否,
082e0bf4cb865a6533b1e8e498cc0255,11,2073.3,3.272727272727273,0.1818181818181818,SP,否,
ed859002ad59dbf8cf3602696a6c3000,6,2063.9,4.166666666666667,0.0,PR,否,
ea65d8b58316a6f2362f2a9e4b3e86ad,9,2061.4,4.0,0.0,SP,否,
4e8dacf3d38f281ae26c3e0321d92d88,8,2055.46,3.125,0.125,SP,否,
be9a160a9011f627c3e121d076c1ec7b,5,2055.0,4.6,0.0,SC,否,
bc2ac6b95e1accce9858528ee566c17e,18,2045.0,4.555555555555555,0.0,SP,否,
c6381d2d013342748761e906d45aff76,15,2042.98,3.866666666666666,0.0,RS,否,
71592660bbcb6a4664e97b6f8b68babc,6,2027.18,4.333333333333333,0.0,SP,否,
fac1a9017ade7bdc94058fc1c969f355,9,2010.84,4.666666666666667,0.0,SP,否,
1782ce2db72c3dda627d5e7c898104e1,9,2010.8,4.333333333333333,0.1111111111111111,SP,否,
3a1a1fec38dd360f15fc912e821e169d,15,2007.38,3.866666666666666,0.2666666666666666,SP,否,
d6ab728cf30867cf3f1a2e216ae2f9b7,12,2002.0,4.416666666666667,0.0,SP,否,
3d2531eccfbde1d7c8db7a3a12fb267a,10,1999.54,4.222222222222222,0.0,MG,否,
8ec76bb0965af3f007692b26fa9d6623,1,1999.0,5.0,0.0,SC,否,
6b536a23086fba0d58c08d68814397f6,18,1996.8,4.111111111111111,0.0555555555555555,RJ,否,
17908cf9b444ee34047cadd5c0f4a516,11,1993.99,4.545454545454546,0.0909090909090909,GO,否,
9449f25aeaf531019b76999ea49a6949,9,1979.55,4.222222222222222,0.2222222222222222,RJ,否,
13074f016982ff2bd6c58ced8682f000,13,1977.0,4.153846153846154,0.3076923076923077,RS,否,
91f5779a8731baca4809fdeade81803f,6,1971.46,3.8333333333333335,0.0,RJ,否,
93b9a99027bd8bd6af682aff18dd19bf,19,1916.0,4.111111111111111,0.0,SP,否,
cd843d4cf8ef32827de0396605163ba3,5,1915.0,3.8,0.0,MG,否,
9dda5bbacd45e18d6485fee649205d09,19,1912.6,4.105263157894737,0.1052631578947368,MG,否,
901b460cdce0c64e471230d7f2f9f3a3,5,1904.0,4.4,0.0,RS,否,
112453736dbe3889cfb74e1aaa0ba0c1,7,1890.0,4.142857142857143,0.0,SP,否,
5ab05b6d86d417796c69ffd6774ec832,10,1886.1,3.8,0.1,SP,否,
65b081a070633e057c462abdd6fb9dd8,19,1885.09,4.315789473684211,0.0,GO,否,
4c8b8048e33af2bf94f2eb547746a916,19,1882.45,3.3684210526315788,0.1052631578947368,SP,否,
e24d3429d294b2eb200b064ebb035879,19,1878.58,4.2631578947368425,0.0526315789473684,SP,否,
5b33b527da3c5b969cc99dc435cad09a,16,1872.79,4.125,0.0625,PR,否,
abbf6046bbdf1028606a5bc7f00c99e7,6,1867.25,4.666666666666667,0.0,SC,否,
3e8bd881d92466e63ba9e3e809cd3c50,8,1862.38,4.571428571428571,0.375,RJ,否,
0417b067eeab773d2f7061a726dc477f,13,1859.18,3.923076923076923,0.3076923076923077,SC,否,
8c3b533c63cca56240f94f1e3a6b18ef,3,1849.5,2.0,0.6666666666666666,MG,否,
30c7f28fd3a5897b2c82d152bb760c17,6,1849.38,1.4,0.5,RJ,否,
a4bd6e9adf39b63f43dc545d3ca1f53d,4,1848.59,4.5,0.0,RJ,否,
74bafed391319577bce6f4d2acc0589a,3,1847.0,2.6666666666666665,0.0,SP,否,
3a4127e1ba7208ea37044c5092aae170,5,1842.7,4.0,0.0,SP,否,
ffeee66ac5d5a62fe688b9d26f83f534,14,1839.86,4.214285714285714,0.1428571428571428,SP,否,
6a38087bc8ad4f89ff453561005f6dea,15,1833.43,4.6,0.0,GO,否,
c679fb69a36e1d8349e8c50a217b4d58,14,1825.68,3.8461538461538463,0.1428571428571428,RS,否,
55bb6fe5bebe5012e2d7d9928e1128ff,15,1816.55,3.466666666666667,0.1333333333333333,SP,否,
5b85809efd0d0e4dea1a9544e1280ed9,12,1804.6,4.25,0.0,SP,否,
7fdb0720c8d7c9075538b365dc8c3a22,9,1804.0,2.4444444444444446,0.1111111111111111,PR,否,
2ff6b7bff164ef05590a52734e1296da,7,1803.59,4.714285714285714,0.0,PR,否,
15fa791d5e017f66402dc28c44480657,8,1802.0,4.25,0.125,SP,否,
c3e1abd72a42fe690fcd89cf5720fe29,13,1798.61,4.461538461538462,0.0,SP,否,
1976a05ecf2996d6ffb7b5430e635fe7,8,1796.2,3.875,0.25,SP,否,
406740ee611378a662d274c7d8c43c4a,8,1790.0,4.375,0.125,ES,否,
fa3a0b5aabb344b9a92e3524b0202123,7,1789.0,4.142857142857143,0.1428571428571428,SP,否,
293dee954235e4e4e43f129313625ebe,8,1778.92,5.0,0.0,DF,否,
07bf9669d84d1f11be443a9dd938f698,18,1776.0,3.7222222222222223,0.0,SP,否,
ca4b77513ac2040591b0d8fae6958380,14,1772.45,4.5,0.2142857142857142,SP,否,
d5b9a084373da994a6e37f732169a853,7,1769.0,3.571428571428572,0.2857142857142857,SP,否,
1690cada046eb7e92c12f98b1f8a8167,10,1760.0,4.9,0.1,SP,否,
f63d8f293af3a6454377546bd9dd19ff,17,1751.8200000000002,4.470588235294118,0.1176470588235294,SP,否,
cb810bd318f51b3dc3c753944d61a1fa,1,1750.0,4.0,0.0,RJ,否,
dd4d95ba2d15c071e6c695e2ef6ce169,4,1748.0,4.25,0.5,ES,否,
4bf658053d453036c70976bccb2c31b2,2,1742.99,4.5,0.0,SP,否,
6ddc28b61be28373b4503a1f61cf98a9,11,1732.9,4.181818181818182,0.0909090909090909,SP,否,
c5f7feb04a6a1fb3596322bfc3cf1917,11,1720.6,4.2727272727272725,0.0909090909090909,SP,否,
a70e9066dbfd10b6b97a3f54a1356762,2,1716.0,5.0,0.0,PR,否,
8378eb36b6b70c5734e83ad7b8cdc3b7,7,1714.8,3.857142857142857,0.1428571428571428,SC,否,
dfc475d54e1b6dbeeb7d7d9bdaa63827,18,1708.37,4.5,0.0555555555555555,PR,否,
656591be56071d4c9ef4e5fee78a578a,7,1702.0,4.571428571428571,0.2857142857142857,SP,否,
244b04680fdbded0acf5aebd9c92b44a,2,1701.8000000000002,1.0,0.5,SP,否,
6b1c4d4d9ccf0be3d8544eb0e71e5318,1,1699.0,5.0,0.0,RS,否,
731ef20c231d9a7103a425e83fd91271,2,1692.0,3.5,0.0,SC,否,
3ca08eeb8d5595949fed424bd3677742,13,1688.88,4.6923076923076925,0.0,PR,否,
f9903dd0f812c7e771fcad47b6fff231,10,1684.85,3.2,0.0,SC,否,
3935fe5fe0f82787a9dcb8deb62be09d,16,1681.69,4.0,0.125,SP,否,
bafc5aa11e413978be29040f51342e70,9,1679.55,3.7777777777777777,0.1111111111111111,MG,否,
e64d65bc8dbec2accda90c58de5d1246,12,1678.8000000000002,3.083333333333333,0.3333333333333333,SP,否,
0b18d63d0cd1d723567903fd34a07df2,9,1678.14,4.777777777777778,0.0,SP,否,
0ac4201fda2c68ebc0e47cb9423cf3c9,13,1676.88,4.230769230769231,0.0769230769230769,SP,否,
77fccaae319668a8ab6cd0fd16aec48c,11,1667.0,4.454545454545454,0.0,RJ,否,
7586919161935337bf6b6d7ff5779648,11,1664.71,3.8181818181818175,0.1818181818181818,RJ,否,
5f67c6082caacb26e431a7b17940cece,13,1662.6,3.5384615384615383,0.3076923076923077,PR,否,
53b0300ca793f9834cd69c0678d35ee8,5,1662.15,5.0,0.0,SP,否,
a1040efe9ff4a6f93c28b0499eada8f5,1,1658.83,5.0,0.0,SP,否,
df0f42bc4c2142eacf0eaf2cffd0cfbb,14,1654.0,4.142857142857143,0.0,SC,否,
26e2c91ef821e1ff8985f408788fe35b,12,1649.4,3.0,0.4166666666666667,SP,否,
edc518ba25576a0188a0e8f2c3af186f,6,1647.39,3.6666666666666665,0.0,SP,否,
0887a9f087bcd5d9f6642b52f897fc6c,12,1642.0,4.416666666666667,0.0833333333333333,SP,否,
e2c92f9c1c7746d899d18f2e158bbff7,12,1641.9,4.583333333333333,0.0,SP,否,
5b581417df4480f632484ba681e53944,11,1641.6,3.727272727272727,0.2727272727272727,SC,否,
7a2d2949aea47fab95fd98d6c9f618b1,11,1638.99,4.2727272727272725,0.0,PR,否,
f1ed6bd0a9b11b581f16c851c6a5a527,17,1622.77,4.411764705882353,0.0588235294117647,RS,否,
15cd6eefe58588619aaed41dfa6621b1,16,1622.74,4.25,0.0625,MG,否,
b0f2a6122a90a93eb03e68653dd960e3,6,1620.3,4.833333333333333,0.0,PR,否,
cb5df0dcb9e280b1780e9d589889f2c7,11,1614.88,3.4,0.1818181818181818,SP,否,
8daab2245ebdc277c51098d01c5ad8ef,16,1604.59,4.625,0.0625,SP,否,
427165bf50f8ca07efc7bdc2bfcf1688,5,1603.5,3.2,0.6,SP,否,
7813ea3ebd9411dc600b4dd01f7a97b9,9,1599.4,3.888888888888889,0.1111111111111111,SP,否,
850857dfac77488c307e2b1cbd84ab5a,1,1599.0,5.0,0.0,PR,否,
8a1ff5c35f6595a73fef4c7b96e4908a,2,1598.0,5.0,0.0,PR,否,
081acf3de680d554796c9cf041be7bc2,4,1597.3,3.25,0.25,MG,否,
41b86b552e54e3a7009596125aa8b167,10,1595.3000000000002,4.3,0.0,SP,否,
8a2d12a90e92f012ce5226fc6592b653,18,1594.65,4.588235294117647,0.0,PR,否,
70f84699be677ec988d1fa824aef7d90,5,1588.3,4.6,0.0,MG,否,
f3c38ab652836d21de61fb8314b69182,15,1581.0,4.266666666666667,0.0666666666666666,SP,否,
392e0502231ae2f8b29994ef6398cd77,17,1572.9,4.352941176470588,0.1176470588235294,SP,否,
5075aaa8404020ae6aa8bf4792099b41,10,1572.88,3.9,0.0,MG,否,
134285d1f41da5c13a756ee8142c8a4e,3,1572.6999999999998,3.333333333333333,0.0,SP,否,
1660ad786c27fd935378b6192a90b417,12,1570.0,4.583333333333333,0.0833333333333333,SP,否,
c4fb51fb1c5b7c07bc5e67be6e7e8f6e,15,1567.9,3.533333333333333,0.1333333333333333,PR,否,
47648caee88ccfe951fbb27fbf7b4cbe,3,1564.99,3.6666666666666665,0.3333333333333333,SP,否,
02c988090b766852e088c69d7fb3b551,12,1564.37,4.583333333333333,0.0,SP,否,
817f85dbb65aa3e70831d90fe75cdf89,11,1552.27,4.545454545454546,0.0,SP,否,
0eaa7e33d73809f1f925f7d07c506cbd,15,1552.0,4.714285714285714,0.0,SP,否,
78a4d36f65a019172c6154468831a69f,7,1545.5,4.285714285714286,0.1428571428571428,SP,否,
49cdc90518a4f82676b38b3c1aa43ff6,5,1539.5,3.8,0.0,SP,否,
06bb3a2fe5e7b7a845b13e8fb91bd944,17,1536.19,4.588235294117647,0.0,MG,否,
cbf09e831b0c11f6f23ffb51004db972,10,1535.2,4.4,0.0,SP,否,
3a490ba60afa30ece0e7d50cfe74a4f0,8,1529.2,4.625,0.0,MG,否,
5bf397d04035b5f45cc41e82ec106803,3,1525.0,4.333333333333333,0.0,SP,否,
a7c88262832dfc683781d6a421edefae,5,1520.0,4.2,0.0,SP,否,
866558b3bccef2dbc6d29a2b5995016f,5,1519.4,4.8,0.0,PR,否,
094ced053e257ae8cae57205592d6712,19,1519.2,4.052631578947368,0.0,SP,否,
f5f1f2c5f923f36ad79ea1d07185ddc9,10,1517.77,3.7,0.1,SP,否,
1dd33b8119b3cb1056ed5dc88cd0aaf4,8,1513.0,3.75,0.125,SP,否,
a23266650e7c84bb93fbbba502137478,11,1512.4,3.8181818181818175,0.0,RS,否,
b33aaadd1a8891d2dfef0c4c3bdf0371,16,1504.0,3.9375,0.125,SP,否,
d354c38a7182125a748cb10474fe963b,17,1500.34,4.375,0.0588235294117647,RJ,否,
714b9a1332840f257b49f476bea4e341,6,1499.94,3.333333333333333,0.3333333333333333,SP,否,
9a03a4e9eb0b947652fae4f6121a3f5e,7,1497.0,3.857142857142857,0.1428571428571428,SP,否,
c7b7db6c8f3c64a7cc1afa634db21d50,1,1489.0,1.0,1.0,SP,否,
659e8466eb3ff1b0e8740d74fb7bbedd,11,1486.8,4.363636363636363,0.0,BA,否,
2a61c271b1ac763450d846849783e922,17,1486.77,4.117647058823529,0.1764705882352941,SP,否,
b6e1504972665f739dec4facb9943775,14,1484.48,4.357142857142857,0.0714285714285714,SP,否,
9da1ca0bef29ee170e541927a5aeabdc,6,1484.4,3.0,0.3333333333333333,SP,否,
9b522ba7eae9e1d04082f267144583cc,3,1478.6,4.666666666666667,0.3333333333333333,SP,否,
6806dad1da97bfb5a9038eac6881f706,10,1477.0,3.95,0.1,PR,否,
4d232b78ab7ef10393dc3807d827bc0d,5,1475.0,4.4,0.0,MG,否,
e256a62e0ac58c0edfba09966142d561,12,1474.11,4.416666666666667,0.0,PR,否,
5e105f5c9f63f5f1fd75d6cb942e55b1,8,1471.9,4.5,0.125,SP,否,
01ed254b9ff8407dfb9d99ba1e17d923,5,1465.99,5.0,0.0,SP,否,
4ba52dfeba874da5b9ee7b17c7494f04,11,1463.0,4.363636363636363,0.0909090909090909,SP,否,
1284de4ae8aa26997e748c851557cf0e,3,1459.97,2.6666666666666665,0.0,SP,否,
5145090ab595c0d0b8557199f5701fbf,4,1459.6,4.25,0.0,PR,否,
97512d3fc193b2d1dfcdba0f9d1f0f8a,12,1458.87,4.25,0.0833333333333333,SP,否,
d7827b2af99326a03b0ed9c7a24db0d3,1,1455.0,5.0,0.0,SP,否,
52f0fe436a347ddad7ed5f9aa4e27eaa,19,1452.49,3.736842105263158,0.1578947368421052,SP,否,
a414555ce331b8c8aea4a9cb8395194d,7,1450.95,3.333333333333333,0.0,SP,否,
0ad80de75c811326389cfb1daba7d45e,6,1449.4,5.0,0.0,RJ,否,
1b8b75e227c9a9c100d0c210fb6176ce,15,1444.87,3.933333333333333,0.0666666666666666,SP,否,
2dcf93836ae3ce0d7c93e2f10876467a,9,1443.8,4.111111111111111,0.2222222222222222,SP,否,
dace965ca58120f92f8d742a9fa1864b,8,1442.0,4.625,0.0,SP,否,
66fd84ee7528c0c0de85d0f44a73d5ab,11,1438.11,3.363636363636364,0.0909090909090909,RS,否,
5b0cc932433fa5184b5b94bfe6bcc256,12,1437.8,3.583333333333333,0.25,SP,否,
ec933281fb017b5020d06df29c3f77e8,8,1432.0,5.0,0.0,SP,否,
c5f7e746b7e6d07def6c0dae9903279b,10,1429.0,4.4,0.0,PR,否,
0aea4c6ae1505b3228ddf3dd7822ee5b,8,1427.91,3.875,0.25,SP,否,
f5f46307a4d15880ca14fab4ad9dfc9b,9,1422.94,4.111111111111111,0.1111111111111111,SC,否,
491a5ada3aa1678414e990262c4bbdc1,1,1420.0,5.0,0.0,SP,否,
0b0ddbc7b9d9584f442c7ac92b0ff6c9,3,1416.76,4.666666666666667,0.0,SP,否,
010543a62bd80aa422851e79a3bc7540,2,1416.0,4.5,0.0,SP,否,
921323538c9f1c4e816f2720eac02bea,15,1401.84,3.933333333333333,0.2,SP,否,
8ff1a9df749e454105c55cda13e79143,13,1400.6,3.727272727272727,0.0,SP,否,
d4ffeb15b67e81ff9af2b4252d99fb7e,11,1400.4,4.3,0.0,SP,否,
04843805947f0fc584fc1969b6e50fe7,1,1400.0,5.0,1.0,RS,否,
b8114f2f589a6804810f04f99b36b498,8,1399.62,4.75,0.0,SP,否,
01bcc9d254a0143f0ce9791b960b2a47,10,1393.21,4.4,0.0,GO,否,
8e2b3afb420011ef0c88c9d5f11ea526,11,1384.5,4.2727272727272725,0.0909090909090909,SP,否,
e7f3bf1ecd8526eb7f3b18059e6716e5,17,1382.04,4.647058823529412,0.0,SP,否,
88cf19ec1fc2c58f161aee259d57142c,14,1372.97,4.5,0.0,SP,否,
6eb94e1466490d327a09abf8f3552a50,9,1372.95,4.75,0.1111111111111111,SP,否,
8185694b58b2ba6de20fd41ae608bbea,8,1372.3,4.5,0.0,SP,否,
431050a06a317f2b38168dec3dcd2b46,10,1370.0,4.5,0.0,SP,否,
985c92cc412091f8529c12d7f23d3fef,12,1368.5,4.75,0.0833333333333333,MG,否,
0bebbb2cea103a4a020c95d43fd7d754,9,1367.2,4.888888888888889,0.0,SP,否,
2e1a7d075abe038c1b2743005fe42ff1,18,1366.8000000000002,4.222222222222222,0.1666666666666666,SP,否,
556a6409838156ea299c9d1f9e2dde43,4,1362.8,3.25,0.0,PR,否,
36890be00bbfc1cdb9a4a38a6af05a69,13,1361.3,4.230769230769231,0.2307692307692307,SP,否,
091065b789659bc3cd9af9cb3a6253ff,2,1359.0,3.5,0.0,RS,否,
2f73e04d12cdf0c945ded66bb3fcf6c7,3,1359.0,3.333333333333333,0.0,ES,否,
fe701d88b67eaca109dffd464d1be9f9,10,1359.0,4.3,0.1,RJ,否,
9f50216bfd01913736a55a11b55ea842,17,1354.0,4.411764705882353,0.1764705882352941,SP,否,
81336a0f57a33776419727a300249e90,15,1351.9,4.066666666666666,0.2,SP,否,
b9a03475e6447e631b6799ec8274800f,10,1349.1,4.2,0.0,PR,否,
c3ee2331a724e6fc02c4b698b57a73f3,2,1347.0,3.0,0.0,SP,否,
b43d8b707f887a30f4675391098354a0,3,1342.0,3.0,0.3333333333333333,SP,否,
02dcd3e8e25bee036e32512bcf175493,13,1341.9,4.076923076923077,0.3076923076923077,MG,否,
186cdd1b2df32caa72cfb410bba768d3,6,1341.45,5.0,0.0,SC,否,
5a425cc503b39b262a847fd6212bf53b,14,1340.6,4.461538461538462,0.0714285714285714,PR,否,
8ea394aed8138685abe1eb9f25e1021d,2,1340.0,4.0,0.0,SP,否,
89c127985a8b130cfa45c1d36764017a,6,1334.67,3.4,0.0,SP,否,
7357b52d27cbaa90f81a96cbc1279396,12,1328.02,4.333333333333333,0.0833333333333333,MG,否,
3faf68a3b0af94b10bac70d86077be49,7,1322.93,4.571428571428571,0.0,SP,否,
5d9f3746e112e696f98ea22c56b3e912,1,1322.64,5.0,0.0,SP,否,
e439f7176d763f92de325271111b2fd5,6,1320.9,5.0,0.0,SC,否,
d2e753bb80b7d4faa77483ed00edc8ca,14,1320.7,3.678571428571429,0.0714285714285714,BA,否,
2bd05d410a8fd26dc4184a15f4f2f588,6,1316.73,5.0,0.0,MG,否,
5151aea44289d6c6b090ee31c2132508,7,1315.3,1.8333333333333333,0.0,SP,否,
4eb61f060e7dcc1d5a80d806c35cc541,8,1313.0,3.875,0.0,SP,否,
c794dab4928dd97beb41d05514441e86,16,1312.4,4.375,0.125,SP,否,
863d2ebcd347ce4922de7a0f9a5581d6,17,1312.36,4.0588235294117645,0.1764705882352941,RJ,否,
f4a04f7be452aa3bb31760bf00055dd0,18,1312.1,4.666666666666667,0.0555555555555555,SP,否,
626ab1cd96932367f0eeec2e47046c12,3,1310.0,4.666666666666667,0.0,SP,否,
7f40d06aa0b5f1aa4f41af8c0480e2ef,6,1309.94,4.833333333333333,0.1666666666666666,SP,否,
9a1aea68d3efa00862ec88c0768037d0,7,1309.2,4.428571428571429,0.0,SP,否,
a13580f0e8f782b7a543885a0ef99f08,10,1304.9,4.4,0.2,RJ,否,
83b08de96980757220871b31bf6cffca,5,1304.17,4.0,0.4,RJ,否,
45a3d05fb00435e52a28859dd03703b3,1,1299.0,5.0,0.0,SP,否,
56e361f411e38dcef17cdc2a3d99628b,5,1298.0,4.0,0.2,SP,否,
d101c6da914ae3d53f7bee42283f2fe2,13,1297.4,3.615384615384616,0.0769230769230769,SP,否,
51ed72984a04e5dd35c2b27e77179038,7,1294.3,3.571428571428572,0.1428571428571428,SP,否,
b9ca8e8baa5d4aa038394a700f63e69f,14,1289.77,4.214285714285714,0.0714285714285714,SP,否,
25e47381a6c510ddeb36084e33b89f0c,16,1289.6,4.25,0.0,SP,否,
141440cad9341e553f8401c574a2aa38,11,1288.2,4.454545454545454,0.0,PR,否,
e3d3b3efac954a60d61be70b7e05b49b,3,1282.05,4.333333333333333,0.0,SP,否,
4eeb99008a0f59d2c7759c59f9a346eb,2,1282.0,4.5,0.0,SP,否,
269cff2d3c8d205c11f37a52402ea93b,4,1281.59,4.5,0.0,SP,否,
a478c7961d6a992065b24e63b366f90b,8,1281.5,4.875,0.0,SC,否,
5795aebfe331fbcd02a2c4b679fb7952,6,1280.0,3.8333333333333335,0.0,SC,否,
fec8cd45395b3cb0c2b173d7739706a1,4,1280.0,3.75,0.0,SP,否,
bb5d956dece964a06c12bceb66b923ae,2,1278.36,5.0,0.0,RJ,否,
fa74b2f3287d296e9fbd2cc80f2d1cf1,5,1274.49,3.2,0.4,SP,否,
3f8034bfc6b8b4135534975d49f04c63,11,1273.9,4.0,0.0,PR,否,
128f9bfbe4c7d5185033914b1de3d39a,13,1267.39,4.769230769230769,0.0769230769230769,SP,否,
c8c1bea22194a4eefa2dc9a9fa89f536,7,1266.0,5.0,0.0,SC,否,
2646baaf662d4d92ac48f047e35db92d,15,1263.05,4.466666666666667,0.1333333333333333,SP,否,
9ed65337433adfbedefd23dd76eaa494,6,1262.6,4.833333333333333,0.0,SP,否,
da7039f29f90ce5b4846ffc0fcc93beb,17,1259.1,4.529411764705882,0.0588235294117647,SP,否,
9140bd1d9de28b197dce077bdd687438,6,1258.87,4.166666666666667,0.0,SP,否,
8a9260f2b0340411d6d2a56bcf4f7378,8,1256.0,4.75,0.125,MG,否,
b8578d2d823bd8e251f6fdd02b40902d,9,1255.6,4.444444444444445,0.0,SC,否,
734def04b237117a09321dd6d8f3f2a2,2,1252.43,5.0,0.0,SP,否,
402916f742e5c740cc751493d9cf5053,9,1252.0,4.666666666666667,0.0,MG,否,
30a81d8cf85fb2ada1b1b094c9583a95,17,1245.42,4.823529411764706,0.0,SP,否,
3fac58ce0ad699020c7944d53c41329c,10,1244.95,4.4,0.2,SP,否,
5d76d80a2f5f39c891b996a1bf4c9853,6,1238.5,4.833333333333333,0.0,SP,否,
67225bff54a172ff67579aaf583efd78,8,1238.0,4.5,0.125,PA,否,
058cb5aeb36d7c0fcae20fc85d5e0a59,11,1236.0,3.8181818181818175,0.0909090909090909,RJ,否,
4fb41dff7c50136976d1a5cf004a42e2,3,1230.0,4.0,0.3333333333333333,BA,否,
a36ac007a4d18f865c8d32c3b2402c2d,8,1229.79,2.75,0.0,SP,否,
7daca0837f033a41a6f3428c18657533,7,1228.98,3.571428571428572,0.2857142857142857,SP,否,
2d518637f53161b973e01f56ea4bb88e,13,1219.89,4.923076923076923,0.0,SP,否,
9c4d31c7e46ab03a43fc06e3142afd4e,2,1218.9,4.5,0.0,RJ,否,
7a425d299613df3e613bcf9d2eaf5c49,18,1218.8,4.111111111111111,0.0555555555555555,RJ,否,
2cb6eb1b7185064167657fa09f541105,6,1217.9,4.5,0.0,MG,否,
f9d010e39375d9c91dce3f40b73a2f84,4,1212.0,3.5,0.25,SP,否,
788e857f317e53de488d393e65a80f45,11,1210.0,4.909090909090909,0.0,SP,否,
b566ab0ef88016e00422755e305103c6,5,1208.0,3.2,0.2,MG,否,
bc07d855eac23aab5ac8a120f21d16b2,11,1202.62,4.454545454545454,0.1818181818181818,SP,否,
7238f877570096ae403c51898fa64566,3,1200.0,5.0,0.0,SP,否,
6bef34c5be6f2bbd70aa5165f6df94b1,2,1198.0,2.0,0.0,SC,否,
11fb6f6d341adbe19e81733701704635,3,1197.0,5.0,0.0,SP,否,
a20d8058c866dbaeca014d2cd20ac62e,2,1194.0,5.0,0.5,SP,否,
f235413f677777a0738ff215d0184901,2,1191.98,5.0,0.0,SP,否,
700f03c207639c22d933381ff60b35c2,4,1189.86,4.0,0.5,SP,否,
c0098efcf800861dcae589affca31408,9,1189.28,4.777777777777778,0.1111111111111111,SP,否,
1710c3aaa9c6b44ec3883ee0fe300e21,2,1188.9,5.0,0.0,SP,否,
c273175f7c6c80fb02f051e2fc6d0d72,14,1188.23,3.7857142857142856,0.0714285714285714,SP,否,
1dcfa3835714681d4ba4a93bc1e0fd41,12,1186.6,4.2727272727272725,0.0,SP,否,
439a47cc365d6e3bd526812ea9de3c29,8,1186.5,4.25,0.125,SP,否,
3092c0b297aacfb4bb6e056ebe13b9b8,16,1184.3000000000002,4.125,0.0,SP,否,
a5259c149128e82c9d6d46e0c1c812bb,8,1182.26,3.875,0.0,RO,否,
7ff588a03c2aeae4fbd23f9ae64b760d,14,1182.2,4.642857142857143,0.0,SP,否,
327b89b872c14d1c0be7235ef4871685,3,1177.0,2.333333333333333,0.6666666666666666,AM,否,
b1aaae6b66ad3c40f54b389d7ea4bee0,15,1176.5,4.4,0.0,SP,否,
dbec9a0a7efeff029d4d9dce7dc4cc95,3,1170.0,4.0,0.0,MG,否,
f1b854361f4e15d5851b494df66f22b2,3,1168.8,3.333333333333333,0.0,RJ,否,
8629c241b3622ac12cd4118afdc8d394,13,1167.66,4.076923076923077,0.0769230769230769,SP,否,
5ee7fd217d08dfe5d3e2f51f96a12c9a,9,1165.5,3.4444444444444446,0.2222222222222222,SP,否,
c8e135e7b21ecbc36c1153a29d2f5a06,7,1165.5,4.857142857142857,0.0,SP,否,
d1c7fa84e48cfa21a0e595167c1c500e,12,1156.03,4.333333333333333,0.0,RS,否,
d1b9d4be4b6f9ebd85f8acd6745ba612,11,1154.35,4.181818181818182,0.0,MG,否,
2d378dbb39815785238c0139c7647fb7,2,1154.0,5.0,0.0,SC,否,
c35672b10ad50968f567ea3f4b91e877,18,1150.57,4.5,0.0555555555555555,RJ,否,
5fd924b4836098a5be0ecf81ba054ce0,7,1148.8,4.0,0.0,SP,否,
1d2732ef8321502ee8488e8bed1ab8cd,4,1148.0,3.0,0.25,RJ,否,
d4910f1cdcfdabd48d6b316e395d4a23,11,1146.88,4.909090909090909,0.0909090909090909,SP,否,
10ff823eda2b032e2c93d17a7d294736,8,1144.98,4.25,0.0,SP,否,
1ca4bdb0cd7fc48e949bac066188ed26,3,1140.0,5.0,0.3333333333333333,MG,否,
5b97c06a046398e7005b2b7c0d707a92,3,1139.97,4.0,0.6666666666666666,MG,否,
10089e9f2fd0c668a8fd4e52e1698888,3,1139.9,4.333333333333333,0.0,SP,否,
5f26c1408a65b42a7224cd463bdf3292,10,1139.8,4.8,0.0,PR,否,
6b89abe95848c850399130d149a39b63,8,1135.2,4.375,0.0,GO,否,
5b07547f10dd980738a1a27f685af669,13,1134.6,4.461538461538462,0.1538461538461538,SP,否,
713e3a23ca5e47786eb6f0d99f94cfac,4,1126.0,4.75,0.0,PR,否,
ecccfa2bb93b34a3bf033cc5d1dcdc69,12,1120.85,2.833333333333333,0.1666666666666666,PR,否,
c878515173c84a492ebe50d6b493230b,9,1118.84,4.111111111111111,0.2222222222222222,PR,否,
cda598c48d7c614bc1cad7d8ff6f0010,17,1118.6,4.0588235294117645,0.0,SP,否,
365e445f796710c3431557e85caa25db,4,1115.0,4.5,0.0,SP,否,
1b65c144b17e607c0f37f10bb7dfec8d,5,1109.5,2.0,0.0,SC,否,
b586cd24c010a13916af621b0325fbba,6,1108.94,3.8333333333333335,0.0,SC,否,
6c6cc59a5c00cacc5054ca06d65cc282,1,1107.0,5.0,0.0,RS,否,
abc015ebac1d283a323ca9db35ede4b9,12,1106.8,4.416666666666667,0.0,SP,否,
a425f92c199eb576938df686728acd20,16,1106.3,4.5,0.0,PR,否,
457fe919b032a3f7dadba6fb92cf7855,9,1104.89,4.777777777777778,0.1111111111111111,SP,否,
48328ec9a579151d9cc6a86d4a59336c,1,1099.0,2.0,0.0,RS,否,
4b39558c138930b9e5489c93b6df5fe3,4,1096.7,4.5,0.0,SE,否,
b55638ad525e906c698fa2ce742c1742,11,1094.8,4.181818181818182,0.1818181818181818,SC,否,
119d1aef1b4144adba89163f6cd9f5d4,4,1094.0,4.75,0.0,SP,否,
8b655f0855926bcb49f5835d38dfddf6,5,1089.5,4.8,0.2,SP,否,
e504a4e2efaa45cbff7e268a2c58c956,10,1088.9,3.8,0.3,SP,否,
f205b1a3ca9a34e0f8a228bae6e4c7b3,8,1088.0,4.875,0.0,RS,否,
76ea5315acb3f5f7ade3cd261faf922a,15,1087.06,4.266666666666667,0.0666666666666666,SP,否,
fe87f472055fbcf1d7e691c00b1560dc,6,1085.8,4.5,0.1666666666666666,SP,否,
e48cc16ab70bfa09e1401740dce0b3d7,14,1084.83,3.571428571428572,0.0714285714285714,SP,否,
39f776d2974049026ff531fc42ef2a3e,3,1084.04,3.6666666666666665,0.0,GO,否,
71dc18fd8cbf5fd77f45dd8b427abb34,4,1080.0,5.0,0.0,PR,否,
4091f77d8c768fc3e81c20761471761d,8,1079.0,2.75,0.25,SP,否,
4736e9d642ef4257cd7622516931eb51,16,1078.87,4.125,0.0,SP,否,
03a2a6dcbe45d639c4dc2a0d24769c40,9,1078.41,4.111111111111111,0.1111111111111111,SP,否,
a066df7361163e7ddc5d7452dd17448b,15,1078.3,4.4,0.2,SP,否,
577719699805dd125d5b6fdde5943bba,8,1077.8000000000002,4.375,0.125,RS,否,
167fd940acebc789debd6eb418c46e38,5,1077.58,3.0,0.2,SP,否,
3d4b1ae7539303b5704493798893e82c,6,1076.0,4.833333333333333,0.0,SP,否,
6562efe88ce0826a4ca4f189f03b4b84,8,1076.0,3.875,0.125,PR,否,
4cf490a58259286ada5ba8525ba9e84a,7,1075.3,3.4285714285714284,0.0,SP,否,
596849622429351f47b32e6cae1055ff,13,1069.8,4.083333333333333,0.0,SP,否,
334cab711dee080b079fa5779b584783,11,1069.7,4.909090909090909,0.0,SP,否,
b18871c324516afa228a13e8f1ef0ae9,9,1064.6,3.4444444444444446,0.1111111111111111,SP,否,
eb72802c83dc7547529c9546d1a9b8ef,8,1063.92,4.625,0.0,SP,否,
8fbd63429be6d3e5e6d1a709b6464802,6,1061.4,4.833333333333333,0.0,SP,否,
b2eecf5ea250510da76590ca79d60e5d,9,1060.0,5.0,0.0,SP,否,
226b05fe067266c59c15dae208213d06,10,1056.9,4.5,0.0,PR,否,
55dedd83e501d8248880557d9073cbfd,8,1055.3,4.875,0.0,RJ,否,
9d7a1d34a5052409006425275ba1c2b4,13,1054.82,4.384615384615385,0.0769230769230769,SP,否,
fcf16b7a8697e559f0123190bb30177d,3,1052.8000000000002,3.333333333333333,0.6666666666666666,SP,否,
4324dd16853115efb0fd9d0d131ba6f4,12,1052.25,4.083333333333333,0.0833333333333333,SP,否,
bb135baca94c82fcb731335ad5b04a03,18,1049.8,3.055555555555556,0.0,SP,否,
49067458c68f7701fd334ce326accbe0,17,1047.65,3.3529411764705883,0.0588235294117647,MG,否,
ea6b12bf9ffe2bac34602ec631d97a47,9,1047.3,4.333333333333333,0.0,SP,否,
1cbd32d00d01bb8087a5eb088612fd9c,11,1045.47,4.181818181818182,0.0909090909090909,SP,否,
c03121937e54a93fcc1825c3098bbb6e,7,1043.0,5.0,0.0,PR,否,
89f69225956f951295ca4c7fb1266553,11,1041.3,4.2727272727272725,0.0909090909090909,RJ,否,
1bc2e21de46adfea6b98cc96b00f3b40,3,1039.95,3.333333333333333,0.0,SC,否,
633ecdf879b94b5337cca303328e4a25,6,1037.6,1.8,0.6666666666666666,SP,否,
7df1fc11cc5cbc518b39faa60cf5d67c,5,1037.6,4.2,0.0,MS,否,
c54679b132454625907c773d273d4126,7,1032.0,4.857142857142857,0.0,SP,否,
8c5e007d7bd5693fa1386ffefbc99f6c,9,1029.11,4.333333333333333,0.0,SP,否,
8f2b51a30523cdecddc2f179f351c7d6,7,1027.9,4.142857142857143,0.0,SP,否,
76c47a299e4a8fe992316a85865acbe9,6,1024.46,4.666666666666667,0.3333333333333333,SP,否,
e58a5b390e28abc0b216cfb0e07d27d7,7,1022.6,4.857142857142857,0.0,RJ,否,
26785a546900236d66f2e4197c211158,15,1019.2,4.666666666666667,0.0,SP,否,
7aa538dd6e114e503a2e6154ea352253,5,1016.68,4.4,0.0,SP,否,
a13aaf2d2886ab9fb30fb9a920160b8f,4,1011.52,4.5,0.25,SC,否,
28872dc528e978a639754bc8c2ce5a4c,1,1009.9,5.0,0.0,RS,否,
5b664594895aefb418afaee6d40a9a23,16,1008.8,3.9375,0.0,RJ,否,
00720abe85ba0859807595bbf045a33b,13,1007.5,3.615384615384616,0.1538461538461538,SP,否,
fb3cfbc8a86f5d7fbb4d36b8df63f60d,10,1007.3,4.2,0.0,RJ,否,
980640c45d7a4635885491d077167e4d,14,1004.29,4.642857142857143,0.0714285714285714,SP,否,
ef9952469137ff190bacafe117f51537,5,1002.66,4.8,0.0,MG,否,
515d781150feed28a6ac091bb0e3cb8c,6,1002.35,4.166666666666667,0.0,MS,否,
2379bdc3888025689a9deb7b141507d5,9,999.5,4.333333333333333,0.3333333333333333,SP,否,
41c9d3997dd3c072c31139dc5bb5761f,3,998.8,4.333333333333333,0.0,MG,否,
cb4a705d00e100b9732d0ca34817d441,1,998.0,1.0,0.0,SC,否,
de9727ca376d1be6ec121b110aa7954c,9,997.8,3.6666666666666665,0.1111111111111111,PR,否,
b5e3e38609125694d2ea2417522a60b7,16,995.04,4.3125,0.25,SC,否,
04e38a233f726ef161074ab1c9b0399a,19,991.6,4.105263157894737,0.1578947368421052,SP,否,
8a43128d7f9a3db592b866e6861a6cce,3,990.6,2.333333333333333,0.0,SP,否,
7ecef8194babfec876ca720714327841,7,990.5,4.285714285714286,0.1428571428571428,SP,否,
d1582f4043306e6b91afa6a8a884f898,9,990.0,4.111111111111111,0.1111111111111111,SP,否,
6025c79c035c3d772133b8b8238463b2,2,989.74,5.0,0.0,PR,否,
edd066cd02126d7800f9b66e980e9931,6,987.7,5.0,0.1666666666666666,DF,否,
e84ad2127668df3aafc6b73531a0beb8,19,987.0,4.368421052631579,0.0526315789473684,SP,否,
7a9c12e235c36247c3c81f50d6ea9cea,5,983.9,4.6,0.0,SP,否,
adcf50477d6a1f5d91bb9d54c4903cb5,16,981.86,3.5625,0.1875,MG,否,
83645b1645cdee8953ee54c29ceed564,14,978.9,4.428571428571429,0.0,PR,否,
e0eabded302882513ced4ea3eb0c7059,8,978.4,4.625,0.0,SP,否,
a99504ac23ed125aaf5302af6cc30af9,1,978.0,5.0,0.0,SP,否,
8e670472e453ba34a379331513d6aab1,1,975.0,1.0,1.0,MG,否,
3f2af2670e104d1bcb54022274daeac5,6,973.6,3.333333333333333,0.1666666666666666,PR,否,
0e982cff76cc0579f632cea8a0e38c9d,6,971.9,4.333333333333333,0.0,SC,否,
9bc484c87d79cd4874e05ca182658045,8,970.0,4.25,0.25,SP,否,
528bcf6680c36dddf07620bd35b33a6f,2,969.98,4.5,0.5,SP,否,
ec4608a1f76453166bb312b2968aeaf4,17,968.81,3.294117647058824,0.2352941176470588,SP,否,
9261d76c62caaf0b24677c2ceb7f8f20,6,968.7,3.8333333333333335,0.0,SC,否,
9e9b539eb2806acee3f5c28085c1db9f,3,967.0,3.6666666666666665,0.3333333333333333,MG,否,
4b1eaadf791bdbbad8c4a35b65236d52,5,960.09,2.6,0.2,SP,否,
b19c48688808720822399ffa9f2dbe2f,1,959.99,5.0,0.0,SP,否,
05730013efda596306417c3b09302475,4,952.0,5.0,0.0,SC,否,
f0e103c63864d5405b958d984b6e94c9,11,951.7,4.727272727272728,0.0,SP,否,
5b2e94f2c22b39ccc24d34ad0f669672,10,949.78,4.9,0.1,SP,否,
07017df32dc5f2f1d2801e579548d620,8,946.49,4.0,0.0,PB,否,
4f1f1c8666cdb6442f775c4e8caed465,2,944.98,5.0,0.0,MG,否,
69b5eaa096c3f9d1e5c398c597f567d6,2,938.0,5.0,0.0,SP,否,
79a679c36c08d606b3fd47ead9de109b,3,935.0,2.0,0.3333333333333333,SP,否,
db46ca7bce82b11f7e247539271fc390,16,933.97,4.5625,0.0,RJ,否,
c8025364abeecb115431bf95c11a747f,2,928.0,4.5,0.5,RS,否,
20b54c376b794ed028df09a3cd88e8dc,7,927.87,3.7142857142857135,0.2857142857142857,SP,否,
343e716476e3748b069f980efbaa294e,17,922.6,4.3125,0.0588235294117647,SP,否,
2d42ebcda99fd55f6f4bc2f1ca035d50,10,921.5,4.3,0.0,GO,否,
ef2fbc2b607d8492bcffe657a4645434,19,920.9,4.0,0.1052631578947368,RJ,否,
670a9dda115b5a88b18cfadee8de2332,11,918.9,4.454545454545454,0.0,SP,否,
7d7d2b7a51328016102d4528c411d630,7,918.8,4.142857142857143,0.1428571428571428,SP,否,
dc7192adf8ba09569261f4a8d576afe0,7,917.0,3.857142857142857,0.0,SP,否,
e9729944ba65dc3ce425e0c5a22ae7b2,4,916.7,3.75,0.25,RJ,否,
32e5635e63cb374eb63afdd242fb6134,1,910.0,5.0,0.0,RJ,否,
70849ca4f400aaabb62cb7462a6f1428,12,909.58,4.416666666666667,0.1666666666666666,MG,否,
3f9c56764fabca627406093dcb3ef0b4,7,909.3,4.714285714285714,0.0,RJ,否,
08d2d642cf72b622b14dde1d2f5eb2f5,16,909.0,4.3125,0.1875,SP,否,
e5cbe890e679490127e9a390b46bbd20,2,908.99,4.5,0.0,SP,否,
4a1f694197d05fe70026b016a7316b41,14,907.77,4.571428571428571,0.0714285714285714,SP,否,
e250d617a0ad591ba9bd663e584a895d,8,904.12,3.5,0.0,SP,否,
ae45df84722b1d15c5f32b23a095746c,9,901.83,4.777777777777778,0.0,SP,否,
e1c76f339ebd5460999f25a2aa8c92c5,1,899.9,5.0,0.0,SP,否,
b45d7ebfb7378630f1bcd74b6ff86ff7,3,899.6999999999999,4.333333333333333,0.0,MG,否,
7dc9a3355bae96dd82008b313d3a456c,1,899.0,5.0,0.0,MG,否,
e51f22821f0c12a16ad5c020cdcd55e9,4,898.71,4.75,0.0,SP,否,
f8201cab383e484733266d1906e2fdfa,10,889.0,4.1,0.2,SC,否,
160e4f13fd3a64b1b86807be88b5ffb0,4,886.0,4.25,0.0,PR,否,
e1dc0754bada9ee4cfe9713f22f61292,12,885.0,3.8333333333333335,0.0,RJ,否,
ffad1e7127fb622cb64a900751590acd,10,884.3,4.8,0.0,SP,否,
48985c61529077fa4f1e38bcff0f2ed3,7,879.3000000000001,4.428571428571429,0.0,RS,否,
3c3017960b2dbd72711a61f0400aab8f,9,878.9000000000001,3.888888888888889,0.0,SC,否,
134a288e7de827ec5ec62e3ec9c3a295,9,877.45,4.777777777777778,0.0,SP,否,
17eea220a40cc0d2c0c5346379682398,3,875.98,3.6666666666666665,0.6666666666666666,SP,否,
1f867308a0ce13133a4e639ff4de0c02,7,875.1,4.142857142857143,0.0,PR,否,
cac63f48c38cd7d002a7e846dcd99a23,10,874.0,4.8,0.0,SP,否,
3d621842b2ed28e2b474132480edac3c,8,873.9300000000001,4.625,0.0,SP,否,
efff9341f3f8f5237b44ff67ed36a7bf,5,872.99,4.4,0.0,ES,否,
9c690ceacd5c66731bf443ea810195cb,10,871.8,4.3,0.0,MG,否,
04fdea0c111866e6cf812f1570d6b5bd,8,865.0,3.5,0.125,SP,否,
a67780aba9dd436e7ac0aa1f889e73ec,6,863.0,3.6666666666666665,0.3333333333333333,SP,否,
41da412d33e8da4f22baf55cb1bde82c,15,862.9,4.666666666666667,0.0,ES,否,
5011f0d93373a4c5753adf58ca77af8d,11,859.52,4.090909090909091,0.0909090909090909,SP,否,
c4fabeea6e569d42d02993bb1f4f1cbc,11,859.3000000000001,4.0,0.0909090909090909,CE,否,
2c43fb513632d29b3b58df74816f1b06,3,858.0,3.6666666666666665,0.0,MG,否,
e8dba4d70f7f2b20e775d09cae01142d,9,855.91,4.333333333333333,0.1111111111111111,SP,否,
9198786624eaeb375793215cad26cfa6,8,854.4,4.0,0.0,SC,否,
f783a638e9c6af4a7d0dbfde811e7a81,5,849.8,4.0,0.2,SP,否,
1099a00e0ee3a50935e6c2447ca090c5,3,849.6999999999999,3.6666666666666665,0.3333333333333333,RJ,否,
010da0602d7774602cd1b3f5fb7b709e,1,849.5,1.0,0.0,SP,否,
4221a7df464f1fe2955934e30ff3a5a1,5,849.5,4.8,0.0,BA,否,
a0d7fbb07bb5ebc3b05980e750db56f3,3,848.99,2.333333333333333,0.0,SP,否,
3dbbce181edfaa4a597ec858c382d2ec,17,848.3,4.235294117647059,0.1176470588235294,PR,否,
fe1b067411b8c5066e962aa146ccee03,8,847.78,4.625,0.0,SP,否,
2b03ac196f5ed62ac483960fe0fa3b65,7,843.1,4.142857142857143,0.1428571428571428,SP,否,
ddd51ae8cda92f3995a51fc0f0f3eec7,8,842.6999999999999,4.625,0.0,RJ,否,
0791d9fc1e30678ecf03d3e55fa108d3,5,842.0,4.0,0.0,MG,否,
a1544b9ea0b2390e020537d4daa89049,8,841.2,3.875,0.0,SP,否,
a3b42d266fa8afc874b909422ce88582,1,839.4000000000001,5.0,0.0,SP,否,
c37b2059d4f90d4feead554e5246565e,12,839.3,3.333333333333333,0.25,SP,否,
6e4f5ff6b086632ba8dcb558fb10249e,5,838.9,3.4,0.0,RS,否,
82cb9f452fe8334df74b22d37824b431,14,838.2,4.714285714285714,0.0,RS,否,
eba88037e1dca898cd02881f67ced679,6,838.1,4.333333333333333,0.1666666666666666,SP,否,
b81e3a6c866a764974fe849821abeebd,8,836.1500000000001,4.625,0.0,SP,否,
297d5eccd19fa9a83b2630071ff105e4,8,834.97,5.0,0.0,PR,否,
1bb3812d5f0747a3ab7348f199001a10,9,834.4000000000001,4.888888888888889,0.0,SP,否,
91543f9849d68d023e17194926598543,4,834.0,4.5,0.0,SC,否,
c00396cbdd2e088fe4281baa5920aef1,1,832.4100000000001,5.0,0.0,PR,否,
9485a23c0430ba1d58d359391606fce6,4,830.9,3.75,0.25,SP,否,
8602a61d680a10a82cceeeda0d99ea3d,17,826.99,4.411764705882353,0.0588235294117647,SP,否,
1cd9e0cc1839d55516843def5600816d,5,825.0,5.0,0.0,SP,否,
51e4e89242cbb846c2deff3dc015650e,16,822.58,4.625,0.0,RS,否,
28ea411b354f14b1a494be4e79f0ce02,6,820.0,4.666666666666667,0.1666666666666666,SP,否,
973f21788dfab357250f69a8dcb7ddee,9,819.0,2.111111111111111,0.5555555555555556,MG,否,
0aa2205ca24f113f4658a5c536667426,4,815.62,4.0,0.0,SP,否,
63a79f5a7eb5cb48a7e5787b141c7993,11,815.1,4.545454545454546,0.0,MG,否,
daf565f087a52def0fd5c5825b3661bc,9,813.9000000000001,3.625,0.1111111111111111,SC,否,
dc64d75cc406bb0697be983831430e60,4,813.0,4.75,0.0,MG,否,
a1bea7061f61f6fdd9a85a6325ba1033,9,810.95,4.444444444444445,0.1111111111111111,SP,否,
725af026f869236a8dd0ceb98564d156,5,810.72,4.4,0.0,MG,否,
5996cddab893a4652a15592fb58ab8db,1,810.0,5.0,0.0,SP,否,
bd4431c1a8dfa744b59e1e2a8bc99b9e,7,809.5,4.571428571428571,0.0,RJ,否,
14ee35374a7876217954b5fa08e50463,6,809.0,4.333333333333333,0.1666666666666666,SP,否,
ba5daa4041e1f15cdf34b76e3e18a450,15,806.8000000000001,4.266666666666667,0.0,SP,否,
caa9bc43a9fe8cf9c564ddd8a03cc4a6,13,803.87,4.666666666666667,0.0769230769230769,SP,否,
b5abf4f36adc043117b4fca82c22984c,8,803.0999999999999,3.125,0.25,DF,否,
a72c2f59332659e361d647515c698798,5,802.9,4.8,0.0,RS,否,
11eac105f3f90a9b87b19c89d91e24f3,5,802.89,3.6,0.0,SP,否,
ba6b4a237f92479743cf0ca06b67a9ac,8,801.89,4.25,0.125,RJ,否,
557f22c76691849db52d2abccf0015d0,12,799.87,3.272727272727273,0.0,GO,否,
253f95b3a0e6983ae18aed49fbc2b845,5,799.5,4.4,0.0,SP,否,
9c7fd21e0aa159b20da593371f08ff7c,7,798.3000000000001,3.2857142857142856,0.1428571428571428,SP,否,
13511db12ac61e2f89c53b72a944a60b,6,798.0,3.5,0.1666666666666666,RS,否,
365e4bce19bda0082c3d15d83fdb8bcd,6,796.4,4.666666666666667,0.0,SP,否,
5a05a16bb50629ee31afab8a6d4c2674,14,794.3,4.214285714285714,0.0714285714285714,RS,否,
e3a386fc36e22064434e1fa256f6a9fa,16,793.9,4.1875,0.1875,SP,否,
0d4c8269e7f0401201794deef160edd6,3,792.64,3.6666666666666665,0.0,SP,否,
4ef4c39cf3c24f326434cf0b2e48046a,7,792.0,3.7142857142857135,0.1428571428571428,SP,否,
52956b80ae65fda598f06f6b9943e7a9,3,792.0,4.0,0.3333333333333333,PR,否,
134b867a0f7f8bbe6abf10f91874891e,1,789.89,4.0,0.0,SP,否,
f9eedec3129e8cc6b6429c42d0808c5b,2,789.8,4.5,0.0,RJ,否,
2305ab43e846518f58dd9d59f3f54e96,3,788.89,3.6666666666666665,0.0,SP,否,
4c61e37f664c3c88aff092aa5ac779d7,7,788.3100000000001,4.0,0.2857142857142857,RJ,否,
3492e68f37fd1df87f4f2f2ea247f445,8,787.86,3.875,0.125,SP,否,
da03c298e3999e9d828591fc2179d109,4,787.7,4.75,0.0,SP,否,
1cbd50a8c52e6cf8e315c5709fab386f,9,785.97,3.7777777777777777,0.1111111111111111,PR,否,
9d681c7e12db302cb261e721040dde65,13,785.6,4.923076923076923,0.0,PR,否,
9535a841eecebed61a9fb1ac1cbb5597,2,784.9,3.0,0.0,SP,否,
de09d00cfc265b8804c7df34075a68fa,3,784.0,3.333333333333333,0.0,SP,否,
5f06030071324cc52bf0304014ac7234,4,783.96,4.0,0.0,SP,否,
6b9b80d53ba3676eafe60268a810b5a1,9,783.7,4.222222222222222,0.0,SP,否,
d4f117125b59ce73c3302f88ee40c458,17,783.29,4.823529411764706,0.0,SP,否,
ef30892870c278497523264be1be2241,9,783.2,4.555555555555555,0.0,SP,否,
52a52b9f656520e99716f5bc40f661c8,7,783.0999999999999,4.0,0.0,SP,否,
11742f81550ac064cc9a40f67151d9ad,2,781.9,5.0,0.0,SP,否,
70bf57d811208f8923b41bbd499a67a4,7,780.8000000000001,4.142857142857143,0.0,SP,否,
e560e4022d8f7aebf155db95946c5c0f,2,780.0,5.0,0.0,MG,否,
cb6c9f5888a7a090c75beaf615925792,11,779.8900000000001,3.8181818181818175,0.0909090909090909,ES,否,
6524b847b982cd56bb5d4b02b776ee42,1,779.8,4.0,1.0,SP,否,
4deebb3199eeafb282ae33229144f94b,4,779.7,4.0,0.25,SP,否,
5a413ade68e8f8d93071a7f52a64cb9e,14,778.9,4.642857142857143,0.1428571428571428,SP,否,
68f86ba270525243e68ae74044f992b9,10,777.5,4.5,0.1,RJ,否,
d66c11a9572221d92fbb8c4897db5f9b,16,776.56,4.5625,0.0,RJ,否,
74636e24f01da9268b0ed88dacd8513e,4,776.0,4.0,0.25,SP,否,
5c3460cd3e8a984382ae254e7dd20d9f,9,775.76,4.666666666666667,0.0,SP,否,
d9442042130b7fe579d1295f9f4a248f,19,772.16,4.368421052631579,0.0526315789473684,SP,否,
e644cbadf7eeb30d0d29f335ce7d52ec,7,768.91,4.0,0.0,SP,否,
0ff83046c3fa22efee8ecf291888b191,10,768.9000000000001,4.8,0.0,RS,否,
4a1917ef994878940e1fb03eeb787ad7,2,768.0,3.0,0.0,DF,否,
562f8cfc51f265411f487d07e9c40e7f,13,766.9200000000001,4.538461538461538,0.1538461538461538,MG,否,
6f83d9e4da896daae20b9b6b2d3ff8d2,11,765.19,4.363636363636363,0.0,PR,否,
0b36063d5818f81ccb94b54adfaebbf5,1,765.0,5.0,0.0,SC,否,
5acd070dd3fe441bbb2ec1f1ede515ee,7,764.17,3.0,0.4285714285714285,SP,否,
2063dd1b9f568df1c16741ea7d3e6adb,3,763.1,5.0,0.0,PR,否,
81783131d2a97c8d44d406a4be81b5d9,8,761.8399999999999,4.5,0.125,SP,否,
39c763cca83e654764b7a4a650fb9b7c,11,761.0,3.8181818181818175,0.1818181818181818,GO,否,
a56e351445e5863fc8960640ba9190c7,3,760.9200000000001,4.333333333333333,0.3333333333333333,SC,否,
ca77545ca4d2dfd1431bf61334e2fa3c,6,760.0,4.666666666666667,0.0,PR,否,
7c51de0ab286204ce75ff42bf7c10d92,4,759.0,4.5,0.0,SC,否,
c1ed9e3daf6154542826a6996af0fb8c,8,757.5,4.25,0.125,SC,否,
458c6fa920810ce2492da71bc26d9eec,2,756.76,2.5,0.0,SP,否,
cf654707ed6a99f112c7ec3d6f314b8b,3,756.0,4.666666666666667,0.0,SP,否,
21c62b998a043ebe31161d38f84929fc,4,750.49,4.5,0.0,CE,否,
61c36f0fc4a47f9532e5512b66668e62,1,750.0,1.0,0.0,SP,否,
9dc79dd988ac42f4d56c340d7048420a,4,749.6,4.75,0.0,SP,否,
87d3c3aeb3ead335511b3ce315eb341e,15,749.3499999999999,3.5,0.0666666666666666,SP,否,
fd435faa3c0422b60440ea3480d0e77c,1,749.0,5.0,0.0,PB,否,
191d55f7edb8524d525ed01b20fe32e8,3,747.0,2.333333333333333,0.3333333333333333,DF,否,
c89cf7c468a48af70aada384e722f9e2,14,745.0,4.0,0.0714285714285714,RJ,否,
ba6ce6de456f6c11d08c17701ba5c26f,6,744.35,4.166666666666667,0.1666666666666666,SP,否,
e8a85b5f3df47be0984c55fd4064dbb4,8,743.0,4.5,0.125,DF,否,
6e864f5c4669eff3d98140a07cc50202,13,740.59,4.461538461538462,0.0769230769230769,SP,否,
2ba91c7ad80ff88b23b7db823b43c233,6,740.4,3.8333333333333335,0.3333333333333333,SP,否,
5bba18b40e8c973b0f32e748004775b0,1,739.98,5.0,0.0,SP,否,
8a40ae794fa3f9892cee24bd5af0488b,6,739.85,3.1666666666666665,0.3333333333333333,PR,否,
ba6b68b55fe8704377a7d43c8e5c0185,5,739.77,4.2,0.0,MG,否,
6bb62a4912377c7bfe7cb17b406bc7e6,4,739.52,4.25,0.0,SP,否,
8c91bfea4263b8fba54081460693e2a1,2,739.0,5.0,0.0,RS,否,
e73bf2cea7fe4b0b4d287a7568ed1099,4,737.6999999999999,5.0,0.0,SC,否,
56db5c0782e8f7ddc9343f9576ff6d16,2,734.8,3.0,0.0,SC,否,
33cbbec1e7e1044aaf11d152172c776f,15,730.67,4.733333333333333,0.0,RS,否,
014d9a685fd57276679edd00e07089e5,11,729.88,3.727272727272727,0.0,PR,否,
7210cd29727d674c00741e5e387b3ccd,9,729.0899999999999,4.444444444444445,0.1111111111111111,SP,否,
8b87cd0d43d49b9bdf40f56229364d59,2,729.0,5.0,0.0,SP,否,
da6a60cc8cc724fe51be021ff8be779c,12,728.79,4.75,0.0,RJ,否,
aac51c486b672a9850d59f3e84b1cf88,10,728.28,4.8,0.0,SP,否,
d29ba1220fb8634fa3a107e54497b8a4,9,724.94,3.2222222222222223,0.0,SP,否,
fe1bbc5feda5c8979a8a1b3b2512d5a6,9,724.72,3.888888888888889,0.1111111111111111,MG,否,
6d22a1fcebb6dd08c9cd90b92a93e8d0,12,723.7,4.25,0.0,SC,否,
d9e7e7778b32987280a6f2cb9a39c57d,11,722.5,3.5454545454545454,0.3636363636363636,SP,否,
07d75e33f2750d97d467fb57e4dfdd8a,2,722.4,2.5,0.0,SP,否,
c8cc60ffd415254af5d9b9f34f32c369,8,722.2,4.75,0.0,SP,否,
b16d3dadc47d4eb18be3d88bad0775ce,10,722.1,4.3,0.1,RS,否,
94231344608e603693b0a8891143f65d,3,722.0,4.0,0.0,SP,否,
d79e8478eed9999493990b44955fb22e,5,721.89,4.0,0.2,RJ,否,
07de60b03d150fb3ea09eab5da5e4c8b,9,719.1,4.333333333333333,0.1111111111111111,SP,否,
75a4764c108403a7a0575140cb22287c,5,716.9000000000001,4.6,0.0,RS,否,
ac6417315ae5da8f9a38ee11de6f7780,7,716.4,4.142857142857143,0.1428571428571428,SP,否,
d558ebe531605a1285ab2b1bc3256dfb,3,709.0,4.666666666666667,0.0,MG,否,
024b564ae893ce8e9bfa02c10a401ece,2,706.4000000000001,4.5,0.0,SP,否,
39d61be7a92eb77b7da367bd4845bc0e,7,700.59,4.0,0.0,SP,否,
3ef37b7ca6dd2b80bd8af81a62504996,2,700.0,4.5,0.0,SP,否,
ac51cac5e20d69ff485a54746488ef48,3,700.0,3.6666666666666665,0.0,SP,否,
328acb143b4a73aad6bee8e734f5d20d,2,699.98,4.0,0.0,PR,否,
1b4b28463457a256e9a784ebe2a8f630,1,699.42,1.0,1.0,SP,否,
59cea8e446d3834393058e7e0666b6fb,10,696.6,4.6,0.0,PR,否,
0d83f8e03188682112cc0d93523705cc,4,696.26,3.75,0.25,RS,否,
fac35d150712afb921ec59ac5f39bb11,5,696.0,4.4,0.0,MG,否,
05a940b4ecae36cadfd8e93bd9c43257,9,695.1,4.222222222222222,0.0,GO,否,
052577151711aec5c744fe12e66db3e1,1,687.0,5.0,0.0,SC,否,
2dd1fb6f0e42a2243b8a01e40cd41216,3,686.89,3.6666666666666665,0.0,PR,否,
b4b447d715f9ab302a188fb43d3e96b3,5,685.9300000000001,4.8,0.2,SP,否,
b2c97074649f92197d9387d9033dda5f,10,684.71,4.7,0.1,SP,否,
4e6015589b781adaa5ce7f1892d06bb1,3,684.0,3.6666666666666665,0.0,SP,否,
2fb25ab44bdbeae6a4d816e0d0c9d500,5,683.08,4.8,0.0,RJ,否,
9aa388272ee334b6ae07bc73706e254a,6,678.0,4.333333333333333,0.0,MG,否,
d9cd369bffa979d1634f8e1318bf2f1b,3,678.0,5.0,0.0,SP,否,
89a51f50b8095ea78d5768f34c13a76f,10,677.16,4.7,0.0,DF,否,
a513150f33f99a06569e9cd5c4bb889b,2,677.0,4.5,0.0,SP,否,
5962468f885ea01a1b6a97a218797b0a,6,674.0,4.666666666666667,0.0,PR,否,
6861de0f40cacb0602e473c51639f980,5,674.0,3.6,0.2,PR,否,
c6218512d16fcac0af02fe92691cf274,8,674.0,4.0625,0.125,MG,否,
7354220fb240bde543b3c40c060d41e7,7,672.0,4.571428571428571,0.0,DF,否,
e4ebd3f87bf70440014f07ddda7fbe03,7,671.5,4.571428571428571,0.1428571428571428,SP,否,
6e1862e15f33d9994bc25922a85e1efc,7,668.49,4.428571428571429,0.0,SP,否,
0a85ebe4e328db81ac9109781205e2f7,12,667.9,4.583333333333333,0.0833333333333333,SP,否,
6824a69c9ea0313eba299dd4a2dba09a,6,666.9,4.666666666666667,0.0,MG,否,
5f7300535881cef3b625fd683cf7d145,10,665.98,4.4,0.0,RS,否,
55c26bcb609f480eb7868594245febb5,6,664.4000000000001,4.0,0.0,SP,否,
bdae679a9b282249bc23b9b69dae9a99,6,663.15,3.5,0.0,DF,否,
49383af7ab774e4e8f3000f49c83dc4b,8,660.0,4.375,0.0,SP,否,
8d46553a36e68f95350a200c12f8f2e2,9,660.0,4.222222222222222,0.0,SP,否,
c7fdb77fdbff3c41981bc52f787e959e,9,658.48,3.555555555555556,0.2222222222222222,SP,否,
1961c3e1272bfeceb05d0b78b5bbfdaf,2,657.0,4.5,0.0,SP,否,
b0398568231ba5e6734af1881671a317,4,656.77,4.0,0.0,ES,否,
c447f8dd3ed213f291d65ef074a268eb,7,655.0,3.7142857142857135,0.0,SP,否,
80f2cf9abf6b5a0e5c612b5eea6646e6,6,654.08,5.0,0.1666666666666666,SP,否,
cd3d09fbe6e3e9ff0c0ac0c300e93ae7,12,651.04,4.166666666666667,0.0833333333333333,SP,否,
5d043cd5512d4bd2f88e5ccdd5736c38,1,650.0,2.0,0.0,SP,否,
43402bdf22aa2310e8f99e2f94f78628,4,649.95,2.5,0.0,SP,否,
c522be04e020c1e7b79f3acff36513d5,6,649.94,4.0,0.3333333333333333,SP,否,
f435898e493ba0356019a0b1cb8b55b1,10,649.76,4.4,0.0,PR,否,
236585a4ddb5fea9fa40233e2249ed91,11,649.53,4.090909090909091,0.0909090909090909,RS,否,
9cad4b68bb993ee401a3c5aaa2bc26dd,5,649.3000000000001,2.8,0.2,SP,否,
54aa8463e87776b5612f4bdc4bd5d4de,7,649.3,3.857142857142857,0.0,MG,否,
95b293867b5862941c9cd74f756a3c68,9,648.1,3.555555555555556,0.4444444444444444,SP,否,
b26741d31a563d769b4af0465ab20c56,2,648.0,4.0,0.0,SC,否,
72c38a04bd6a1c3dbc5298425a0db86d,4,647.3,3.75,0.0,PR,否,
2aa3443d7bf9d9bb11133f420d75e083,10,647.0,3.0,0.2,RJ,否,
13f57c12a00ed4610db646b913a7f5c6,7,645.2,4.857142857142857,0.1428571428571428,SP,否,
8d899e15a5925f097cca50faa49b15e3,4,645.0,3.75,0.25,SP,否,
ad273c9eb54ecb4532de4bf75bae9e4e,10,645.0,4.1,0.0,PR,否,
f3295428338a40977a03f555246a70f4,7,644.98,3.571428571428572,0.2857142857142857,ES,否,
bd1d49a326abfa9b1036772e40445430,12,637.7,4.083333333333333,0.0833333333333333,SP,否,
7a91bf945c6fae0779f1c61ce97fe45c,4,634.6,4.5,0.25,RJ,否,
7b98de631987e26dd6d803490c43a13c,8,634.2,4.625,0.0,PR,否,
1430239a858e7682bbc43b20758af153,17,633.99,4.176470588235294,0.0,SP,否,
be8e909810184b9b19e886129149d8e5,15,629.85,3.733333333333333,0.2,SP,否,
685b870da5b52a710782c9c0fefbeb5b,2,627.0,2.0,1.0,SP,否,
8759e7aedd644f487315e5860962f162,3,627.0,3.6666666666666665,0.3333333333333333,SP,否,
0570350b23eda5444f8d1d9544932058,6,626.9000000000001,5.0,0.0,SP,否,
2f09f7d37a97956d11cc1a7cadd5262b,7,625.0,4.0,0.1428571428571428,SP,否,
6cf476a4ca74498db55cbccdaa9dcfb6,5,624.94,3.4,0.4,SP,否,
a2deecd5398f5df4987110c80a1972a3,13,623.81,4.269230769230769,0.0,SP,否,
d8cf3b6a2151949f930d0252b180ec42,6,623.6999999999999,3.5,0.0,PR,否,
ab3e0c171fe84a7ba7de130f19cfb485,6,623.45,4.0,0.3333333333333333,PR,否,
bfd938b22bc99bce1ae60dc602889f52,4,623.4,5.0,0.0,RJ,否,
3969863bb8af7f72580b3b1ffd3a17b3,12,623.15,4.083333333333333,0.0,SP,否,
26bad72add1f86e08a776ce4ffdaf1ca,7,622.0,4.428571428571429,0.0,SP,否,
b5bb2b985208834bd5bd86c7a402bbad,2,621.06,5.0,0.0,RS,否,
1d29dfba02015238dfbe2449a5eaa361,12,612.8,4.5,0.0833333333333333,MG,否,
b44dbfbf62e52125f3c15d230569ea91,4,609.37,4.75,0.0,SP,否,
3d3ccf2b2f8134b10dce9dd446f0e075,3,608.6,3.333333333333333,0.3333333333333333,SP,否,
c6a7539d424a8402232c2228d7a03c5e,10,607.5,3.1,0.1,SP,否,
525e75a6fb1454a2325ab1734bcec221,9,607.17,3.888888888888889,0.0,SP,否,
2059c39f76271d4ca3f15b5ffaccc8b8,12,604.9,4.5,0.0,PR,否,
aae5e7b457a3c72ee230a47d98fceda5,5,604.8,4.2,0.0,PR,否,
eddd1991bd6d9309995a480c39b95137,2,601.0,3.5,0.0,PR,否,
5a6a02f419701fc8c605af71d4fc57a4,10,600.5,4.8,0.1,SP,否,
1588ac4010787100dddef64568f0ae35,3,599.97,3.0,0.0,PR,否,
8e29d051f810eb22959ede205b462b9f,2,599.8,4.0,0.5,SP,否,
68ca56ce86830f3d31b1b7ec6a54da3e,5,599.6899999999999,4.0,0.0,PR,否,
3be5841cdcc46de4ed3f9116f104b2c5,4,599.6,4.75,0.0,SP,否,
53336f97ddbe53e2a617d07b17447b95,1,599.5,5.0,0.0,SP,否,
262237171f48e85819065498cac80d7b,4,599.0,4.25,0.0,SC,否,
d0d70d21e2234dd7cd3cf63fe414148a,8,598.4,4.25,0.0,PB,否,
38e6dada03429a47197d5d584d793b41,7,596.14,4.428571428571429,0.1428571428571428,SP,否,
11938fcc75f6902fea1d0a6f72b54a57,2,594.98,3.0,0.0,SC,否,
8c0de775f52fe41590b376a3b7c50f68,8,594.8000000000001,4.25,0.0,SP,否,
3d68c634a99a1ba46dbca3967a69c623,2,594.0,5.0,0.0,SC,否,
6e0908ef4d4efadbc3cc2b74ea477cb0,8,589.4499999999999,3.75,0.125,RJ,否,
8a87611c08849ffeeccab52aa798b6c7,6,587.9,4.666666666666667,0.0,PR,否,
768a86e36ad6aae3d03ee3c6433d61df,17,587.46,4.647058823529412,0.1764705882352941,SP,否,
6e4a902d1054e4e17aa6eab87fac1c75,7,586.57,4.142857142857143,0.2857142857142857,SP,否,
b274baf5bbd142410eb2958cf685d684,7,585.9,4.285714285714286,0.0,RS,否,
bf961104a38e01b9062ee026bb657dee,4,585.56,4.5,0.0,SP,否,
851773c885feb5e2da3b4f82bc2b17ce,10,585.3,4.2,0.2,SP,否,
70b52a4cfc823994561b00bad161b4ed,8,585.0,4.375,0.0,SP,否,
71271995e85f5b8530be99ed54a91b89,6,582.0,3.0,0.1666666666666666,RS,否,
83353a83fd769dfafa4f21a72b15e3e5,5,579.5,3.8,0.2,SP,否,
be3b4b0f050a6aa1b2d901c4b77e979f,3,578.1999999999999,4.0,0.0,PR,否,
f524ad65d7e0f1daab730ef2d2e86196,1,578.0,1.0,1.0,RS,否,
01c97ebb5cdac52891c0ed1c37ba0012,9,577.5,4.222222222222222,0.0,SP,否,
5ef131ac72773e5b3f6c0d63cf424657,10,575.79,4.1,0.0,SP,否,
ed8cb7b190ceb6067227478e48cf8dde,15,573.5,3.4,0.0666666666666666,SP,否,
26af45f5dfd967225a832838aa4e24a3,10,573.1,4.1,0.0,PR,否,
4e326052e5dbba8adcd512f3450a307e,3,570.0,2.333333333333333,0.0,SP,否,
9599519be538b98748162a2b48248960,1,570.0,1.0,0.0,SP,否,
a35ef466c6fd6d052f5d241240d3c5e2,3,569.9,4.666666666666667,0.0,RS,否,
3f9be91358837bff69df67edfa3e42e8,7,569.7,4.428571428571429,0.0,PR,否,
a254c682cc01e119f83530446f1df9a9,6,569.4,4.0,0.1666666666666666,SP,否,
cd2169d9f31ff6fbb9ca3373b0c9e354,1,569.0,4.0,0.0,RJ,否,
73b8eb4a9a729d4019b24ed1be748cbf,7,568.9,4.857142857142857,0.0,SP,否,
4170f6a9367e6b5d6401d03ce6d54569,4,568.78,4.0,0.25,DF,否,
89ad3263c0931c47f976d7c5778e60f6,6,568.2,4.166666666666667,0.0,SP,否,
f52c2422904463fdd7741f99045fecb6,12,567.79,4.25,0.0833333333333333,SP,否,
b7ed9fb14c8eadb37adb9c45d67ab0fb,7,566.0,3.2857142857142856,0.0,SP,否,
2f74af7a0ee5636f12c2336f9fffed47,13,560.6999999999999,4.307692307692308,0.0,SP,否,
5f5a58930c3c35f3b5af264f34fb8c85,3,560.0,5.0,0.0,SP,否,
b12cfd255810394b60caef18ae163547,2,560.0,4.5,0.0,PR,否,
c33a5c3c983090c8b78a28e65052a20d,8,559.2,4.125,0.0,SC,否,
820c7c9eaf76d2b226b6c242bcf3f34d,1,559.0,4.0,0.0,SP,否,
35b96509602ec4b7da831b5cd73ff2c2,2,558.9,4.5,0.0,RS,否,
6eeed17989b0ae47c9f11ece6f38ea90,3,557.0,3.6666666666666665,0.0,SP,否,
8a207b6080964f3c1fc9d35bd6096ba4,2,553.7,5.0,0.5,SP,否,
385799a1cddbd26dfeb9157356a42282,4,551.9399999999999,4.75,0.0,SP,否,
74871d19219c7d518d0090283e03c137,6,550.04,5.0,0.0,SP,否,
eb9cd5b35d95206585e2185318cb5c61,2,550.0,3.0,0.5,SP,否,
bb2afe2061d53c6968aa0cffa233a8ec,5,549.4,4.8,0.0,SP,否,
e433f5fd4050e3352b5d83522b7fe24b,1,548.06,4.0,0.0,PR,否,
6c99c983ce3b6ba0ab813e6790e81691,9,546.75,3.7777777777777777,0.0,MG,否,
9c1c0c36cd23c20897e473901a8fb149,6,544.97,5.0,0.0,SP,否,
af7cdac9d9897cddead9c6b08976c642,6,543.54,3.6666666666666665,0.1666666666666666,SP,否,
4cc4fd4fdd406a85bbdc1f824b731bd7,1,539.98,5.0,0.0,PR,否,
228e4c1a0be164f613d41c24345f9d2c,5,539.7,5.0,0.0,PR,否,
d94ba08b99bedd6a5f6c875ecc4a6fac,8,539.1,4.75,0.0,PR,否,
6c17baf138731a4aaacc3210adf2037b,4,538.8,5.0,0.0,SP,否,
08d1c9478fb0d7d7fcac9c0da4e82fc7,1,538.0,5.0,0.0,MG,否,
ff314fa6033cc68ec451c47aee2d6ba4,2,537.9,5.0,0.0,SP,否,
1fe61aa5494bd3ae92a2c13e067c810f,1,537.76,4.0,0.0,SC,否,
638cba8be1fb599bbb76fd6948351eb3,16,535.4,4.6875,0.0,SP,否,
cb9fb4ca75d7ba8437480e8dde64fe98,10,532.14,4.0,0.0,SP,否,
1f7fd2a6fcd5a6fa5d8a4dabc72aaae0,3,531.8,5.0,0.0,RS,否,
4342d4b2ba6b161468c63a7e7cfce593,2,528.9,1.0,0.5,RJ,否,
2e7ea2aafec5835e781b21d6d1faf1f1,7,528.4,4.5,0.1428571428571428,SP,否,
6879c4d287a8dd06b11f54ea8f78e4da,6,527.67,4.333333333333333,0.0,SP,否,
979e9f8b5b39dd243a2550c8b05aecf0,3,525.0,5.0,0.0,SP,否,
3968920b9aa752ab98f7d5888c9252f2,8,523.3,3.875,0.125,SP,否,
02b72cdeb9cfcc429f1af6f4e3f3b737,4,522.65,4.75,0.0,SP,否,
6e13dd869aa7185f601c941423abcc8f,5,522.0,4.8,0.0,SP,否,
c026ef0d72e9132d9fa112308090c8dc,1,520.0,4.0,0.0,RJ,否,
fc59392d66ef99377e50356ee4f3b4e1,5,519.99,3.6,0.0,BA,否,
f9ec7093df3a7b346b7bcf7864069ca3,9,519.2,4.777777777777778,0.1111111111111111,SP,否,
d197aa8fbc64087f61984deef05f6227,6,519.09,4.833333333333333,0.0,SP,否,
ff4e2d38692ce827b1a4f4b8196e680d,11,518.9,4.2727272727272725,0.0,SP,否,
a7dc4098e4da6e41b426269d12ae7e91,2,518.0,3.0,0.0,SP,否,
3296662b1331dea51e744505065ae889,1,517.8,5.0,0.0,SP,否,
7e79d65b5c6f1f544b7daea036acf720,4,517.8,4.5,0.0,SP,否,
9e6967d3cf386d284251784b18ccb485,9,517.67,3.888888888888889,0.1111111111111111,SP,否,
64cc804291f90c81f02bfc2bb58ff55a,2,517.6,5.0,0.0,PR,否,
1d503743d2526f03f0c2c89540ee008c,12,516.04,3.9166666666666665,0.0833333333333333,SP,否,
b87a7ea0c30fad2dd6781b74a0064859,9,515.4,3.4444444444444446,0.3333333333333333,SP,否,
a06c8ff043abea0528ee44171e2140a2,8,514.5,4.75,0.0,MG,否,
c157bdeedcbc9a8e3c8bf0d87ff24428,7,514.27,4.428571428571429,0.0,SP,否,
312ba1d77e9c332ef21f9598b7f64cd7,7,513.0,3.142857142857143,0.5714285714285714,SP,否,
4a82168aaef173cbb6e46ae88728f919,4,512.0,4.0,0.0,PR,否,
2b2fed75b8e5ea3a052fc4c0825da485,3,510.9,5.0,0.0,MG,否,
c3aad7dc65449ae90a5e9c3c6c1e78e0,6,510.0,4.666666666666667,0.0,SP,否,
c53bcd3be457a342a97e39e5a9f0be22,5,509.5,3.2,0.0,SE,否,
4be6b962d83299498bae2190f95d6566,11,508.8,4.1,0.0909090909090909,SP,否,
33cbda8716511e27e556dff9d8418bf2,5,507.4,4.8,0.0,SC,否,
5e49e3a44bdeb5aab2684258bbd4f525,3,507.0,4.666666666666667,0.3333333333333333,SC,否,
3ea00e1dea2b0659dbaf654735929220,7,505.0,4.857142857142857,0.0,PR,否,
2493dc3f20131696a0ecdb9948051a8d,4,504.38,4.75,0.0,DF,否,
20a7efa9721046319bdde5d60b6b5365,3,501.2000000000001,5.0,0.0,SP,否,
39a5005f2605cbdb4f9ac14485cabfd1,3,501.07,5.0,0.0,SP,否,
97e995629983723d11830a829bc2b246,5,499.5,4.8,0.0,SP,否,
13c2ed7698b3ca92dad49e849219da59,8,498.61,4.375,0.0,PR,否,
265fdc289dffa9f1ad801c74f7d0de47,1,495.0,5.0,0.0,SP,否,
ccbd753e6863fe7314dc6c0ca5a074e7,1,495.0,4.0,0.0,SC,否,
e59e489e2ea74bd409b798b5daf49de3,3,495.0,1.6666666666666667,0.0,PR,否,
c458e2045a8aa8964f8879af03fdcce6,4,494.91,2.75,0.0,SP,否,
fcba71d4d5db057f43249145e4eb1e27,3,494.55,4.666666666666667,0.0,SP,否,
0951a6e282947e09cd47969f4ed0b47f,7,492.3,4.857142857142857,0.0,SP,否,
c84592044b180dec206770c38603814b,14,491.94000000000005,4.428571428571429,0.0,SP,否,
e601b04acf48b4576e73ddca9481f0dc,15,491.94,4.066666666666666,0.0,SP,否,
340636a908b13bbe0f4fb63fbe1d0c03,3,490.5,5.0,0.0,SP,否,
b9c0ffa92f3ff9a5a3d45ef7213c0842,3,490.0,5.0,0.0,SP,否,
48fb026ed7455a42f5d3e9390ed5088e,9,489.73,2.888888888888889,0.0,RJ,否,
7816cd9c5b1238e320545f5bf7eb80e8,1,489.0,4.0,0.0,SP,否,
f88adb15807168d3c43d71021090ce4a,3,488.8,3.333333333333333,0.0,SP,否,
09bad886111255c5b5030314fc7f1a4a,5,487.5,5.0,0.0,SP,否,
83a75eea11694e36e56dd0cb2240229a,3,487.0,5.0,0.0,SP,否,
c7a0a13cbcf29d5ce51c8f80afdc0b89,8,483.08,4.125,0.0,SC,否,
c1f12f926d0ba950578b4fa41115cbb6,2,479.6,4.0,0.5,SP,否,
0c7f30ae9b147eca07affbef92832a6a,5,479.5,5.0,0.0,PR,否,
32fdd5d44ecb43dfd6a24b9369eca144,8,479.2,4.375,0.0,MG,否,
25be943a321c8938947bdaabca979a90,3,479.0,4.333333333333333,0.0,SP,否,
bac692d6c0ed08467878018e6cc9c26c,1,477.0,4.0,0.0,SC,否,
f1198c871e0171278b63f40d112caeec,2,475.8,4.5,0.0,SP,否,
29e6e05b65f93bc224c644319dc52ecf,4,475.6,4.75,0.0,MG,否,
7402d13c03a7e91366337cd1de471144,3,473.89,4.333333333333333,0.0,PR,否,
e1b12447a7563944843191754aeb5562,9,472.46,4.444444444444445,0.2222222222222222,SP,否,
e3dd723429d1b23614b7fa85e2c7a853,7,471.05,3.7142857142857135,0.2857142857142857,SP,否,
270d3ef21830ad0ecf3a6c53d08a533a,5,471.0,2.6,0.0,SP,否,
2953ce3a88f5e3c3b696d77fc9e4c8eb,14,470.0,4.642857142857143,0.2142857142857142,SP,否,
b0b346d3a89f5eb4c2968af3f083cd43,9,469.0,3.7777777777777777,0.4444444444444444,SP,否,
8fec2e460530482132c436cfb5439925,3,468.46,4.333333333333333,0.3333333333333333,SP,否,
038b75b729c8a9a04b0d07cba7eabe86,2,467.0,3.5,0.5,SP,否,
c42fd8e4d47dfb18ce5222f2dd7752f9,7,466.99,3.8,0.2857142857142857,SP,否,
9fc70243fb26800cba56e8f014797004,6,466.6,4.5,0.0,MG,否,
feb793c88d836c3a75efa4b5a3465d70,1,466.0,5.0,0.0,SP,否,
ee2fbacc2fc3794e656cc4d933d59ce7,2,464.97,4.0,0.0,SP,否,
651fe66032c9520ee5587f694908040d,7,464.0,4.0,0.0,RS,否,
0a82f5fb06a4fe4ac2cf7cb412ec71b8,2,462.0,5.0,0.0,SP,否,
cb0b3bcf14e0a709df412a99424a59d7,2,460.0,4.5,0.0,SP,否,
aec99834ab5d38ead22766ada8497e87,1,459.0,5.0,0.0,PR,否,
8b2d4ab22f42c5cfc338b846decfda60,6,458.0,4.833333333333333,0.0,PR,否,
dd88d13bea9e4c2bf47daf224f8141e5,1,458.0,5.0,0.0,RS,否,
e546117ed9cafbc40239c0c78635c584,2,456.0,4.5,0.0,SP,否,
117cfc326c6d50da67ca858ff5c0c852,5,454.6,4.6,0.0,RJ,否,
35857757f553273b1056c1cabdace7fb,6,454.6,4.0,0.3333333333333333,SP,否,
b248792ac0b60ec3f93d80af1b4fae47,7,454.5,3.857142857142857,0.1428571428571428,SP,否,
55029529919c0123526150bd26ca8f20,7,453.95,4.714285714285714,0.0,MG,否,
fc4751cfe3b279c419615b9b00c1abb4,1,453.7,5.0,0.0,PR,否,
7994b065a7ffb14e71c6312cf87b9de2,5,453.0,5.0,0.0,ES,否,
e5899683388855d3dabe8913bbe365de,3,452.88,4.0,0.0,SP,否,
b7cc6c5e001441ae8cdd5c69a480cbe4,5,452.8,4.6,0.0,SC,否,
777a0c55737f34ffeb78010f7542ab41,6,452.5,4.333333333333333,0.0,SP,否,
eb5b6204dde3a6e03b5f1bb8479f055b,19,452.2,3.947368421052632,0.0526315789473684,SP,否,
08f5819815f3d06545011850bd70f0a8,3,452.0,4.666666666666667,0.0,SP,否,
4de6e4ba574aa9dfdc824bc44dc47fdd,14,451.1,4.071428571428571,0.0714285714285714,PR,否,
101a3a003516bc11253298b2fad3cb65,5,450.0,4.8,0.0,SP,否,
968ee78631915a63fef426d6733d7422,2,450.0,3.0,0.0,RS,否,
d90fe2229fee1a5da999ccd0c06c1667,3,450.0,4.666666666666667,0.0,SP,否,
3d4824f20035949c710eaf111f869d39,8,449.97,4.0,0.125,SP,否,
bbaff50f3b708fda865918715276cd87,12,449.7,4.75,0.1666666666666666,SP,否,
a11a0e0ca67423425691db355cff69b0,2,448.9,5.0,0.5,SP,否,
3d0cd21d41671c46f82cd11176bf7277,9,447.8,4.666666666666667,0.0,SC,否,
5e106d93b717c2682b9383da480364a1,1,445.9,5.0,0.0,PR,否,
a5bff0f43eb51f0cad7c37fac7244c8a,4,445.0,4.75,0.0,SP,否,
b3f19518fcec265b2e97af287725f981,8,444.92,4.375,0.0,SP,否,
768de2a4fc06aacecb9a586ccc30746a,13,442.7,4.384615384615385,0.0,DF,否,
f22a247b79dd22ecd91dc8e3b2a1b07c,8,439.94,4.0,0.25,SP,否,
64c9a1db4e73e19aaafd3286dc448c96,1,439.0,5.0,0.0,PR,否,
c3251e13f1bbda6c74e37c160f991e19,2,437.8,5.0,0.0,SP,否,
b29d3380981c51df13fc6fbe87e1763d,6,435.3,3.8333333333333335,0.0,SP,否,
98115075dd26cb8835946fc6086f5d30,4,434.96,4.75,0.0,SP,否,
26d6bbee02420494d471c9f6436929c0,12,434.51,4.666666666666667,0.0,PR,否,
d4e4b5192cba4e0e66eb12a9d347239d,11,431.9,4.454545454545454,0.0,PR,否,
bc503e244f187939d10c92a5c8e378ce,6,430.31,3.5,0.1666666666666666,SP,否,
4e480be820e37de1444325ff358c9296,1,430.3,5.0,0.0,MG,否,
8bd0e3abda539b9479c4b44a691be1ec,6,425.75,2.5,0.3333333333333333,RS,否,
2c3d56f92f360fb89d849b84e8f50eae,7,425.1,3.4285714285714284,0.2857142857142857,SP,否,
939e6227d6964a11a70aa91243e418f2,4,425.0,4.25,0.0,MG,否,
a45314082d50d578a4721c9787ce09ab,2,424.9,5.0,0.0,SP,否,
dc50afafdfa325eadc890c7fa42a8f4e,4,424.2,4.75,0.0,PR,否,
b080809eaacb49e5ca07290981472431,11,424.0,4.818181818181818,0.0,MG,否,
acf974e4d5950ad143a247471b831eb9,5,423.8,4.75,0.0,RS,否,
41e0fa5761c886a630994a55c12087e7,5,423.6,5.0,0.0,SP,否,
7c1fea10b5b006671d608b1d7c446ec4,14,423.6,4.0,0.0714285714285714,SP,否,
5dc203c7b84a0e71e878a179de05fb9a,5,421.9,4.0,0.0,SP,否,
c714262700f93defc16bf17a51a4cb23,4,421.8,3.75,0.0,SP,否,
9d5604a1f112324ad6b2aa552122e0fb,13,421.5,3.5384615384615383,0.0,SP,否,
cc80e2f693fa6e2408f47ccf62413fc1,2,420.0,4.0,0.0,PR,否,
189ca3538ce9f920cacf0f982cbe223b,4,419.0,4.25,0.0,SP,否,
7bcd7c5f8631701474db233ccf1c094b,8,419.0,4.375,0.125,SP,否,
38102b031c2a15e54623d711bfc753d3,8,418.0,4.0,0.0,CE,否,
6d7f8d9d594e28796b6b3205b00f459c,3,417.9,3.6666666666666665,0.0,PR,否,
7b7f91e98f8c6def45a1407923304402,11,417.47,4.181818181818182,0.0909090909090909,SP,否,
b64d51f0435e884e8de603b1655155ae,17,416.18,4.294117647058823,0.1764705882352941,SP,否,
f650a9708fa1bab22bdd8d3a818cc415,4,416.04,4.0,0.0,SC,否,
a53f60f05f822b5c621a50ff6a5cb362,4,415.4,3.6666666666666665,0.0,MG,否,
34a557286ead8fe75c989e0afcf7d98c,4,414.9,4.75,0.0,SP,否,
35fb511489d9ee3ee27a76debce9df06,7,414.5,3.571428571428572,0.1428571428571428,PR,否,
ff1e15b778c700abdd4d239b81ac466d,7,414.3,4.571428571428571,0.0,PR,否,
bd149ed516d4c5d418d5781f8e18919f,8,414.0,4.875,0.0,SP,否,
acb6c2ca5c82411c1fdb88d5fd5eb95e,10,413.88,3.9,0.0,SP,否,
042573af89b6d931f672efaf789d8358,3,413.48,3.6666666666666665,0.3333333333333333,SP,否,
ead2bab70821ea148476ae9bc08548ac,9,412.1,4.5,0.0,MG,否,
a35124e2d763d7ca3fbe3b97d143200f,4,411.5,4.75,0.0,SP,否,
b1204cfda1d4948679db3cfc0d3cb95c,6,411.2000000000001,4.333333333333333,0.0,SP,否,
86ff3eaef0267069cc891a2ed9d10a17,7,409.75,4.714285714285714,0.0,SC,否,
5275ca25d0358ca73864e0ae41be1320,4,409.6,4.75,0.5,SP,否,
f4ce8ca9fa7157e3b33f536ac9a4487d,4,409.6,4.75,0.0,SP,否,
c3f5668699a1b04c0fa61ecea1e2bff6,3,407.81,5.0,0.0,PR,否,
c7dcd301ecfe5ab7f778ac172cf74be7,3,407.79,3.0,0.0,MG,否,
20a8b0dc55da94fe74d112082427c84f,7,407.4,4.285714285714286,0.1428571428571428,SP,否,
6b803197e03abd5056b4313306b4f29d,7,407.0,4.714285714285714,0.0,SP,否,
4a23adac87cf538689fa600d976f78b2,3,405.0,4.333333333333333,0.0,SP,否,
179d859f51292aac5c10806a356f7af9,18,404.47,4.388888888888889,0.1666666666666666,SP,否,
ed9eef5be0992d413d251fadba1a410d,3,404.1,4.666666666666667,0.0,SP,否,
5563732abe64c3036cb97ad924128dd1,2,404.0,4.5,0.0,SP,否,
0ddefe3c7a032b91f4e25b9c3a08fca1,9,402.9,4.555555555555555,0.0,SP,否,
29fe9f200d3fa0c668d2aa1ec7e08dfb,5,400.0,4.0,0.0,SC,否,
d7485b33791774c36108f8c69602d48d,10,399.82,3.7,0.1,PR,否,
63ffcb71394dd8ea3872ed9ffda17c74,17,399.0,3.176470588235294,0.0588235294117647,RJ,否,
d263fa444c1504a75cbca5cc465f592a,1,399.0,5.0,0.0,SP,否,
fadb07c842a2aef5d5a676b85f220e71,7,398.75,4.714285714285714,0.0,SP,否,
73da1880b39c71de2b262bc7720c1494,2,398.0,5.0,0.0,SP,否,
48e954b2da4f6a750c844173b347ed40,2,397.8,4.5,0.0,RS,否,
c52c644cc0dc85121207a27013efc6af,1,397.8,5.0,0.0,MG,否,
12a8eb0f8d1cd3270695bf2a99f55966,2,397.0,3.5,0.5,SP,否,
62760d278921b5f352461620d68a9cee,3,397.0,3.6666666666666665,0.3333333333333333,SP,否,
41b14765bd56c8ad10971074380f9c0c,8,395.5,4.625,0.0,SP,否,
9b76ad3d04236f76bc71c59470305e13,2,394.7000000000001,5.0,0.0,SP,否,
0249d282d911d23cb8b869ab49c99f53,11,393.0,4.2727272727272725,0.1818181818181818,SP,否,
89bc797e2e29667aa035d4368f9b7f92,16,392.4,3.875,0.1875,SP,否,
bc30de0d71bd6260b936a026b5cf7200,3,392.37,4.666666666666667,0.0,SP,否,
59cd88080b93f3c18508673122d26169,10,392.33,4.7,0.2,SP,否,
fe4cd9461203cee790d36792420b310f,3,391.15,4.0,0.0,MG,否,
c13ef0cfbe42f190780f621ce81f2234,1,390.0,3.0,1.0,SP,否,
8936ba0de1073ee888cb3185ae5dc661,1,389.99,5.0,0.0,SP,否,
4049512728d969bec69f84088b012416,7,389.84,5.0,0.0,MG,否,
0fe2d9733ed841eb064503920015a8c0,3,389.64,4.666666666666667,0.0,SP,否,
432c67955c0acd1fd6b0b5d678766a71,1,389.0,5.0,0.0,SP,否,
a7ecf689b40a44361e259b28939023e4,1,389.0,5.0,0.0,ES,否,
c1849d4d32d7a6cecd5aa471809d3135,3,388.98,4.333333333333333,0.0,SP,否,
2009a095de2a2a41626f6c6d7722678d,8,388.89,4.375,0.0,SP,否,
b98b715fe9e276204e2a3464f48cd796,4,388.6,4.0,0.25,SP,否,
78ef7e885d17f35e2382a47aae8b8cce,3,388.0,4.666666666666667,0.0,RS,否,
b6dc74ed30f124f95227bed4e43a3bed,9,387.56,4.666666666666667,0.1111111111111111,PR,否,
94d76e96eedd976258cd3278ce56d5f2,1,385.61,5.0,0.0,SP,否,
559d56f3b8f0bc2e5a9a62fe2ce2a39f,2,385.0,2.5,0.5,SC,否,
a21c11ec5c3f03e7cc9f9203bff9e1c6,3,385.0,3.6666666666666665,0.0,SP,否,
a080fc8a850289b27500f6b49cca2553,4,383.0,4.75,0.0,SP,否,
ab27bbbad5239bc31a34709275a70db4,3,382.9,5.0,0.0,SP,否,
ea00f977a203ff88adf7057cb7806998,18,381.73,4.277777777777778,0.1111111111111111,SP,否,
f7315bb81aea4ddca2d39e249a801c98,2,379.8,4.5,0.5,SP,否,
f5b44895715ddfe3087dc414f30268f3,19,378.8,4.0,0.0526315789473684,SP,否,
bd15ee794d5e640d9dd71b665b2ab15b,12,374.8,4.0,0.1666666666666666,SP,否,
c24173065483e421f9e5e7f599de101d,9,373.91,3.555555555555556,0.1111111111111111,SP,否,
404e1ba01358af4cd63f679b2c4d1fa1,8,373.9,5.0,0.0,MG,否,
08084d990eb3f53af056ccbc1730c8a7,12,372.5,4.454545454545454,0.0,SP,否,
6d988d6174a2c27441597174f8905515,19,371.73,4.105263157894737,0.1052631578947368,PR,否,
0bfd0b434243adc5c2e1aa6baf19c6aa,6,371.2000000000001,3.6666666666666665,0.0,RJ,否,
70125af26c2d6d4ef401a1d02ae7701f,5,371.2,4.6,0.4,GO,否,
4dbd95a08b31ede5c82d3f861cb1ce1a,4,370.78,4.75,0.0,PR,否,
0f0c984a4a955310903b6b6008660bad,4,369.81,3.75,0.25,SP,否,
131fcb0a0c9a47bba4474aacff0f14b7,4,369.8,4.0,0.0,SP,否,
63191ead8d3b2f937cd1996fdcbbad20,1,367.0,5.0,0.0,SP,否,
499ec63c58e51296c9cf57edcfe1c8a8,5,365.0,4.8,0.0,SP,否,
f12d3c2a14729ae461b920c11fe20fdc,9,364.45,4.444444444444445,0.0,SP,否,
4e85b538b0dad58852641540686d0e14,4,361.98,3.75,0.5,SP,否,
35ef5aa32949680f627efec3c23e705c,4,361.6,3.75,0.0,SC,否,
a435b009cd956ea60748b5cfbddf2e24,3,361.18,4.333333333333333,0.6666666666666666,SP,否,
76de363de16dacc923eec8daf91df504,2,360.0,2.5,0.0,SC,否,
b56828a9f9027f3c918c04ca720d9e3c,3,360.0,2.6666666666666665,0.3333333333333333,SP,否,
fa14641f57b655e933124a9ea49cd7a5,7,359.92999999999995,4.571428571428571,0.0,SP,否,
03bd479e1d9484cdb14104d3023f7321,3,359.70000000000005,4.333333333333333,0.3333333333333333,MG,否,
184725737946a1a938bbbd1a9e978103,3,359.70000000000005,4.666666666666667,0.0,SP,否,
1e8c6a4c538f286aee9573239740a4b4,5,359.7,3.8,0.0,SP,否,
51209b446b2073894bdc0face6c73ffc,2,359.6,4.0,0.0,ES,否,
3076499bbc033a927bf4a8a41bcf7fd4,7,359.33,4.285714285714286,0.0,SP,否,
ffff564a4f9085cd26170f4732393726,8,359.0,3.25,0.0,SP,否,
173d56ffbd4c56cb80fc3615487d712b,2,358.0,5.0,0.0,SP,否,
f44bdc12aa39f5271f0b95f66cd4c289,5,357.5,3.2,0.2,SP,否,
9dd59e43f0c9f0553244e8f9c2fb247e,10,356.3,4.8,0.1,PR,否,
24c1de8d9551c0b4fbc53317d53efda8,1,355.0,5.0,0.0,PB,否,
761681a821d8275bc79f552116d06869,3,354.92,5.0,0.0,SP,否,
8fd3b4468f6425810648177996c14cbd,1,354.9,5.0,0.0,SP,否,
9b00cad94ef3078faf6fba2e792c158f,1,354.9,5.0,0.0,MG,否,
a2fa0bdc798ee84cdb08281337cf4fb6,8,354.86,4.75,0.0,SC,否,
44f091b5abab8018f682fce8124b85e5,3,354.4,3.6666666666666665,0.6666666666666666,SP,否,
b88e7c57cb2d8b973b7dd4a2bfa14b36,4,353.9,4.25,0.0,PR,否,
de66a66f2dd06bb9ec37aa96987466a3,7,353.32,4.142857142857143,0.0,RJ,否,
b67d6c666e8dce1d078c882825e12704,7,352.84,4.857142857142857,0.0,SP,否,
52092ddbd3a58c450a4459bf051b2287,6,351.7,4.333333333333333,0.0,SP,否,
e53d5b9b29d1218281f4a907ada18626,4,350.67,4.75,0.0,PR,否,
b7d5b4b87af9d42b601865d3f3810bff,1,350.0,3.0,0.0,SC,否,
97e4a63591ca439a2b8b7efd20e6e19e,5,349.95,4.4,0.0,RJ,否,
52bb00821bcdd358a5a5a27e1f6be5a1,2,349.8,4.5,0.0,SP,否,
079d295dcbf06ee8bb1b65ba964eb2b6,5,349.3,4.6,0.0,SP,否,
27a56ff04b34c2ba34ce6ba4d3b9d616,8,349.29,4.125,0.125,SP,否,
249f0e9905a6e06ad6c6bea7547ab9f6,3,347.95,3.6666666666666665,0.0,RJ,否,
79565f7d5603b24ddf07ade262547f2f,7,346.0,4.428571428571429,0.2857142857142857,SP,否,
918717417d88a9f9ae9735567e6c7682,4,345.70000000000005,5.0,0.0,SP,否,
38af8acfd46ac4a7bf754e8ca6736664,5,345.0,4.8,0.0,SP,否,
a37c340b91cb0169e8b029db6440fba2,5,345.0,4.8,0.0,SP,否,
f5fea3ffed6c2e889bab72705557c63a,1,345.0,5.0,1.0,RJ,否,
26b482dccfa29bd2e40703ba45523702,3,344.78,5.0,0.0,SP,否,
3985a3c45be355a4c57fde108bfabd1c,7,344.2,4.0,0.0,RS,否,
7957cac1a02f45d0a4a7e45626382ec2,1,343.0,4.0,0.0,PR,否,
2a73cba571d90c694b7caca072ccf6ce,1,342.78,5.0,1.0,SP,否,
6219ba2359cfb97f2e38fd4c321eb309,5,342.6,4.0,0.6,SP,否,
b9ec22de23f18567de0e09d776ca0309,2,341.98,5.0,0.0,DF,否,
89de2d6f23e9746ff309705b23581faa,8,340.0,2.7142857142857144,0.0,PR,否,
ae8bfdbf1c2a2a2dee92d799db0a31c6,8,339.92,4.125,0.0,PR,否,
6650fcccd8cd2f7e55ffa524f30c4c59,2,339.8,3.0,0.0,SP,否,
2f4b0d3b9634b647d4edee577d7ebb7e,10,337.9,4.9,0.0,SP,否,
e627629ba868740e287800f1a9be81c2,11,337.1,4.909090909090909,0.0,SP,否,
0743a0239d764b9a0f959a57d07e36ab,4,336.96,4.75,0.0,SP,否,
333c4210e76a1aa2ab817b99437e3ff1,2,335.0,5.0,0.0,SP,否,
a64e44665225d19dfc0277eeeaaccc57,6,335.0,5.0,0.1666666666666666,SP,否,
c8660dcf9ba70575f45d80fe28c27713,4,335.0,4.5,0.25,SP,否,
2c538755f1ca9540af144f266e70df6c,1,334.99,5.0,0.0,MG,否,
61b18775be84fb700a6b2d0ba097bf66,4,334.5,4.75,0.0,SP,否,
7c4618c82226628831613e95e9c22f44,13,333.92999999999995,4.076923076923077,0.1538461538461538,SP,否,
ce616e1913288884e7742faac9d981db,14,333.3,4.428571428571429,0.0714285714285714,SP,否,
c113b8df1fc375bc3d73d29c1b1144d1,3,333.0,4.333333333333333,0.0,SP,否,
d36b07fd3c5088e477a72d1fccfe29d4,1,328.9,5.0,0.0,SP,否,
f18112da765e0971ca5d510dec322bdd,2,327.8,4.0,0.0,SC,否,
4b98b0428fc1932cc2514ef9ce2505e6,2,327.63,2.0,0.5,SP,否,
6c1b6d0c604b776f844125f911eb7377,4,327.07,4.0,0.0,SP,否,
08d0949a9a17c027262db1f3c450c26c,12,324.8,3.7083333333333335,0.0,PR,否,
6bd503a8230299c9316fb0f726933927,4,324.29,4.75,0.25,GO,否,
7dea6f73af847b42cc3985bd620f994d,2,324.0,4.0,0.0,PR,否,
0747d5bb69f0586cc869d8af4c50f93e,12,322.8,3.75,0.0833333333333333,RJ,否,
92d14edfb62ee5ae7fdff70b0f4e7233,8,322.0,3.375,0.0,SP,否,
a81466620e46a6970b22ef40379fdfc9,2,321.8,5.0,0.0,SC,否,
7b7ed56ae755e2880f2b69632e839c1e,5,321.5,4.2,0.2,GO,否,
d149de2f383552baea37a7198c2296ce,3,320.70000000000005,5.0,0.0,SP,否,
d2f3e277560ed4c6361284429b00f037,7,320.55,4.714285714285714,0.0,SP,否,
eb9267cccc90f1b49c8d2f9887c7dd97,1,319.9,5.0,0.0,PE,否,
883dd81e82754ac2c65e9790a7db8c9a,5,319.5,4.4,0.0,PR,否,
c611f4ce9ce875bcc063fa97fd4d7d12,1,319.0,4.0,1.0,SP,否,
1e9d5a33694bddb76316fd1f54734d20,2,318.0,4.5,0.0,MT,否,
57d2ba47f7a3209aa347532ae75c1165,2,318.0,4.0,0.0,SC,否,
2d22fc3089eb907b29ebff50581fb472,3,317.70000000000005,3.6666666666666665,0.0,RJ,否,
ea4e9ce63a2134743b4a92777437fcdd,3,316.6,4.666666666666667,0.0,SC,否,
9cf787a239c1aa29dbd76f153dc13f9a,4,316.0,4.75,0.0,SP,否,
cf1313c6e2c01c2f4b014f97db4bcd2b,5,315.70000000000005,5.0,0.2,RJ,否,
3b18f9856c6eb2413eafedb58e9eecd9,1,315.0,5.0,0.0,SP,否,
da20530872245d6cd9d2f5725613c430,2,314.96000000000004,4.5,0.0,RS,否,
12c2ed9cded6138cf0c75f525f565fc7,4,314.96,4.25,0.5,SP,否,
9ac4f14370b1e24ddc58be041b7f99df,5,314.51,4.4,0.0,GO,否,
8c9348f33ae3dada25c99c99ade2af78,2,312.99,5.0,0.0,SP,否,
3afc536624bc2e65bddfb5db33cc01f3,6,312.0,3.5,0.1666666666666666,MG,否,
1acde099eb406aa220b1169b188b42da,9,311.1,4.222222222222222,0.0,SP,否,
df47da4ae86fa4db890d05aaf24e21d8,5,310.5,4.2,0.0,SP,否,
ad87df7699e83b8a91822a4a0b765c3a,5,309.9,4.0,0.0,SP,否,
ba89796db68db180bd389de96b2ff3b6,2,309.8,5.0,0.0,SP,否,
0cab2da43793a6f3c5ed8514c5f54627,3,309.70000000000005,5.0,0.0,PR,否,
ebd1417732defaf66c50b5a800eb293e,1,309.0,5.0,0.0,PR,否,
152ee17e4c8aaf53dac99f3462e4999b,6,308.96000000000004,4.333333333333333,0.0,SC,否,
1b45169b635ef59425637e9a33eb5fb3,7,308.9,4.571428571428571,0.0,PR,否,
dbbcfe2c8d026742134ac3e28ccde274,4,308.59000000000003,4.0,0.0,PR,否,
b127efdabeffb5d559349c7b172eb75d,10,308.5,4.8,0.1,SP,否,
85cc55e048b6bcc90c75afe7f0e72f72,9,308.28,4.444444444444445,0.2222222222222222,RJ,否,
a7a9b880c49781da66651ccf4ba9ac38,3,307.6,3.6666666666666665,0.0,SP,否,
9c3c24eca51c52b91c1de727d2a2ae06,6,307.5,4.5,0.0,RS,否,
48bad451945f5227341793478d6353ea,3,307.0,4.0,0.3333333333333333,SP,否,
e94b64dc6979b302a5a5be1662c83bb6,2,306.89,5.0,0.0,SP,否,
bc39d8938f90a3a2b98193723ed59774,2,306.8,4.0,0.0,SP,否,
6d2f2e3b539480db1e0842b3a4e32e6e,3,305.96,3.6666666666666665,0.0,SP,否,
085f6f7e049c996695fb2074fe38d45e,6,305.4,4.0,0.0,SP,否,
c76d418370990614e89e956c7a7567d9,2,305.24,3.5,0.0,SP,否,
51f108f62cb87d61918159902c8f8583,3,303.73,4.333333333333333,0.0,PR,否,
3d01d1c414c44b5943a09619ff3853cb,4,303.6,4.5,0.0,SP,否,
ad75519a07f039025e83795a4418470f,3,302.1,3.6666666666666665,0.0,GO,否,
a3082f442524a1be452e3189e003b361,3,301.6,4.333333333333333,0.0,SP,否,
2b3b9ce054da76a7428df143a567b156,5,301.0,3.6,0.0,SP,否,
6179a28a13a726c29b3bf54c070dccab,1,300.0,5.0,0.0,MG,否,
3a3e46d10f74d8a6ca76e2b538f106a0,2,299.9,4.5,0.5,SP,否,
2b402d5dc42554061f8ea98d1916f148,1,299.89,5.0,0.0,BA,否,
69a43819c758c65a5befb0b471c954d7,2,299.85,4.0,0.0,PR,否,
ea3ebea5317b0efbc663ecc8ce5e9bc2,3,299.70000000000005,4.0,0.0,SC,否,
6d1b9c9579132c87d2703ec38c30f2c5,4,299.69,4.5,0.0,PR,否,
71593c7413973a1e160057b80d4958f6,2,299.5,3.0,0.0,SP,否,
b76f4d90e85657a240495c876313adc5,1,299.0,5.0,0.0,SP,否,
f00f5b35d0abcacbdd863672f4bb2c1a,1,299.0,4.0,0.0,SP,否,
a8739afb32aaa45e01815ca76f76f54b,13,298.83,3.769230769230769,0.0769230769230769,SP,否,
9d489893ff6af05029671b785f54b998,5,298.7,4.0,0.2,SP,否,
b76a1f8356322f12529c37b67d5c96c2,5,298.5,4.8,0.0,SP,否,
791cfcfe22fe4a771ece27f90017da92,1,298.13,1.0,1.0,SP,否,
c5ebe6598748b0aeaa61cfb820478b92,3,297.0,4.666666666666667,0.0,RS,否,
0ec28cec4046a4a199b6de9b4c891d97,3,296.6,5.0,0.0,GO,否,
eebb3372362aa9a46975164bed19a7e7,4,295.96,3.25,0.5,SP,否,
a806a4bb063ea7ca6d374eafa50a6058,5,294.4,4.0,0.0,ES,否,
9b1ab052f5fca308ba743ac789ebb2e1,2,294.09000000000003,4.0,0.0,PR,否,
2bf28e311bba65237358230cabac3f15,7,294.0,3.7142857142857135,0.2857142857142857,PR,否,
c286ec035ee04ba81c97508f0b5df544,1,294.0,4.0,0.0,PR,否,
2f4b9d112bfa44a214bc6cef085d17c8,5,293.99,4.4,0.0,ES,否,
9d39404483343dd55c7ae254494d8388,10,293.2,3.5,0.1,SP,否,
48b6c3f4c6a93171da04b75313f2130f,2,290.26,5.0,0.0,SP,否,
aadfe0417e61315688b6bd7043361e25,1,289.9,4.0,0.0,GO,否,
ede2977fbaf3738583170735ca403f6c,1,289.9,5.0,0.0,PR,否,
f410c8873029fcc3809b9df6d0b28914,2,289.8,5.0,0.0,SP,否,
4dc646b9b9e8e411ef48ba000ea3ac6f,4,289.70000000000005,2.75,0.25,SP,否,
adbe70ab2c97442046d393988c8d1d27,5,289.5,5.0,0.0,SP,否,
aded58c8142dedc5494a81f948431fab,4,289.5,3.75,0.0,RJ,否,
04ee0ec01589969663ba5967c0e0bdc0,1,289.49,5.0,0.0,RS,否,
392353362d22cc2c236e1ee81ff19890,5,288.7,4.6,0.0,SC,否,
bbe87dce25ba8b38bb61cc7210a3f10b,2,287.0,5.0,0.0,SP,否,
ce20a2ec1514c25e16f2b5b39bc818f0,4,287.0,4.75,0.25,SP,否,
615005a3ef192c00c6f0e977cee3d2bc,10,286.5,3.8,0.2,SP,否,
e83e93b71371817b11d78a63ff156aee,2,286.0,4.5,0.0,SP,否,
a9ae440659f48b7849df83e82734150b,1,285.0,5.0,0.0,SP,否,
10264f60a8f0a4d2f30810f5c661c673,4,284.6,5.0,0.0,SP,否,
ea1776927851da2532aa70d6a32c095a,2,283.9,3.5,0.0,SP,否,
86bf77bdb52e615674772d5817c6212f,4,281.8,4.75,0.0,RS,否,
83c465a786b06574376909b35ef6752a,3,281.4,5.0,0.0,SP,否,
b8a0adc91af209270c2c725168eb00fd,6,281.4,4.0,0.0,SP,否,
579891617139df7d8671d373f0669622,8,280.3,4.5,0.25,RJ,否,
6dc9bec584588412a6a338830946a3e4,1,280.0,2.0,0.0,SP,否,
4e0d109ccfba9a1151c103049880c857,2,279.89,3.0,0.0,RJ,否,
28fb0829fd777877cdc350d25cb5bd5b,2,279.8,5.0,0.0,SP,否,
19a7c9f66ffa6452ff4b4c0cca71da27,1,279.0,5.0,0.0,PR,否,
d2572f31e9023e9850ef986a636ff9bf,1,279.0,5.0,0.0,MG,否,
debe6615cd90cc0c2eac2b8988e1f628,5,278.5,4.6,0.0,SP,否,
fb8904a8ea99f8831b64ce27db2c1765,2,278.0,4.5,0.5,SP,否,
94c49f20a123aeb9360dbf80ff912bf6,3,277.75,3.6666666666666665,0.0,SP,否,
2ee0a0689f2f6a72f35a7cb6033f6e7e,4,272.0,4.0,0.0,SP,否,
e603cf3fec55f8697c9059638d6c8eb5,7,270.0,4.571428571428571,0.0,RS,否,
f682e0f848abafc6f41e0d4e868c66ef,2,269.98,3.5,0.5,SP,否,
87d73636a3acf123e842bb890a4db036,1,269.9,5.0,0.0,SP,否,
bab0a8cd684e41ba6e2637dca0979d3b,1,269.9,5.0,0.0,RJ,否,
dcf3755cefcdc158ad0b7bdde51e871b,3,269.70000000000005,4.0,0.0,RS,否,
09883d9ab71c8fe8a9bfc7fc3075b07e,4,269.6,4.0,0.25,SP,否,
6bb66d9870c2e01c05655c7ed0e7ee13,3,269.0,3.6666666666666665,0.0,SP,否,
58c851d1a3c7cd3da329eb59453fed44,2,268.99,5.0,0.0,SP,否,
d73cbd89533ce8b041a9190241453ac8,3,268.7,4.333333333333333,0.0,MG,否,
830379336fad8c6f3b15a4a3ddb5c66e,2,268.0,4.5,0.0,SP,否,
f9bbdd976532d50b7816d285a22bd01e,2,268.0,5.0,0.0,SP,否,
c79151301b9d90985d1fa52879213105,3,267.1,4.666666666666667,0.0,PR,否,
65a7c0788e4d632ccb5e1b594b87f0bb,3,266.7,4.333333333333333,0.0,SP,否,
5236605f4d4b0b3e4df85b850393fca0,5,265.3,4.8,0.2,SP,否,
483ca627d131e18f988349b1655c0acd,1,264.0,5.0,0.0,SP,否,
f8d5c7085db9a4ad2b8c1ffbeb2798c8,6,263.0,5.0,0.0,SP,否,
53088c75f948b48a7ece173ac17f0c12,3,261.70000000000005,5.0,0.0,RS,否,
252e76235acb79183cfca6e34f13337d,3,261.2,3.333333333333333,0.0,SP,否,
6da1992f915d77be95d7fa48b36904af,7,261.0,4.0,0.0,SP,否,
aa762680c40618316a896838866140ea,3,261.0,3.333333333333333,0.3333333333333333,PR,否,
21d59342ba150175ca2aa4f8faddeca6,2,259.9,4.5,0.0,SP,否,
984c273121e743dd14767befe6cb17f5,1,259.6,1.0,1.0,SP,否,
bdb3edbaee43a761e2d4f258dc08f348,5,259.5,3.8,0.2,SP,否,
c9e5ad1f6647f5dbd1172adf6ae3cada,4,259.03,4.75,0.0,RS,否,
5e25c632f9db6cfb8bc100421c2737b6,1,259.0,5.0,0.0,SC,否,
1e26c56af8d48424e1df0140a2401f83,2,258.9,5.0,0.0,SP,否,
0af977692321d895349eded183341d28,2,257.75,4.5,0.0,SP,否,
7d294cf9a6a69dc6a0c3e540fff0e039,5,257.25,4.4,0.0,SC,否,
31eec405c9bb71dec8e2629a92e764fa,5,256.89,4.6,0.0,ES,否,
15ead3a5037a918ddb520dfe39a3d2b9,6,254.5,4.833333333333333,0.1666666666666666,MG,否,
ebef8d8c92b4fd3226e5d407bbff21ac,3,253.7,2.6666666666666665,0.3333333333333333,SP,否,
d5c530f4884a75ae0dba9c148718d278,5,252.93,4.0,0.2,MG,否,
88ef59b51bdaa941d10a853429f2b6ce,2,252.9,2.0,0.0,PR,否,
446cc09cdbb130904da114e807dbec40,3,252.8,4.666666666666667,0.0,SP,否,
7f35f9daf223da737b78738fbae4d977,5,252.0,4.0,0.0,SP,否,
e88c9b79e592e370d6bd852eeefbf057,8,251.87,4.75,0.0,PR,否,
ae45ad30c2d2e5913094769690a239d2,1,251.8,5.0,0.0,SP,否,
e88f7a2995ba184710d339c5c4bf2e30,2,251.6,5.0,0.0,SP,否,
85ecf03781da592876b7844acc1b729f,2,251.0,4.5,0.5,SP,否,
46ef1a25845fc051c2998d878354810c,5,250.41,4.4,0.2,MG,否,
8ccf3cf69651cc1d8a02c8bfaf3b8568,2,250.0,3.5,0.5,SP,否,
13d95f0f6f73943d4ceffad0fc2cd32c,1,249.99,3.0,1.0,GO,否,
1703bc09972dab9782e7a9194943b69f,1,249.9,5.0,0.0,MG,否,
5d505d2298ad549e4e4e835562fa0c1e,2,249.8,5.0,0.0,SP,否,
c0f783394e37cd9c9d7f5f81141450fa,6,249.4,3.6,0.0,SP,否,
4b90495391ac0bd181a80a459df1e718,1,248.0,4.0,0.0,RS,否,
42b6488f5b8246d9141712abd4b1b693,2,247.99,4.0,0.0,PR,否,
32f1bb9dfa65bc7df5c0d9d95a616be4,4,246.49,4.0,0.25,SP,否,
baa49d93c8c8841e27400a300f5d74b2,6,246.4,4.5,0.1666666666666666,SC,否,
184a67a8f9f63234d3a92340bbdb727f,7,246.29,4.285714285714286,0.0,SC,否,
88ae906ea2acf6971f26c3e8b7cb4357,3,246.0,3.333333333333333,0.3333333333333333,SP,否,
5721089ba9214e80074f27d5a03fc0eb,5,245.93,5.0,0.0,SP,否,
5194c22ed1f616ec0c0f33c571542879,4,245.6,4.25,0.0,MG,否,
14f2b3587172b9db894c9bad8dab520b,2,244.0,2.5,0.0,RS,否,
5733d806668f8712c24b9abaefbfa642,2,243.8,5.0,0.0,SP,否,
77714512e8d4dda9c234da8e3faf16e4,4,243.4,4.25,0.0,SP,否,
9853a239ab7b7ebbdc3a21248d5b8e1f,4,242.0,3.75,0.25,PR,否,
c70a353f02429c00775a46a75fb787da,6,242.0,4.666666666666667,0.0,SP,否,
31be790e64fc99f8ff48ec2bd18a3104,6,241.4,4.333333333333333,0.3333333333333333,SP,否,
0761743cbffb25d7148189e9f1a5f03a,3,241.2,4.666666666666667,0.0,SP,否,
85044848b1b767db2a4a58526adef4b4,4,240.6,3.25,0.0,SP,否,
5e9f5bd34e0830569f05c9d4f56e04a8,2,239.98,4.5,0.0,RS,否,
422be4cc81a457fdb46f47edeb968ae5,1,239.9,5.0,0.0,SP,否,
70c4eedec9cb4a85cda2f3f9673557b4,1,239.9,5.0,0.0,SP,否,
2d9e8987a2ea5cf88dce330249043ff1,2,239.8,4.5,0.0,SP,否,
70f7e8018e3d46c748c92f026aa2585a,1,239.8,5.0,0.0,SP,否,
d7b2377bae6ace1b11fc69a11900ac36,3,239.7,3.6666666666666665,0.3333333333333333,SP,否,
ec8463980a4e0ea9f8517aea1ed0c419,2,239.2,5.0,0.5,SC,否,
25debeafbce801fdd479539350185eee,5,237.85,3.0,0.0,SP,否,
d1a5cc844736958c11b8efab9a2b4c87,1,237.6,1.0,1.0,PR,否,
e83c76265fc54bf41eac728805e4da77,8,237.3,3.625,0.125,SP,否,
2e0dba2da448400b1c11d7b4b22f32a4,7,235.87,3.142857142857143,0.0,SP,否,
534a01cc6df1e034e05c32028a291fa2,5,235.59,4.4,0.0,SP,否,
a663d9c3797e90eac99ff60939416a56,1,235.0,5.0,0.0,SP,否,
94b9108d4b637ba65bb4f1e53cfcf8d8,7,234.96,4.428571428571429,0.1428571428571428,SP,否,
508808d438fe2ff972ed13bb8f4a82e2,9,234.84,4.666666666666667,0.0,SP,否,
1e47defeeadeca0e9a18fa5a9311e735,3,234.12,5.0,0.0,SP,否,
cb32766839f443db85c82a43c4a6c19e,2,234.0,3.0,0.0,SP,否,
d9cb0052a666de5308b32f32ad5f1b1c,3,231.9,3.6666666666666665,0.0,SP,否,
e64882b4ef12aee8d0faca4db5b681f4,1,230.0,4.0,0.0,GO,否,
1746c1ae87ac63d530c7c943d0ac42e2,1,229.9,5.0,0.0,SP,否,
72431a818f97fe6ab9c81eee3e297e54,1,229.9,5.0,0.0,SP,否,
740205fedfe4e90ca6857bc77db0f2b4,1,229.9,5.0,0.0,SP,否,
9539213aa8e023c01937bef95dc006da,9,229.1,4.555555555555555,0.3333333333333333,SP,否,
615c3462099ffa940d37b17dfda19594,2,229.0,5.0,0.0,RJ,否,
75745ef7bc7d4f3ea3380f6f5303f514,3,228.4,5.0,0.0,DF,否,
8dfbc5ff27df12f6cef751d3b9554222,4,226.0,4.5,0.0,PR,否,
b05b432bf68945d4d9783f9e3ca29ee8,2,224.8,4.5,0.0,SP,否,
8a8835a43bda99fd37310ad76c457510,2,224.34,4.5,0.0,SP,否,
94ca168e8bcb407ab85c5da308863027,5,224.3,5.0,0.0,SP,否,
6c6e3d67f969468f3bfd33f827a31222,5,224.0,4.8,0.0,PR,否,
81ed90f07c0bacb7594940ba2ef676aa,2,223.9,4.5,0.0,MG,否,
0e44d110fa6a54e121cb2c095a77762f,6,223.32,4.333333333333333,0.1666666666666666,SP,否,
08ad4ac1388e4420ca531c3edfc46198,6,221.62,2.833333333333333,0.0,SP,否,
f419677537694f0462a91990df6ca44f,6,220.5,4.0,0.1666666666666666,SP,否,
bec568278124768c474ee90971ca94d1,2,219.9,4.5,0.0,SP,否,
edf3fabebcc20f7463cc9c53da932ea8,1,219.9,4.0,1.0,SP,否,
20611af7866c6068fd5ae1f9dbe15c92,2,219.8,4.5,0.0,SP,否,
e0a3c37054ade6478d923a6efc10f308,2,219.8,5.0,0.0,SC,否,
f8e2c1b59cd4225a3e4fd0d013a76b93,2,219.8,5.0,0.0,SP,否,
a5dd1946fb63ada8bcaa0c9cd8f11e22,6,219.62,3.8333333333333335,0.0,PE,否,
c3fe93ba3085f92855c97e57f38c8c05,6,219.0,5.0,0.0,PR,否,
3442f8959a84dea7ee197c632cb2df15,3,218.7,3.0,0.3333333333333333,SP,否,
751e274377499a8503fd6243ad9c56f6,1,218.0,5.0,0.0,SP,否,
6548c2550b6e2d8f18053216e1c7b6f3,3,217.7,5.0,0.0,SP,否,
d594982fd877af63ace38ea1fca27c76,7,217.04,4.428571428571429,0.0,SP,否,
3d49bfdd1b43a7fe169b3740067acc61,3,215.0,4.666666666666667,0.0,MG,否,
a4b8d97cd5d3674eeff96abc99d8ed67,1,214.08,1.0,0.0,SP,否,
5f0057b677eb963672bf05dfa3f16c34,4,213.88,5.0,0.0,SP,否,
33ab10be054370c254ddfcf0a6253422,4,213.2,5.0,0.0,RJ,否,
4ea2f12dbe91deeacd2c1e74f069a6e6,4,210.2,4.75,0.0,SP,否,
28405831a29823802aa22c084cfd0649,6,210.0,4.5,0.0,SP,否,
a9415cf907dfa12f9ed18693244f5329,1,210.0,5.0,0.0,MG,否,
661ad5fcc28cdfb8bcadb12bb2272475,4,209.93,5.0,0.0,SC,否,
269c5fc9fcadee614364c3620c30a1f9,3,209.6,5.0,0.3333333333333333,SP,否,
3fadb4cba4c35bce6a7eaf9872d5623a,3,209.5,3.333333333333333,0.0,RS,否,
929f342384a6607afe143d789ade1316,4,209.4,5.0,0.0,PR,否,
3fefda3299e6dfaea3466ef346a3571a,1,209.0,4.0,0.0,PR,否,
10cdd491d1dbea8fb4ead97b19c334ce,3,208.9,5.0,0.0,MG,否,
1de62b6f2fd96227629786db492433db,2,208.8,5.0,0.0,SP,否,
353e21e8bf8de2722b4fae1636664b76,4,208.0,2.5,0.0,RS,否,
5a9c0859cb00fd8aa4db443837f0a700,2,208.0,4.5,0.0,SC,否,
90b57083da5d803237da74daec6dcb2b,2,206.9,5.0,0.0,PR,否,
762fafdaa57a532ee0119731697579dd,5,206.7,5.0,0.0,SP,否,
e5d4b2b0c3bca22085f7a19a28de0c42,4,205.8,4.5,0.25,SC,否,
dd8a29ce82d5c705ba932d81494600a5,2,205.75,3.5,0.0,SP,否,
643c01d7c56a724bec0454f4780e8a3e,2,205.55,4.5,0.0,SC,否,
efb628aa07c8ca93d7db0d85b91a4f5a,1,204.0,4.0,1.0,RJ,否,
e819bcfade7b5d88a27325eb6cfd62c5,5,202.9,4.2,0.2,SP,否,
f26d70155c2b6326fcfa1780c8c684e4,1,202.89,5.0,0.0,SC,否,
bcc9dd23e2a8bd8267cf92b19304a1b9,3,202.79,2.333333333333333,0.6666666666666666,SP,否,
19484c79cef6c062cb177aa4ef2fcc3c,1,201.9,1.0,1.0,SP,否,
28c7d8743fbc8679f484868cc0fcaefb,3,201.5,5.0,0.0,SP,否,
72146da5774cabf2632faedcae097a76,4,200.94,4.0,0.25,PR,否,
3f84fefc07dc159b268d4a77d3e8c425,3,200.6,5.0,0.0,PR,否,
5db42a6cd9bf1bf0d3aab9582767f168,1,200.0,5.0,0.0,ES,否,
3289d8c3eef4873f91ce0b1343c0dd58,1,199.99,5.0,0.0,SP,否,
dbc51f5e45d654ecc16cb68e6817ecea,1,199.99,4.0,0.0,SP,否,
dda37071807e404c5bb2a1590c66326f,1,199.99,5.0,0.0,SP,否,
3fe7120d6257285ac6a3ce7cb071ccec,2,199.98,3.5,0.0,MG,否,
651530bf5c607240ccdd89a30c9c9712,1,199.9,4.0,0.0,BA,否,
e59e575a175fadcadf8479e191770425,1,199.9,5.0,0.0,RJ,否,
2a50b7ee5aebecc6fd0ff9784a4747d6,1,199.8,1.0,1.0,DF,否,
2cb4700db635baa1c0d4f90ed27b6669,2,199.8,2.0,0.0,PR,否,
4f0d637c1197fd65405ebd755ac9f86b,2,199.8,5.0,0.0,SP,否,
800214c63934acd05d47e84214db8ba8,3,199.7,5.0,0.0,SC,否,
ec5c1d94df153d473b37f880977ae58e,2,199.67,2.0,0.0,SP,否,
8060d731897e33b5c5ae575ce1e209e1,5,199.5,4.8,0.0,SP,否,
4450bd8327d471c4a11a83d1445b1b62,1,199.0,5.0,0.0,SP,否,
4ce8b55b4bfa4659184e7becc1fba3f2,2,199.0,3.0,0.0,PR,否,
52f6f9f13ba19504c02781132a049e75,1,199.0,2.0,0.0,PR,否,
e1bed63d68ac36fe1f3061befe196af5,1,199.0,5.0,0.0,SP,否,
e9874ae10b2d60d43917b6bbfa13a599,1,199.0,5.0,0.0,PR,否,
3d290fe363c60a77498c1126fd3fb8d3,3,198.98,4.333333333333333,0.0,SP,否,
e503f22be6a4f456d9851920a5d9c670,2,198.9,4.0,0.0,SP,否,
ad8b531ae67582f096925cff5630d0d1,2,198.45,4.0,0.0,PR,否,
586a871d4f1221763fddb6ceefdeb95e,1,198.0,1.0,1.0,RS,否,
d8dd176509baa37f359644d082bf7f7b,2,198.0,1.5,1.0,SP,否,
6f835fd4be26989b1b064399da346143,2,197.8,5.0,0.0,PR,否,
9da15f4a4ea758d9eeb49000dbe57e22,1,196.9,2.0,1.0,SP,否,
fe8055980a4ff7f64ed889c2b5926929,3,196.7,4.666666666666667,0.0,PR,否,
809413606dbfe5deefd2db646693ef67,3,196.68,4.333333333333333,0.0,SP,否,
8def3db7f272735afb2ecd03aeca09a7,2,196.0,5.0,0.0,RJ,否,
0f7eea709efdf942b5f95c7516dbacd7,3,195.74,4.0,0.0,SP,否,
f356c348fbc8df6a882823e21f5ce8b7,2,195.18,2.5,0.0,RS,否,
9c54608f0996c32ae4743089d915f845,3,194.8,4.0,0.0,PR,否,
b5f49fe968dff6b112861e6cd8e192ef,1,194.7,5.0,0.0,PR,否,
7d948535954aaf8c5d39db007f74372e,4,194.0,3.75,0.0,SP,否,
f626e15b7314c267e4429010866f70e9,5,193.55,3.8,0.0,SP,否,
05e107217c7266362fd44b75b2cd4cc4,5,193.38,4.2,0.4,SP,否,
747c1cdcd1737dcfbd1547f6eb6f2cf3,2,193.1,2.5,0.0,SP,否,
4d9fea3499bdc22aa4da4e339365f215,2,192.54,5.0,0.0,SP,否,
78ba5933c21686d1c2f64669c8c459e7,2,191.8,4.25,0.0,SP,否,
f307937c1bb287c3efc2a514b94b0d1d,1,189.99,5.0,0.0,MG,否,
778323240ce2830d68aab11794e00bfb,3,189.98,4.333333333333333,0.0,SP,否,
43a1d4bab73b816e44ef4e4facd9f9b5,1,189.9,4.0,0.0,PR,否,
7cf4ea70955b00d6b3c22542598e2715,1,189.9,5.0,0.0,SP,否,
119c7f1a00ef43fad0e57604e76a747c,2,189.8,4.5,0.0,SP,否,
213fafb0ca06fb3d5886579c2565791b,3,189.7,2.333333333333333,0.0,MG,否,
299c89a525fee36c567f4fe72f038100,1,189.0,3.0,0.0,CE,否,
686886775c8f6b1191c7b953fb52708c,1,189.0,5.0,0.0,SP,否,
b00af24704019bd2e1b335e70ad11f7c,1,189.0,5.0,0.0,BA,否,
e0482f2c769468c3bbcd8a01e09d98c5,1,189.0,4.0,0.0,SP,否,
c360e4787614ed31ac7a2f95d3b22dc6,1,188.9,2.0,0.0,SP,否,
c0aff2da32c17759d30b22fb0af6649d,4,188.8,3.75,0.0,SC,否,
4c1c7281388a33dd06daac44f9fadbd1,5,188.32,4.8,0.0,SP,否,
a3b0df0065e264a91b7bbf5f844af5cd,2,186.69,5.0,0.0,SP,否,
3a79f35a2344ede41af21267f61d5ec6,1,186.0,1.0,0.0,SP,否,
eec3469d83e142f9a104886655338c37,4,185.7,4.5,0.0,SP,否,
9e7c5f4d7770eab65738cca38f9efccf,2,184.8,3.5,0.0,SP,否,
2075d8cd4dd63ff12df0749a5866bb06,3,184.7,5.0,0.0,PR,否,
7d484ca289afaac6bf5fc6a1e96d2226,2,183.2,4.0,0.5,MS,否,
c990d6cf976a5718aaedc539f383ab88,8,183.1,3.625,0.375,SP,否,
1c56ffe0e9dea2657fc6e95b53f40b13,3,183.0,4.333333333333333,0.0,SP,否,
23ca5f678e0b3ea6c630b30fa8bf51ea,6,183.0,5.0,0.0,SP,否,
3dfd3dc96f7f8598eca74e9ac8a2fa31,6,183.0,4.0,0.1666666666666666,SP,否,
478bfe564db21eeb44386606aa30b650,3,182.7,4.666666666666667,0.0,MG,否,
5659d77e8d90378e39b960ad5956f64e,2,182.48,2.5,0.5,SP,否,
31e60bf8d103ce47932a85f5562deb16,1,181.0,5.0,0.0,GO,否,
8ca5b19e0263150d2c57afdde2b3d011,3,180.6,4.666666666666667,0.0,SP,否,
7ad41305e96a6cab8294cd65891e9a86,2,180.0,5.0,0.0,SP,否,
88cd3681e0a2ba85e190f7d817629c4c,1,180.0,4.0,0.0,SC,否,
94165aea8a35c3c21499cbcae239b16c,1,180.0,2.0,0.0,MG,否,
964ff64dc05b13811c6d0f41e0aa5f6b,1,180.0,5.0,0.0,SP,否,
9c57bc60cfad5ee62d35d3f1ce4593a1,1,180.0,1.0,1.0,PR,否,
9dd459b29a14bf89d47183cf2cd0e4c7,2,180.0,5.0,0.5,SP,否,
05ca864204d09595ae591b93ea9cf93d,1,179.9,5.0,1.0,SP,否,
3606774ec64634822d78dc2db6d37045,1,179.9,5.0,0.0,SP,否,
50bf89f1349bc0409a268c3a49678009,1,179.9,5.0,0.0,SP,否,
7f5e4d5efad7e44b91115dd1decb65f3,3,179.9,5.0,0.0,SP,否,
762ed976527cddf02787edba70fffa2a,3,179.8,2.333333333333333,0.0,PR,否,
2235cf78d3e2073a88146a9cb60f0dd0,1,178.99,5.0,0.0,SP,否,
880ce4951cf857ab1d9e0b75c1d856f4,1,178.9,5.0,0.0,MG,否,
f3975e8a41157005d4bcbb358678cd9b,2,178.8,5.0,0.0,SC,否,
6f1a1263039c76e68f40a8e536b1da6a,2,178.69,2.0,0.5,SP,否,
57fe6232e67823593374a2281d7a8af8,8,178.68,4.75,0.0,SP,否,
1352e06ae67b410cdae0b2a22361167b,2,178.0,3.0,1.0,RJ,否,
19e0f40a907ec568c34bfac15de4f4a1,4,178.0,5.0,0.0,SP,否,
ab9db4cf53b08b828b64dccaafc2d9f0,4,177.78,5.0,0.0,RS,否,
2d2322d842118867781fc737e96d59a1,8,176.4,4.875,0.125,SP,否,
a0a14e50070f3225b3eabba5b85da517,4,176.2,4.5,0.0,PR,否,
c353f8fc0ce8344999f17d578eb69a5e,2,175.98,5.0,0.0,RS,否,
cbbd5ae8f53de5f5097cd8217b529e24,1,175.9,4.0,0.0,SP,否,
485452467ff670447e84a8370c3fc898,3,175.7,4.666666666666667,0.0,SC,否,
4dc2e811a1760953cb7c6a590b498943,1,175.0,5.0,0.0,SP,否,
b906dd0e57f282c7089171b6ed07982e,2,175.0,4.0,0.0,PR,否,
f92d8c817434bd2d84d4e9c61322b7fa,5,174.84,4.6,0.2,SP,否,
23ff42c4bf1f8f16cddb19d8b972974a,2,174.70000000000002,4.0,0.0,MG,否,
dd9661d3cda1e6feb237f0c4d8b26f2e,1,174.0,5.0,0.0,SC,否,
0692610d8abe24f287e9fae90ea0bbee,4,173.99,4.0,0.25,SP,否,
99a25c39b28a74d1151c35c18d178292,1,173.94,5.0,0.0,SP,否,
aae5953b9edddf14749c0d65d60eb4b9,2,173.0,5.0,0.0,MG,否,
ccada0ef508e698917a6eab263375905,3,172.8,3.6666666666666665,0.0,PR,否,
50770d25768b0486d89be26afca3108f,6,171.76999999999998,4.0,0.1666666666666666,SP,否,
3ea08c48e851106d2f584349daba335f,1,170.0,4.0,0.0,MG,否,
55c96925041a14097b6a7825554f4ad5,5,170.0,4.6,0.4,SP,否,
e1643dff33666ca629e3644c02738179,3,170.0,4.333333333333333,0.0,SP,否,
5ca5d579b5857ee8709479b1047cecc3,1,169.99,1.0,1.0,SP,否,
7fe21dd00d2f4943ae09525efa2fd674,2,169.8,5.0,0.0,RJ,否,
695051e2981c8b19e77cafe450d5bdf3,1,169.76,5.0,0.0,SP,否,
b01c2b7b8599b325103ebcddc67413e1,4,169.45,4.75,0.0,RS,否,
d9c349beabc06aa6ff1c6d68b5e9e22e,1,168.1,5.0,0.0,SP,否,
c7c7b2682c648339a0e9846bb1023a39,2,168.0,4.5,0.0,SP,否,
51a04a8a6bdcb23deccc82b0b80742cf,1,167.99,1.0,1.0,SP,否,
7178e1eaa97257d8b6d4b80efd77a025,1,167.9,5.0,0.0,SP,否,
89d9a386b0b6e5fc8403071b03f7206a,2,167.0,4.0,0.0,SP,否,
1d1bbb8ac1581824986f582583fff01d,4,166.88,3.5,0.25,SC,否,
1e483cc5c76fef08d3ca05f9a8af7d01,9,166.09,4.444444444444445,0.0,SP,否,
1cbdc7cf130a41fd13a3c2a7d2fcfda7,2,165.8,5.0,0.0,MG,否,
2ea0861cc19e94cad86438c984c52da4,6,165.6,3.333333333333333,0.0,SP,否,
33d677f27a69b84051204ee4ae76eaca,9,165.0,4.555555555555555,0.0,SC,否,
76d336555bb25f3165d2f0d6da719c40,1,165.0,3.0,0.0,SP,否,
bd4ff04377f974574f7f0bf9d6ce7dde,4,164.96,3.5,0.25,SP,否,
e45edf75f568ed2f93f78d060e246e25,6,164.29999999999998,4.166666666666667,0.1666666666666666,RJ,否,
98e164d549402270247f3c96a1a158ef,2,162.7,2.5,0.0,SP,否,
f19516b9ff26bfeb091b30108db4ddbd,3,162.7,3.6666666666666665,0.0,SP,否,
fa5fdc4e4bb6bd1009ad0e4ac4096562,1,161.99,5.0,0.0,SP,否,
bff9deb0ec77d437f3305a79cf25529e,5,161.95,4.0,0.0,SP,否,
3442033154be05bac582e173ef54fd12,1,161.0,5.0,0.0,SP,否,
d3e7d37c0df9aef383f3f2a15b0dddfb,1,161.0,5.0,0.0,PR,否,
d9d43faf741ceaa8da52fdbb81d9e0e3,4,161.0,4.0,0.0,SP,否,
fc6295add6f51a0936407ead70c1001d,1,160.0,1.0,0.0,SP,否,
533d46c1b06970e99f09523a61df4972,2,159.98,4.5,0.0,SP,否,
aa2640d851ec322526f1295bbeb20092,1,159.98,3.0,0.0,SP,否,
2039c5e51785b5dde7cf93ccb3b7be2c,1,159.9,5.0,0.0,SP,否,
913fd0ebba70bb919f7254a02239173c,1,159.9,1.0,0.0,SC,否,
fc0b214b59a83615fea981c6424a02ae,1,159.9,5.0,0.0,SP,否,
2ec6e37d992a95eaddb3369dcbcc76d9,2,159.8,1.5,0.0,RS,否,
4bde6149c15cf7e177b36fa060dd6de8,2,159.8,5.0,0.0,RS,否,
6902157ee16728322d61a1321fa79e58,2,159.8,3.0,0.0,SP,否,
99cd94252748d2bdde08e17858233602,2,159.8,4.5,0.0,SP,否,
b7e1750c1157341d2abd0251e07c186b,3,159.6,4.333333333333333,0.0,SP,否,
0ade5cc4a305ed7093a23f68ca47519c,2,158.88,5.0,0.0,PR,否,
954e95f20808d7e5d11f0de292d078e0,3,158.78,4.666666666666667,0.0,MG,否,
c04d70d515d15a7e3db3a73320598566,3,158.2,5.0,0.0,RJ,否,
98dddbc4601dd4443ca174359b237166,2,158.0,5.0,0.0,PR,否,
ce3ad9de960102d0677a81f5d0bb7b2d,1,158.0,5.0,0.0,RJ,否,
f1ce5fdecd64935c28b9ff932751d0dc,2,158.0,4.5,0.0,SP,否,
d2df77822373f19934e87694d8640767,2,155.9,3.0,0.0,PR,否,
dde698c6d0bd24834c586e5111c2bba7,1,155.9,5.0,0.0,RJ,否,
b9de031b671cd48b28fae9d828cbf2b4,1,155.32,5.0,0.0,SP,否,
3c88ed2e76a2247933a15daa7161eb1c,1,155.0,5.0,0.0,SP,否,
4dab98ca6cd6d3df586203cefd28a042,1,154.9,5.0,0.0,RS,否,
f664f98bfda2eaf266a23ff144e7a872,2,153.99,3.0,0.0,SP,否,
90b36c5aeb728d5504a39f435bef0c5f,4,153.89,5.0,0.0,SP,否,
0b09101900100c0e9d312861fad5a1b9,1,153.75,4.0,0.0,SP,否,
6601ee6383e7f452be71929f8de48bbb,2,153.6,4.0,0.0,SP,否,
d26aa40b90272d4843d63be7c1462c8d,2,152.9,4.5,0.0,SP,否,
78813699ffac347fe27dba345a5f1551,1,152.42,5.0,0.0,RS,否,
4ddeb3e828550cddc8d45c8bc36ab2d1,1,152.0,5.0,0.0,SP,否,
56f413900b5166ab4d730e9ac0b12cb0,3,151.79,4.666666666666667,0.0,SP,否,
bd0a1b0aadca9a83d9304f7e8ff5fbd5,4,150.6,4.5,0.0,SP,否,
2d34636518ba88f5349b732fcf8ba2e4,1,150.0,5.0,0.0,SP,否,
3dc69bf2c42f0568a5c4791ec3fd3745,1,150.0,3.0,0.0,SP,否,
4867209cb29b56b92893d7bde3ce8012,1,150.0,4.0,0.0,SP,否,
578fa3a9cb6b6dceab39231ad59cdaca,3,150.0,3.6666666666666665,0.3333333333333333,CE,否,
c398bc00a606d33758afd91f4e64fd15,2,150.0,4.5,0.0,RJ,否,
1e47d8b6546eb3a77b1acddcc9406242,1,149.9,1.0,0.0,SP,否,
49f8d2ea7b718d0ce587d34207caf2b4,1,149.9,5.0,0.0,SP,否,
f266295f49a28eee21f413e0cbb0521d,2,149.8,4.5,0.0,PR,否,
6ba4733aa33f6386e9fb0c0fd3993b38,3,149.79,4.666666666666667,0.0,RS,否,
3d700782d7818f2c1e0d7a9e9d75fc00,3,149.7,3.6666666666666665,0.3333333333333333,SP,否,
63272377184e969942f7fff221be858d,2,149.7,5.0,0.0,SP,否,
d8b8f2cf9ff6ba0389072541cb42498c,1,149.0,5.0,0.0,GO,否,
e00d85ce20ea50c1224c66ca5050527d,1,149.0,4.0,0.0,SP,否,
f35becee938e982bd615edf8ef12bcfb,6,148.59,4.0,0.0,SP,否,
8fbe2ee446b97e128471be4ce983dc0d,3,148.5,3.0,0.3333333333333333,SP,否,
ca7c6bd577e559472af1c699de9e764e,6,148.0,4.333333333333333,0.0,SP,否,
7d7866a99a8656a42c7ff6352a433410,5,147.89,4.4,0.0,SP,否,
2a7c6c0b0d5efde2bf75ec1e1cec2d41,3,147.6,3.333333333333333,0.0,PR,否,
6ee85be3693ed79a8e80718743d80655,5,147.5,3.2,0.4,SP,否,
9523fb39dd240aa958e040f8183d64f3,1,146.99,1.0,0.0,SP,否,
0b3f27369a4d8df98f7eb91077e438ac,2,146.51,4.0,0.0,SP,否,
4bcec44888b30ba9001234c534716d3f,5,146.0,4.6,0.0,SP,否,
398cb257329ef7af7f1943a8974a3cbc,1,145.9,5.0,0.0,BA,否,
8e34331b7eedd03be4e5d965c1956225,5,145.0,4.8,0.2,SP,否,
f3041c2e75ec683697a6a5ea82192210,1,145.0,5.0,0.0,MG,否,
0daf5180aa44356f60f8effa533b55a2,2,144.8,5.0,0.5,GO,否,
553a440137d6e0cf776aee0bb83ac9f5,2,144.8,1.0,0.5,SP,否,
4a82c4af97ffc0fb2dc26bfdc03b1842,3,143.7,5.0,0.0,MG,否,
c8143b3069f6746a77421b5ce30a450c,1,142.47,5.0,0.0,GO,否,
2f9b7ce230a057a98a9f5df5893ee36c,2,141.82,4.5,0.0,SP,否,
d3891911c2feae53c52fea2bd14054e5,2,141.0,5.0,0.0,SP,否,
0e72c1a751b496722a6cb1f10653b62a,3,140.8,4.666666666666667,0.0,SP,否,
50a7e551a7b3f8d37cd6e32d8bfbe5ea,1,140.0,5.0,0.0,SP,否,
52a50b42accf164f9f019941e5759d9b,4,139.96,4.75,0.25,SP,否,
19d62d484cba71963c93f0f00ab42013,1,139.9,4.0,0.0,SC,否,
d8bf0fc082fd4a77fc2e5679b6c00133,1,139.9,5.0,0.0,SP,否,
fa8d335d68129e464e60c1826a683e96,1,139.9,4.0,0.0,RS,否,
e8ff5a6ceb895583033fc2a0f314e3c2,1,139.89,5.0,0.0,SC,否,
1b0b0f4f95e962d6f32fe90c759d0479,2,139.8,5.0,0.0,SP,否,
59bbc819b99a733f02f0d6b49d1c253d,2,139.8,5.0,0.0,SP,否,
a154d7316f158bb42e6fa18bbe3afd3a,2,139.8,3.0,0.5,SP,否,
6a53b90c3ad9e0b56d9fe5c69165fff5,2,139.78,3.5,0.0,PR,否,
657969cca82e884d272385ec0ef06edd,3,139.70000000000002,4.666666666666667,0.0,RS,否,
63b9ae557efed31d1f7687917d248a8d,5,139.5,4.2,0.0,SP,否,
26e2e5033827d2ba53929f43e03d8ffe,1,139.49,5.0,0.0,SP,否,
4a5b36211b1f51bf7eaa5c10a57fa483,1,139.19,5.0,0.0,RJ,否,
57a834594e1e9e9219603bfec184eadc,1,139.0,5.0,0.0,RS,否,
5a9b3bcab695173c820e53934574ae80,1,139.0,5.0,0.0,SP,否,
712efd3b68f9686dc856b84abd0f21ae,1,139.0,4.0,0.0,PR,否,
c747d5b92c7648417faea95d36d763e8,1,139.0,5.0,0.0,CE,否,
f114dca2828bf718548db175ebe2cfcd,1,139.0,1.0,0.0,PR,否,
f049a72cf58fd31b11f8919cade515e7,3,138.75,3.333333333333333,0.0,SP,否,
96f7c797de9ca20efbe14545bed63eec,1,138.60000000000002,1.0,0.0,SP,否,
717b78b0950b51ed00b1471d858b0edc,5,138.6,4.0,0.2,SP,否,
044668ccd5316b12a7cf0d54a156e3e9,3,137.8,5.0,0.0,SP,否,
0b64bcdb0784abc139af04077d49a20e,4,137.6,4.75,0.0,RS,否,
ea846a0e7ad98a741783e886d89dfa44,2,137.0,5.0,0.0,SP,否,
b7ba853e9551f4558440881fd3e5c815,1,136.9,1.0,0.0,RS,否,
db6a4d4b5f1f5f98820ce6ce2619e2de,1,135.99,5.0,0.0,SP,否,
377bc18334c78dd2f1535ef22a3ad225,1,135.98,5.0,0.0,PR,否,
dd39ad39b5d3df33037e141c72497ba6,2,135.8,5.0,0.0,SP,否,
e3e290b38963293022cdcd6db8328103,3,135.7,3.333333333333333,0.0,SP,否,
59de1d4c8c057c2a53acd4ca66531af2,1,135.0,5.0,0.0,PR,否,
7c4adcc13272c0e26fa23aac642adb7b,2,135.0,3.0,0.5,RJ,否,
83c8aafbefb034674a70de0eac5b8954,2,134.9,5.0,0.0,PR,否,
5def4c3732941a971cba8fdee992ede1,5,134.8,4.6,0.0,SP,否,
92c8bc6e8f925792247656fed09aad65,2,134.8,3.0,0.5,SP,否,
c5e60e39c0f42b8e827daa13cff74afa,6,134.0,4.5,0.1666666666666666,SP,否,
8e4f041ff58e7845456d3482524014b3,2,133.8,3.0,0.5,RS,否,
062c325cd6a2b87845fab56b4ec2eeae,2,133.22,5.0,0.0,SP,否,
c87abc38c8ed3240861729e1aeadf221,1,133.0,1.0,0.0,SP,否,
7adbd3210a7b3cc2235e225eef33574d,3,131.9,4.666666666666667,0.0,SP,否,
fedf2c1386e137f296b3bbf3b635e69d,2,131.74,3.5,0.0,SP,否,
a218df5c097b0ca409cfaac1488cc7f6,4,130.69,2.75,0.0,SP,否,
939f6e231201f26803cb5c3a3d2940b3,3,130.6,4.666666666666667,0.0,SP,否,
2f3d8b4c9e2ee165075331fea3f3095a,1,130.0,5.0,0.0,SC,否,
9fe7c6641c79970ab48185498f547c09,1,130.0,5.0,0.0,SP,否,
dc120d932ddf9d4dfb6fd68beefda622,1,130.0,1.0,0.0,PR,否,
0f80a40c312b2472dca482cf50f5186f,1,129.9,3.0,0.0,SP,否,
b6f52e346160519c24a23af05410ad32,1,129.9,4.0,0.0,SP,否,
e5def42655b7490edac5a56fe8e9e603,1,129.9,5.0,0.0,SP,否,
44ed138eca6214d572ce1d813fb0049b,2,129.79,4.5,0.0,RS,否,
45c20d94d9171b0bcfab3c955e47d67b,4,129.45999999999998,4.5,0.0,SP,否,
e4fc40017a6d22c46a14ac2e17f87c3e,1,129.0,5.0,0.0,PR,否,
ef728fa1f17436c91ed1ccd03dcf9631,3,128.7,4.333333333333333,0.0,SP,否,
538caafddff204241cecbf3a02e6b3cf,8,128.4,2.75,0.5,SP,否,
5bc237df65098fe211bb4818f4d26d78,2,126.8,4.5,0.0,MG,否,
7c9130f5f3729edd32aa059141d92484,3,126.0,3.333333333333333,0.0,SP,否,
934ed5cd1b9c1c7382d0a94a94b9e639,1,125.85,5.0,0.0,PR,否,
788f22bafdd7ab0e1e79f19db72f16a4,2,125.8,4.5,0.0,SP,否,
570d4583587a5fe2d47c7be89b91ad27,2,125.25,5.0,0.0,SP,否,
57df9869a600bd6b7c405f2a862eccfb,5,125.0,4.4,0.0,MG,否,
c092292535a57dacd95a8765f5518f87,1,125.0,5.0,0.0,RJ,否,
ff82e8873fba613f2261a9acc896fd84,4,124.6,3.5,0.0,MG,否,
693660429f9dc4ff704eb3d88dad54d7,2,124.0,4.0,0.0,SP,否,
08061dc0fc165ed41288cc7acde738ee,4,123.8,4.5,0.25,SP,否,
902c99f1ac505c0d18778b61bcd636f7,3,123.47,5.0,0.0,SP,否,
8d92f3ea807b89465643c219455e7369,3,121.2,1.0,0.6666666666666666,SP,否,
89757206b887aed36f3e18d858460fea,2,120.5,5.0,0.0,SP,否,
876182d1918783bbe15233febfbd4926,3,120.27,4.0,0.0,SP,否,
003554e2dce176b5555353e4f3555ac8,1,120.0,5.0,0.0,GO,否,
1927cdb9fa74f5270097f6250e8e8f34,1,120.0,5.0,0.0,SP,否,
698f5fa55a5f73d0740e9d9a773e8093,4,120.0,4.75,0.0,RJ,否,
7994081388d55b9cf976c050653dd359,1,120.0,5.0,0.0,SP,否,
a353b1083c9863d756d9404695016d64,1,120.0,5.0,0.0,ES,否,
bba8d0c234a52b87b3957037a215d1a4,1,120.0,5.0,0.0,GO,否,
bdf0d02d36a1d839d0c39c4a887cdd49,5,120.0,5.0,0.0,SP,否,
35281d148dcf7134bae913c57db4e6da,1,119.99,5.0,0.0,SP,否,
3903c788ded8dc03b5ebab37a2f3e9a1,5,119.98,4.0,0.2,SP,否,
07a9bc7f61396b658ddf3ac534efe44c,1,119.9,3.5,0.0,SP,否,
674207551483fec113276b67b0d871ff,1,119.9,5.0,0.0,SP,否,
7c4402417d51474d4d0cda9557340e40,1,119.9,5.0,0.0,SP,否,
a150c540f572d0fb53992264bc5c10b5,1,119.9,4.0,0.0,SP,否,
d1aa1ec0839dcab73a6161130eb1f94a,1,119.9,4.0,1.0,PR,否,
e9b6c33b71b67737693b4cfa68341c8d,1,119.9,4.0,0.0,SP,否,
be1e9e378700cecaa4ebf71433d7915c,2,119.89,3.0,1.0,SP,否,
8eb88b0acb3f90a717ad659221471fa7,2,119.8,4.5,0.0,SC,否,
910a922b426b7ff95eaee129ad6c0e1f,2,119.8,5.0,0.0,SP,否,
bf0045791395e66460eb04749c68672a,2,119.8,4.0,0.0,SP,否,
26e13b6ff5b641b329e5524241ee2c93,4,119.7,4.0,0.0,SP,否,
a9b533a26e898b12e8b8d4c07279bf4d,4,119.6,5.0,0.0,RJ,否,
22c32ec35d0116ef02c281798a25bf8b,4,119.58,3.75,0.0,PR,否,
36f98ad67cc981f50ce8aed093d5783c,2,119.4,4.0,0.0,PR,否,
fc38b5dceee1a730fad8853453437fbd,5,119.2,4.6,0.0,SP,否,
fc908879b9ca1bd65419e54e50432d38,4,119.2,5.0,0.0,SP,否,
e82de6494d91d3c4c54450f59b227a94,3,118.9,5.0,0.3333333333333333,SP,否,
fd312b6bf05efac6c3772d5b52205d8a,2,118.7,5.0,0.0,SP,否,
e9c2dc0dd4ac38448289be644ac94f42,3,118.39,5.0,0.0,SC,否,
4c60877808f4318ef1107fbeb8f89afa,2,118.0,4.0,0.0,SP,否,
aa1eb17b9fdf6dfd546e25c45c7b9235,3,117.99,4.666666666666667,0.0,SP,否,
fc5a0d7a310a7a41abf86a458585ff2b,1,117.9,4.0,0.0,SP,否,
40ec8ab6cdafbcc4f544da38c67da39a,2,117.8,5.0,0.0,PR,否,
b416191c9813d821a295cfabafff4161,2,117.8,2.5,0.0,SP,否,
13dd308f81fea30cc670c656b2b46cc3,3,117.7,5.0,0.3333333333333333,SP,否,
9bade61a92bed55a25d2b67b9f4ed739,2,117.68,3.0,0.0,PR,否,
bca9230d3bbb4efa51872bf605a2f1ad,5,117.57,4.0,0.2,SP,否,
781a66c0d89e30814d49fe8b5e14cd07,1,115.0,1.0,1.0,SP,否,
93bef6edaa84956e8e575016449b6351,1,115.0,5.0,0.0,SP,否,
9bf11dfc0bec77e5a23028043c3c5a8f,1,115.0,1.0,1.0,MG,否,
039b29ff3b3473435d0cd59040575de9,9,114.9,4.444444444444445,0.0,SP,否,
8c351ed7c326c62123318f4f3246e906,2,114.9,5.0,0.0,SP,否,
296729ffb9b684050dd24836dac4494a,2,114.0,5.0,0.0,SP,否,
cd52a8efd71af3336b14b5039b951cc1,2,111.8,3.0,0.0,SP,否,
4c4d546adf3c3868fe19c9ec6e9ffda9,2,111.7,4.0,0.0,PR,否,
818d28f936e791926d33bcb6ee94ef79,4,111.6,4.0,0.0,SP,否,
28d162ab86bb49d719c32f0ee6186eaa,1,109.99,4.0,0.0,SP,否,
2c9005d8043aff18b8557ffb7b13cda4,1,109.9,5.0,0.0,ES,否,
4be9ae93c4fc0f41713d71a4194ee1b3,1,109.9,5.0,0.0,MG,否,
e732329483fd5f27367dd997b47f598a,1,109.9,5.0,0.0,SC,否,
7bb8fac2913a6064ec412e583c6d8b4d,1,109.0,5.0,0.0,SP,否,
db7ed69a53aa9fb1c01930ba54a88bbe,1,109.0,5.0,0.0,SP,否,
4cc43a222a0f94910728b62b97a8c5f8,1,108.5,3.0,0.0,SP,否,
bb3dca718920a4d7ec3cc9ffb025108b,2,108.0,3.0,0.0,SP,否,
e88165a185134e13fdfc85d4fa654db8,2,108.0,3.0,0.5,SP,否,
941554c5757b73ba0e50aa7732310afc,3,107.69,4.666666666666667,0.0,SP,否,
c26ba52cf8d2f34915f2f6b7ffa0a3f3,3,107.47,5.0,0.0,RJ,否,
44717f64ec2a457979cf83c429077666,2,107.0,5.0,0.0,RS,否,
077c5fae4bea9500e3737b16f71b9d3a,4,106.8,4.5,0.0,SP,否,
a69aa24cec11168e7e39a3fbc727e925,3,105.97,5.0,0.0,SP,否,
271b8923c6a549e02d3c9fd1f8c0422b,1,105.19,4.0,1.0,SP,否,
3d2400ac620cffa23ac81bd192f7f555,1,105.0,5.0,0.0,SP,否,
3bb32fedaa74e4ad20f4ce067733bd31,2,103.7,4.5,0.0,SC,否,
62de60d81c55c29d76a6bce418b31cef,1,103.0,4.0,0.0,SP,否,
461ff5303b6c9c1a4a07f40c5aece516,3,102.7,3.6666666666666665,0.0,PR,否,
ab91571efab27993ff2f6b36e38055c3,3,102.24,4.666666666666667,0.3333333333333333,SP,否,
160851d3ece7aa1a510f8d1a4bb8a8af,2,102.05,5.0,0.0,SP,否,
be67f78487e2cecb0d55bc769709e4f5,1,102.0,5.0,0.0,MG,否,
96e5dc09087bad639b4ee193104ec2e5,2,101.9,4.5,0.0,RJ,否,
4fae87d32467e18eb46e4a76a0a0b9ce,1,100.9,5.0,0.0,RS,否,
a4fc6eadaff1576af888509a53420f6a,1,100.86,3.0,0.0,SP,否,
011b0eaba87386a2ae96a7d32bb531d1,1,99.98,4.0,0.0,SP,否,
79b93a308a97792cf53ac75f46da00b5,1,99.9,5.0,0.0,RJ,否,
80cfd480be3eb6d6267139f5cb793555,1,99.9,4.0,0.0,SP,否,
2d20f1cd18725c91147da0791d498022,1,99.8,5.0,0.0,PR,否,
247587846358bb1d2e4c6522020b36fe,1,99.0,5.0,0.0,SP,否,
26562f211dd1364af2a8596dc945e8ae,2,99.0,5.0,0.0,SP,否,
a7c53f6b3b61adbdaa99dda97e8cbd56,1,99.0,4.0,0.0,SP,否,
aa8af66c623d7d544dfe4bb85b5ebe3b,1,99.0,5.0,0.0,MG,否,
1fbe10c70e30765ed1de86d9f7e98409,2,98.75,2.5,0.0,SP,否,
00ab3eff1b5192e5f1a63bcecfee11c8,1,98.0,5.0,0.0,SP,否,
4e42581f08e8cfc7c090f930bac4552a,1,98.0,1.0,1.0,SP,否,
5f57db27027655e6c6a391601daa0258,1,98.0,5.0,0.0,ES,否,
eaaa46e98c9e61f6764dd1d7a2ab8b3e,1,98.0,5.0,0.0,RN,否,
1c742ac33582852aaf3bcfbf5893abcf,1,97.9,5.0,0.0,MG,否,
74c7dec0a384d8a05950e629bd23bde9,4,97.78,4.25,0.0,SP,否,
c7bb64409aa480bb7d0335faaaf3d242,4,97.6,2.25,0.0,SC,否,
70126eecc6aa1274392a1743866e9678,3,97.4,5.0,0.0,SP,否,
782f78b632a43875dd5b53e3e49c9564,1,97.34,5.0,0.0,SP,否,
270572bb714b00531be85e16e1550f26,1,96.99,5.0,0.0,SP,否,
034b9387752bfa309f350a70cd45ffa3,8,96.0,4.5,0.0,SC,否,
f43827dd686be3a4a80e00aa299990fb,1,95.54,2.0,0.0,SP,否,
22a23e5ac7061fc538cc2a019afaaf16,1,95.0,3.0,0.0,MG,否,
623ad9d0c1e14bb5464a8c72bff7b4af,1,95.0,4.0,0.0,MG,否,
74a9b9bddf14ece02beb81f52c41a88d,2,95.0,3.5,0.0,SP,否,
253c025bab43881055aeecde5e2d8b77,2,94.82,4.5,0.5,PR,否,
43b2c864251aa0ce4030c746984e088a,2,94.8,3.0,0.0,DF,否,
443d880f15cbd3572885e1d44bf2c478,1,94.8,2.0,0.0,SP,否,
7a704e63bb29c446869efde5d57524c8,1,94.49,5.0,0.0,PR,否,
6235903333ba7de1928c869e268e5964,1,94.06,5.0,0.0,SC,否,
2aafae69bf4c41fbd94053d9413e87ee,2,94.0,4.5,0.0,RS,否,
376d67b61dce0c990155286e7ae486a4,1,94.0,4.0,0.0,SP,否,
5305693ffae2d3463377b1f6fe67b15a,1,93.56,5.0,0.0,SP,否,
6b2612338467c08c9b25f0cc55b1578d,1,92.9,4.0,0.0,PR,否,
01266d4c46afa519678d16a8b683d325,3,90.25,5.0,0.0,PR,否,
1cbcd2ee0afb3fc09963b87eb65e7e4f,1,90.0,5.0,0.0,PR,否,
52b53f7061969fe471d119b6195da864,1,90.0,5.0,0.0,SP,否,
f8f35af4634605e6693c17cc3ffff5a8,1,90.0,5.0,0.0,MG,否,
6d04126aba80df143fd038e711b8fd96,1,89.99,1.0,1.0,RJ,否,
d7d517afce974cd491b8d52bb5b5b1fc,1,89.99,4.0,0.0,SP,否,
8dd386be0767c330276ea6a3f96532d3,1,89.98,5.0,0.0,SC,否,
741f8c587cb4248ebc5b779a0e8e0e51,5,89.95,4.0,0.2,SP,否,
154bdf805377afea75a3bd158e9eab10,1,89.9,1.0,1.0,SP,否,
2bdb95a56a36ebbc6640337ac5eac174,1,89.9,5.0,0.0,SP,否,
4aba6a02a788d3ec81c03137144d9a80,1,89.9,5.0,0.0,SC,否,
889009a0ed0bb52c87819941192931b8,1,89.9,4.0,0.0,SP,否,
97e50a621f8e801f4baf69e08687c192,1,89.9,5.0,0.0,SP,否,
a72f15980dc3e9bfd1a49ac9b2f3af65,1,89.9,4.0,0.0,SP,否,
5741dc2bf5044c34d0698681c5081bed,3,89.69999999999999,5.0,0.0,SP,否,
b8d890108a7a80e4f5d59eea9f362438,2,89.69999999999999,3.5,0.5,PR,否,
6624bc09786f0e41ae48dfc5eeb1a9e2,1,89.54,5.0,0.0,MG,否,
499185655c29ecfdbfe776ef7cf875b5,1,89.0,4.0,0.0,RS,否,
b3809b8d4394588a47c8470ea331e135,1,89.0,4.0,0.0,SP,否,
da2782c804606d2a5d8e1760dbb3e7ec,1,89.0,1.0,1.0,SP,否,
65c255b299faf2d12050937cc219c46c,2,88.2,4.5,0.0,SP,否,
466222e777149751370e7e98fb623b0c,1,87.9,5.0,0.0,RJ,否,
dd264199fc8b687ad029de7de6d760e6,1,87.9,5.0,0.0,PR,否,
9cea4682e16655f7da87f406902e989e,4,87.75999999999999,4.0,0.0,PR,否,
2fa13c8bd5705d279f7ed5cc9ec61c68,2,87.4,5.0,0.0,SP,否,
4fe2f67634d00c021aa01f96b6f2d68e,2,86.8,5.0,0.0,PR,否,
60da8bfa7eebe230b7d66ac4082d79b3,3,86.6,4.333333333333333,0.3333333333333333,SP,否,
b86a47b3366e3b5424a7b225781f4908,1,86.5,3.0,0.0,MG,否,
00d8b143d12632bad99c0ad66ad52825,1,86.0,5.0,0.0,MG,否,
a2b911e9ad40dc7d61c142a4683e2d85,1,85.9,5.0,0.0,RJ,否,
5566627eab3fe93fd6ee08798226101a,5,85.5,4.4,0.0,PR,否,
2b5ed0c9139dae8883a200dfcb272ece,4,85.41,4.25,0.25,SP,否,
b5dd7151a92ccaaa282cbe9681a05f44,1,85.0,5.0,0.0,SP,否,
cb5ff1b9715e99589f3e0c7a6afab9e3,4,85.0,4.0,0.0,PR,否,
0dfbed20065e425d2eaefb101f9816c0,3,84.35,2.6666666666666665,0.3333333333333333,SP,否,
324583d68897f5ddbaf38f6248322176,2,84.0,1.0,0.5,SP,否,
dedcab67899479e4ea5dcc4eba47f587,2,84.0,4.5,0.0,SC,否,
f5b84683a9bf9e1df748cf40f601b39c,1,83.9,5.0,0.0,SP,否,
11d4c477d09821164bca4f70a2eae031,3,83.04,5.0,0.0,SP,否,
a56a8043ebf66e42119618fb8cf232c6,1,83.0,5.0,0.0,SC,否,
ba8e85df286308fe68a2ce83a8f8b2d6,1,80.9,5.0,0.0,SC,否,
52454f90d4c30c016768db02f88c1a74,3,80.5,3.6666666666666665,0.0,SP,否,
1a8e2d9c38b84a9702ac7922924b0573,1,80.0,5.0,0.0,SC,否,
8b11118053756a9a2932f447e11fc1b5,1,79.99,3.0,0.0,SP,否,
a45765f8afb1e594b22bf9e974b46765,1,79.99,4.0,0.0,SP,否,
c0f3eea2e14555b6faeea3dd58c1b1c3,1,79.99,5.0,0.0,SP,否,
e09887ca8c7bf8a4621ce481820414ef,2,79.97,3.0,0.5,SP,否,
0f519b0d2e5eb2227c93dd25038bfc01,1,79.9,5.0,0.0,SP,否,
9fbd5666d8618fa571c4230fafa09bd6,1,79.9,5.0,0.0,SP,否,
b5b800c4065bebf4d3442311c9857344,1,79.9,5.0,0.0,SP,否,
ca5832c6960267b71041f74bb39e8b12,1,79.9,1.0,1.0,SC,否,
cd233f8bfa30ebfd651f47ee7d054951,1,79.9,5.0,0.0,SP,否,
dcb7367a92f5ffb89f1e2152ed260285,1,79.9,5.0,0.0,SP,否,
a7b7354cc588f7566a848bcbb1ce3d96,2,79.8,4.0,0.0,SP,否,
aa17b35ce4de7b565be3249ba838944f,2,79.8,4.5,0.0,SP,否,
e5bd51692380fd8cabb19b756b95e714,2,79.8,3.0,1.0,SP,否,
519a7aa428f18d125a283cf8c014fdd6,3,79.69999999999999,4.0,0.0,SC,否,
918f6fbcf3ab724d805867303e593a1b,2,79.69999999999999,4.0,0.0,SP,否,
c8665a4dd081a2c436b1cd921079d0d9,1,79.39,5.0,0.0,SP,否,
babcc0ab201e4c60188427cae51a5b8b,1,79.0,5.0,0.0,SP,否,
166e8f1381e09651983c38b1f6f91c11,2,78.8,5.0,0.0,SC,否,
8132b9bd16876e1b0f8808d43825dd48,1,77.9,5.0,0.0,SC,否,
739c7d7be81f63812dea0d1b1451c651,2,77.5,4.0,0.0,PB,否,
ec2e006556300a79a5a91e4876ab3a56,2,77.4,1.5,0.5,SP,否,
5de1c80811ce7007f62f00d971236c09,2,76.8,5.0,0.0,SC,否,
3e51f9cbe317bc3a88f2c76583811ee4,1,76.09,5.0,0.0,SP,否,
497709c2976a8fa308730a2dec5b0726,1,76.0,5.0,0.0,SP,否,
43a5d4a57af536fddc96d08be3afdfcb,1,75.0,1.0,0.0,MG,否,
47f55702f598c7c6cc8458b0fbc1c49a,1,75.0,5.0,0.0,MG,否,
6dd7dce75cd55c1ce255dc38d9f0cd46,1,75.0,4.0,0.0,SC,否,
a1bea9970d8f65b240555f99c2214f7f,1,75.0,3.0,0.0,PR,否,
d52cbce9845184537284a23c3bc3da0e,2,75.0,5.0,0.0,SC,否,
ec21206b7894c503788a684a7bc822a6,1,75.0,3.0,0.0,RJ,否,
05aebce0b5c8f0d41b29b686f2d05fd3,2,74.99000000000001,5.0,0.5,SP,否,
9c3a1c416c765687bc79a04113269929,1,74.9,1.0,0.0,MG,否,
6187a137b2af59dfdbad8d9f8c373c14,2,74.8,3.0,0.0,SP,否,
a90a5da8b09e44264a177c0374a5ac87,3,74.69999999999999,4.333333333333333,0.0,PR,否,
d8d9567d0bfb0bc7eb845a205ba42657,4,74.6,3.5,0.5,SP,否,
164a5a8794e6d42e14f55e447b12a3bc,1,73.99,5.0,0.0,PR,否,
a7d0f8dd44f57ef6de7f7f02e3d82630,2,73.78999999999999,4.5,0.0,SP,否,
204b4e07bddef3c9b317f70189135b22,1,73.4,5.0,0.0,MG,否,
d4d99b60c4c94cd35acd502cec65dc8d,1,72.9,3.0,0.0,SP,否,
e5c84227854980f1db19a58958c551d9,4,72.81,4.75,0.0,PR,否,
8f0fbe2cd4d472157dc1cdef6edecaa9,2,71.88,3.0,0.0,SP,否,
028872bfa080090a9d0abd4f1af168f8,1,70.5,5.0,0.0,MG,否,
4003520d80d0bad1d5623f7aa3c63cda,1,70.0,1.0,0.0,RJ,否,
a89e143d5211473ae18db9577ee34b64,1,70.0,5.0,0.0,SP,否,
bbf4a892cac7b82422baa711dffb8997,1,70.0,5.0,0.0,PR,否,
e4f121bf6ef8b9a1d4d3e65dd0473fab,2,70.0,3.0,0.5,SP,否,
f90f77ef2799a27f80d90c425ca944f7,1,70.0,5.0,0.0,PR,否,
0a198e95d32b1be2da9424c962a6ebfa,1,69.99,5.0,0.0,MG,否,
4e92348462c75b6c842b994ce84a0ed4,1,69.9,5.0,0.0,RS,否,
b5d034ac251546e25afe9067f05c1539,1,69.9,5.0,0.0,SP,否,
d598f929fc44e1e38678e7f47250ec04,1,69.9,5.0,0.0,GO,否,
d6cd01c59123df02fc226eadbadb5f89,1,69.9,5.0,0.0,SP,否,
d9b00a97818674c7f8d8b1ef0e689679,1,69.9,3.0,0.0,PR,否,
f3511c85f59f8dec53d140501ee8e7a8,1,69.9,5.0,0.0,PR,否,
fe9d9cf8631285d5982c6e2cf27fb114,1,69.9,4.0,0.0,MG,否,
17998cf586426bf0f2c3726cb0a4b211,2,69.8,4.0,0.0,MG,否,
5587130f9850696ed7fafbc91c2cee44,2,69.8,5.0,0.0,SP,否,
8cb7c5ddf41f4d506eba76e9a4702a25,1,69.0,5.0,0.0,GO,否,
bbd3acfe6de99892e73940d3fdceaf68,2,69.0,3.0,0.0,SP,否,
edb65fe661681b1c0de8bd47c8655855,1,69.0,3.0,0.0,SP,否,
723a46b89fd5c3ed78ccdf039e33ac63,1,66.64,4.0,0.0,RS,否,
a5ff20ff766e7f50bd5066f33da14413,2,66.59,3.0,0.0,SP,否,
c6381b1321d7d97717a5bb4ed5b77882,2,66.0,3.0,0.0,SP,否,
d58d521f3789def2e7a22715e0badd93,2,65.98,3.5,0.0,SP,否,
c32fc744b9160ac853450488e3cfea93,2,65.8,3.0,0.0,SP,否,
76623fde66e6b63b59440fd34160512d,3,65.4,4.0,0.0,SP,否,
d4a5e99e0dd915df64ba55a7fbd583fd,2,65.15,3.0,0.0,SP,否,
52831e5990d0771cb4951d6f12928167,1,65.0,3.0,0.0,SP,否,
447d377bdb757058acb569025ee18a93,1,64.99,5.0,0.0,RS,否,
933446e9a59dece7ae9175103820ca8f,1,64.99,5.0,0.0,PR,否,
c8771b1a10bb99bb34d3c459c5cffb53,1,64.9,5.0,0.0,SP,否,
391bbd13b6452244774beff1824006ed,1,63.9,1.0,1.0,SP,否,
b452cb0ae35044c4a53179c39f49fb06,2,63.7,4.0,0.0,SP,否,
9e94fa26a70ede4d26226e918e8706a2,1,62.8,5.0,0.0,SP,否,
f0ec78809fe0bc3edb11c9fe5b97b059,2,62.6,4.0,0.0,SP,否,
2cb98e27ce1c18abdb42209b34c382a7,1,62.49,4.0,0.0,SP,否,
6a3139c7bf09ece22a4713d956acbe5e,1,61.9,5.0,0.0,SP,否,
f7c31656c19db6275a8acadca289f426,1,61.56,3.0,0.0,SP,否,
b3e2faf2c1004d674f16a3aa3197f0e1,3,61.47,5.0,0.0,SP,否,
1d0646a72178a6fb37ee8082140e06ec,2,61.0,5.0,0.0,SC,否,
7963e546f34e098b578f9ad102494601,1,60.99,5.0,0.0,SP,否,
be7a093e5b4d147b36b72bb1f9e415e5,1,60.9,5.0,0.0,PR,否,
83f2b4881141ce3fcd4e985125d3279e,3,60.7,5.0,0.3333333333333333,SP,否,
9ac75591b69c3402684b6ce0310f22ee,1,60.5,5.0,1.0,SP,否,
24a6daf925d9d591870a66660416de31,2,60.0,4.5,0.0,SP,否,
7c462184585ae80bd6e5774c62ce50f2,1,60.0,3.0,1.0,SP,否,
85e7c62c1d6ea078c3897424f867a7c8,2,60.0,4.5,0.0,SC,否,
0ee4fb99ac55ffbbc98795aa01b7f8fa,1,59.9,5.0,0.0,SP,否,
3e46a38ee171c503c3b4a3f23fe3bf0c,1,59.9,5.0,0.0,SP,否,
6ebf4eceee4dd9847201c82e77ef8123,1,59.9,5.0,0.0,RJ,否,
75fdd0a732287f9497b179f6bd445d32,1,59.9,5.0,0.0,SP,否,
8fb67a334bacec338885b4e9e1708073,1,59.9,5.0,0.0,PR,否,
9ef932e837d8b7f392c0bfee9d359dc2,1,59.9,3.0,1.0,SP,否,
c240c4061717ac1806ae6ee72be3533b,1,59.9,4.0,0.0,RJ,否,
528ce32f560edd11add4169f6a5b65be,2,59.8,5.0,0.0,SP,否,
3da38366e7bd9baf6369071f782ecdf0,1,59.47,1.0,1.0,CE,否,
63704069d9bd3a75c1cf59babe56004a,1,59.3,1.0,1.0,SP,否,
db1f0f7c7e5e87f40b62226f020bb297,3,59.01,4.666666666666667,0.0,PR,否,
0af2ab31141893d26aca5a404a537dab,1,59.0,5.0,0.0,SP,否,
1d953075c2f0dd990bacf27b83b330f1,1,59.0,5.0,0.0,MG,否,
2f1e7b90e01d9f086cbcb301c0c3d406,1,59.0,5.0,0.0,SC,否,
dd5450b022b2d00a2145a66331e1aef6,1,59.0,5.0,0.0,SC,否,
37303482a42fb700d8d127e70a9cd6c8,1,58.9,5.0,0.0,SP,否,
d180e07dc1e58c31c3f0cd599dc4d945,1,58.8,3.0,0.0,MG,否,
8fff28c4263ddec387f28d237fb42773,2,58.6,5.0,0.0,SP,否,
cecd97bc34ed8330bd4cd15713eda670,1,57.99,1.0,0.0,SC,否,
cac4e0bc1a3269fa2b6ea5e763f6115b,2,57.88,5.0,0.0,SC,否,
48e5ee06fb2dc74df1c711a9b6dfac2a,1,57.0,5.0,0.0,MG,否,
ac9b01377919cdbd2a1bbb8d5837c70b,1,55.9,3.0,0.0,SP,否,
3e35a8bb43569389d3cebef0ce820f69,1,55.8,5.0,0.0,SP,否,
0b1ca3ef18a63d7eb0c8897fa0849c08,1,55.0,5.0,0.0,SP,否,
d85efbc8eff2b7adf524e2820569adc8,1,55.0,5.0,0.0,SP,否,
ebe3dabc4955c9b0d695e7bda38bf5c3,1,55.0,3.0,1.0,SP,否,
c7246702dc991a06d788120dc7544391,1,54.86,5.0,0.0,CE,否,
26f6b7ab07be3e9e69ce82a6552efc19,2,54.8,3.0,0.5,RJ,否,
c13fb473e7cb8b83ccd543c094df0608,2,54.8,3.5,0.0,SP,否,
d297f1055de2956aedfd3b04113dce3e,1,54.3,4.0,0.0,SP,否,
720e6cf846ea7572cbb66b743fb91e6c,1,54.0,5.0,0.0,SP,否,
c1552b1dab6e6f760950368ae61fb600,2,53.8,2.5,0.0,SP,否,
a2a41aedb70551d4a85aa04dc2fced48,2,52.79,4.0,0.0,SP,否,
392f7f2c797e4dc077e4311bde2ab8ce,2,52.0,5.0,0.0,RN,否,
84c945f15571830c1a91a33978e94009,2,51.98,4.5,0.0,SP,否,
258447aad3f7b01e2643c89f64dc5647,1,51.9,5.0,0.0,PR,否,
07e8e8fc5222bb358e6f259da3197074,2,51.8,4.0,0.0,SP,否,
e9e446d01bd10a97a8ffcfc4a3a20cb2,3,51.15,4.333333333333333,0.0,SP,否,
eaf6d55068dea77334e8477d3878d89e,3,51.0,5.0,0.0,SP,否,
535bf14f36346c7f59d87cece104d70c,1,50.0,4.0,1.0,RJ,否,
8cf21434553b02cbd37c0bbd07e041b0,1,49.99,4.0,0.0,SC,否,
d4f91e8be86b38da2ee35bc489645a9d,1,49.99,5.0,0.0,SP,否,
217f005bb37ff3aeef5b2ae1788e75ba,2,49.98,4.5,0.0,SP,否,
2c2c9832d1bb38c5b0034a3b47d313ee,1,49.9,3.0,0.0,RS,否,
3ded4e2d5f135cb103e5949d7263d2dd,1,49.9,5.0,0.0,MG,否,
58e4b302b54937e55a678c4d15111da4,1,49.9,5.0,0.0,PR,否,
7b3447b497e55af8c15fc7bd89d7b81a,1,49.9,5.0,0.0,SP,否,
9140ef75cc8211c4035935e80e567204,1,49.9,5.0,0.0,PR,否,
fe19dce63ae80346207c6c55713d1023,1,49.9,5.0,0.0,MG,否,
7315baebc0572ff220d226283dc66728,2,49.85,4.0,0.0,SP,否,
2c00c85d30361cd2ced2969cffbbffa3,1,49.8,5.0,0.0,MG,否,
1b61fb1f0f2185d89e9a126c498e9cc7,1,49.7,5.0,0.0,PR,否,
42d4b7e70819438f5ada61c965e92d7e,1,49.6,1.0,0.0,GO,否,
e0487761face83d64fcada2408959a36,2,49.25,4.5,0.0,SP,否,
1f7dfad2cb384ea4d2d7e1ffbd78c407,1,49.0,1.0,0.0,SP,否,
2ef086a599b597572aca4433b7ed6b3d,1,49.0,5.0,0.0,SC,否,
c963a25b8671419c6ce9eebe8fd03218,1,49.0,5.0,0.0,RJ,否,
ce33c6211beaa8fef4cae8b52db39862,1,49.0,3.0,0.0,SP,否,
d63f306de130e0391d38a792541723b8,1,49.0,5.0,0.0,SP,否,
29c322e3f09f886f8bacbe91dfbd979e,1,48.98,5.0,0.0,RS,否,
417a1e6c7321084d2a0ae0d023cfad93,1,48.9,5.0,0.0,RS,否,
2e2f44824ab87a0cb961f68bf4073e7f,1,48.0,2.0,0.0,PR,否,
513a54369b6a8a6602fcb0e129c6d78d,2,47.8,4.5,0.0,SP,否,
a3fa18b3f688ec0fca3eb8bfcbd2d5b3,1,47.8,5.0,0.0,SP,否,
9d213f303afae4983637247556438ede,2,47.7,5.0,0.0,SP,否,
ae9690c6e8fee182c28c9ff8e11ca52c,1,47.4,5.0,0.0,SP,否,
cad10cc982ab6a391570c211b995c17c,1,47.4,5.0,0.0,SP,否,
baf15155e37ef5492731459bdc05be8a,1,47.0,5.0,0.0,SP,否,
7494d0dcba8551df6cf37f1b905dc2f7,1,45.9,3.0,0.0,SP,否,
51e0557bc7b86de13e946c60ee91ce39,1,45.8,5.0,0.0,MG,否,
8629a7efec1aab257e58cda559f03ba7,1,45.22,1.0,1.0,GO,否,
2d8cfba3fcd3170555941605edaa196a,1,45.0,5.0,0.0,SP,否,
70ee69419916dc13e3aed619061f996c,1,45.0,3.0,0.0,SP,否,
1f2eebc0e970fd3c463e4f5d9652687a,1,44.99,5.0,1.0,SP,否,
89dda63a3c907c468ec88c310ed91213,1,44.99,5.0,0.0,SP,否,
5a4236931428800e9d9cc04af0987118,1,44.97,5.0,0.0,SP,否,
5415337f1863452476d42d9f14a16a61,1,44.9,3.0,0.0,MG,否,
da3fede3469bf49b7293ce3fc45b294d,1,44.9,5.0,0.0,SP,否,
e5545d4d4473876ea78c5bcebca365c3,1,44.5,5.0,0.0,SP,否,
42fb44130ac3134cde8e35cf8ec7df25,2,43.8,5.0,0.0,SP,否,
15b3b1b81484422eb41df68ac87f1f50,1,43.35,1.0,0.0,SP,否,
05a48cc8859962767935ab9087417fbb,1,42.9,5.0,0.0,SP,否,
4125d9385a25e82d2f72d3a0fd55bc3f,1,42.9,5.0,0.0,SP,否,
7f02656561b680def9986c0795a8a080,1,42.0,5.0,0.0,SP,否,
3a3c180dd702a725bd0ba4117689239e,1,41.9,4.0,0.0,PR,否,
6561d6bf844e464b4019442692b40e02,1,41.9,5.0,0.0,SP,否,
749e7cdabbaf72f16677859e27874ba5,1,41.9,1.0,0.0,SP,否,
16bdc8cefd0e32a6f0824d296c5ad14a,1,41.76,5.0,0.0,SP,否,
a213f1bd6458f4a158f3746cb2514559,1,41.52,5.0,0.0,PR,否,
9b1f656ca3060f8af17a50d8a024b533,2,41.0,5.0,0.5,SP,否,
4e2627090e6e5b9fabba883a37897683,1,39.9,,0.0,MG,否,
c2bda99904207edd1834f03e0022b007,1,39.9,4.0,0.0,SP,否,
d4828feed4cda2cd9d6b37899a95a71e,1,39.9,2.0,0.0,CE,否,
df683dfda87bf71ac3fc63063fba369d,1,39.9,1.0,1.0,RS,否,
edb58a1390adf273840030a3d6253829,1,39.9,5.0,0.0,SP,否,
fedaedd3ca31d56ab33e92035e4b361c,1,39.9,4.0,0.0,RJ,否,
389e45560e33d2d0747f949dcddbc08e,1,39.0,5.0,0.0,SP,否,
9558aa23f77a9e0a0eca83540999f43b,1,39.0,5.0,0.0,PR,否,
c74f14c1e26cf1bd5bd34b6a1e274426,1,39.0,5.0,0.0,SC,否,
e595809a6c31ec4314fd06ef198c244d,1,39.0,5.0,0.0,SC,否,
0936e1837d0c79253456bbb2ffaaef10,1,38.9,5.0,0.0,SP,否,
2eeb6531ee027a48d401e72bebdd87d3,3,38.7,4.333333333333333,0.0,SP,否,
d7ab82074b5f1dfba46db123df101bff,2,38.67,4.5,0.0,SP,否,
e72b4feb7abe210c52aa667abc25a3a2,1,38.2,5.0,0.0,SP,否,
9200e6ce317b67196b6b0bad4d4bd567,1,36.9,3.0,0.0,RJ,否,
1d139e3a3b14025640d8df1b230aace0,2,36.49,3.5,0.0,SP,否,
c161d1327ebc3a156c09582ab2f59f6c,2,35.99,4.0,0.0,SP,否,
630008e0f062605a415d694489f6f82e,1,35.35,5.0,0.0,SP,否,
3a52d63a8f9daf5a28f3626d7eb9bd28,1,35.0,1.0,0.0,SP,否,
5cf1ec37aea089f45110c70653a166ab,2,35.0,5.0,0.0,SP,否,
baeda7047354773262ba2405f97038ba,1,35.0,5.0,0.0,SP,否,
c716e0b86ed568878475b60fbb6323ad,1,35.0,5.0,0.0,SP,否,
cb162c8eef257253782d245c08d9097c,1,34.99,5.0,0.0,SP,否,
84deb808079d1be601c209c1e771b1cc,2,34.93,5.0,0.0,PR,否,
c0e6839516f5398edc34adf5f1d53d1a,1,34.92,5.0,0.0,SP,否,
5a32c398a06c345440bf2a683b017ad3,1,34.9,5.0,0.0,RJ,否,
41958cbd3335433c8740300e8cd600d5,1,32.99,5.0,0.0,SP,否,
539ed9e19811677513447759be5eccfc,2,32.83,3.0,0.0,MG,否,
7d81e74a4755b552267cd5e081563028,1,32.5,4.0,0.0,SP,否,
eb4a59a06b3948e851a7d7a830bcbc42,1,32.0,5.0,0.0,BA,否,
d7f1cfc638473be93baedbfd02208016,1,30.0,5.0,0.0,RJ,否,
fdf736c18c589ed030e058312203e1b2,1,30.0,5.0,0.0,MG,否,
32f83ffe11cd40f7adcf4eef171f52d9,1,29.99,5.0,0.0,RS,否,
87b4428a334b8f676fd9a7f3bf544fb5,1,29.99,5.0,0.0,SP,否,
9315e491484b1b0081ca166fc164108d,1,29.99,3.0,0.0,PR,否,
139157dd4daa45c25b0807ffff348363,1,29.9,4.0,0.0,SP,否,
28a26ebce31d5918b181ede016fd693b,1,29.9,5.0,0.0,MG,否,
3aa3c89ae3cd482385568be76120f63c,1,29.9,4.0,0.0,GO,否,
436bf27f2f18474fc6047702e9f8a866,1,29.9,5.0,0.0,SP,否,
455f46ef09a9e45667e2981df84b5cc2,1,29.9,4.0,0.0,SP,否,
a09a13f18ed27932d08438aa6f12756e,1,29.9,3.0,0.0,RS,否,
c43d924a0f1688ee9fae0efcd6f539d4,1,29.9,4.0,0.0,RJ,否,
c97aa4ee7420f937da13b7f9e2228b99,1,29.9,1.0,0.0,RS,否,
c0e0b73d039eb9a99b6ce4cb7a429cd3,1,29.88,5.0,0.0,SC,否,
0336182e1b3e92f029d5354832045fdf,1,29.8,2.0,0.0,SP,否,
7b3f6ce5c6c22e9b96e7581ebf0df6e1,1,29.8,3.0,0.0,SP,否,
9996ae921c50e8dff411ac69c0b4bb8b,2,29.700000000000003,2.0,0.0,SP,否,
72c73be2b085b9d57650dd53eb2004c9,1,29.4,5.0,0.0,SP,否,
c9d2ba8dde44a275ae06475ed1d2fafc,1,28.79,5.0,0.0,MG,否,
999f6d9a1c7c81f43be44c6b7d076210,2,28.0,4.5,0.0,SP,否,
8b181ee5518df84f18f4e1a43fe07923,1,27.9,5.0,0.0,SP,否,
b026643914f651e8371425e5b8a1e780,1,27.9,5.0,0.0,RJ,否,
f1fdf2d13186575751aa25876536d85c,1,26.3,5.0,0.0,SP,否,
70c0fda4c313d87115644d39e62eec60,1,25.99,5.0,0.0,PE,否,
c12d7463a579237ffb9248bd7cff378b,1,25.9,4.0,0.0,SP,否,
6c9875b2f94ba781186f0c1aed8d1687,2,25.0,5.0,0.0,SP,否,
7cb946b1ad19faebe28c3e86c2794ec3,1,25.0,5.0,0.0,MG,否,
38f276ca6e7cc95a6d1bb55ac9e5550f,1,24.99,5.0,0.0,SP,否,
3986c0b54f6b748b75e7bd4e092aa3e5,1,24.99,5.0,0.0,PR,否,
1c83418358f249c9d6affa52d579db0e,1,24.9,5.0,0.0,SP,否,
33fd411ed63a7c2f9005e3f065d9f85d,1,24.9,4.0,0.0,RS,否,
cad9969167c09b48ae6f1d123f7fa68d,1,24.0,5.0,0.0,MG,否,
bd43e172d599bed47a85da877172ca8c,1,23.92,5.0,0.0,SC,否,
43753b27d77860f1654aa72e251a7878,1,23.9,5.0,0.0,BA,否,
544863df86ed3b78a04e0820d41430ee,1,23.9,5.0,0.0,ES,否,
bcd2d7510d58e293f20fad6438c1b314,1,23.9,,1.0,PR,否,
2c54051840f19eca309a5423cf22df36,2,23.7,4.5,0.0,PR,否,
5e063e85d44b0f5c3e6ec3131103a57e,1,22.9,5.0,0.0,SP,否,
bc8c8d665ec4664d286be0d521722b19,1,22.5,2.0,1.0,SP,否,
eb1bf309f4f6af9a97e9ddac3fdbeabe,1,22.3,5.0,0.0,SP,否,
0bb27263628258b8111a0262769fa9db,1,22.2,5.0,0.0,SP,否,
34675b28b826facfde119785bf287dc1,1,21.99,4.0,0.0,PR,否,
f09b760d23495ac9a7e00d29b769007c,1,21.9,4.0,0.0,SP,否,
98f52e1020fe788c10c0418de4393fec,1,21.6,4.0,0.0,RJ,否,
ed49da7cadefc454d6a67de249eab240,1,21.5,5.0,0.0,SP,否,
b77a27b1864483e721dc831d5ba4afa0,1,20.9,5.0,0.0,RJ,否,
e64ddbe1cbcf4f2fc3092b7c481f3f9d,1,20.9,5.0,0.0,SP,否,
e0b162a693bc7f9eab00f783a31d60ea,1,20.0,5.0,0.0,RS,否,
e76ecc7e9a1a1e3c6df9d2a8261c423d,1,20.0,5.0,0.0,MG,否,
455befea1bb853c75ccbca94cff26e5c,1,19.99,3.0,0.0,RJ,否,
bb7ad8a45c027be8ab075b8e465f8ca0,2,19.98,5.0,0.0,SC,否,
0b46f784306be7200ca1700aa55d819f,1,19.9,5.0,0.0,MG,否,
668bf321538e5072858eaef6087ce027,1,19.9,5.0,0.0,PR,否,
698624c6632eeba1774924dbea24c700,1,19.9,5.0,0.0,SP,否,
7caa63f175b1cecbfaadd8b5ab9998c7,1,19.9,1.0,0.0,SP,否,
87f3e35268860433e13d577825aada95,1,19.9,,0.0,SP,否,
bac44fa8e13424950488659b5f765c41,1,19.9,5.0,0.0,SP,否,
d93b8458c6fe139d85cfa5eadbf55bd2,1,19.9,5.0,0.0,SP,否,
bd65d163ded559eb90a10cd09fec178f,1,19.8,4.0,0.0,SP,否,
9d69ba0a7a626a64dc5db08e529559cf,1,19.3,5.0,0.0,SP,否,
ab75b89cc49c9ab3160d0c91565a442a,1,18.99,1.0,0.0,SP,否,
6c77cd583b36a13aacccf2b3ee23e233,1,18.9,5.0,0.0,SP,否,
82921991ff5b557b045605b8bbf08d49,1,18.9,5.0,0.0,SP,否,
ce4755084bc097113867e6454f8f5e52,1,18.9,5.0,0.0,SP,否,
804287717b9156fb7a787acd9af4fac1,1,18.8,5.0,0.0,PR,否,
13e85aac53340018b40c2af68001b7e0,1,17.8,5.0,0.0,SP,否,
bee36b4f9a2b9fdcaff6ec05df202ed0,1,16.9,5.0,0.0,SP,否,
6bcb2352a2a0c38b845f598298ab9d26,1,15.9,5.0,0.0,PR,否,
eae9af4811c294c56795d70e715b7337,1,15.9,5.0,0.0,SP,否,
f3862c2188522d89860c38a3ea8b550d,1,15.5,5.0,0.0,SP,否,
20f0aeea30bc3b8c4420be8ced4226c0,1,14.9,,1.0,SP,否,
b2f4d63c7203f539a78252565ca32257,1,14.9,5.0,0.0,RJ,否,
c3e2398fcc7e581cda2e546557bf6968,1,14.9,5.0,0.0,SP,否,
a61cc04793308395a840807104365121,1,14.63,5.0,0.0,SP,否,
20d53aad4fe5ee93a64f8839609d3586,1,14.5,1.0,1.0,MG,否,
5b92bfa4120daa27c574daa2e386c693,1,14.0,3.0,0.0,SP,否,
fb503a924a0b9db19d83dd0ac6dbef8c,1,13.9,5.0,0.0,RS,否,
6614814a00d344b846ae209f95ee7e3f,1,13.0,1.0,0.0,SP,否,
b5f0712d22a873b6797ab6cc65c3fcba,1,12.99,4.0,0.0,SP,否,
7ab0dd5487bab2dc835337b244f689fb,1,12.5,5.0,0.0,SP,否,
9e25199f6ef7e7c347120ff175652c3b,1,12.5,4.0,0.0,SP,否,
c1d1ebb4745cc43cb6f05e9c8a705c9a,1,12.5,1.0,1.0,SP,否,
c1dde11f12d05c478f5de2d7319ad3b2,1,12.5,1.0,0.0,SP,否,
3d62f86afa7c73be2628a3be1423f5a0,2,12.0,4.0,0.0,SP,否,
3ac588cd562971392504a9e17130c40b,1,11.9,5.0,0.0,SP,否,
cc1f04647be106ba74e62b21f358af25,1,11.9,1.0,0.0,SP,否,
f9f68daa2af419d38f745478bcb3da1a,1,11.2,5.0,0.0,SP,否,
344223b2a90784f64136a8a5da012e7f,1,10.9,2.0,1.0,SC,否,
95cca791657aabeff15a07eb152d7841,1,9.99,5.0,0.0,PR,否,
c18309219e789960add0b2255ca4b091,1,9.9,5.0,0.0,RJ,否,
0f94588695d71662beec8d883ffacf09,1,9.0,5.0,0.0,SC,否,
4965a7002cca77301c82d3f91b82e1a9,1,8.49,5.0,0.0,SP,否,
ad14615bdd492b01b0d97922e87cb87f,1,8.25,5.0,0.0,SC,否,
702835e4b785b67a084280efca355756,1,7.6,5.0,0.0,MG,否,
1fa2d3def6adfa70e58c276bb64fe5bb,1,6.9,1.0,0.0,SP,否,
77128dec4bec4878c37ab7d6169d6f26,1,6.5,5.0,0.0,SP,否,
