priority_rank,seller_id,seller_state,customer_state,completed_orders,merchandise_gmv,late_orders,delayed_merchandise_gmv,average_dispatch_days,average_delivery_days,average_review_score,negative_review_rate,late_delivery_rate,dispatch_share_of_delivery,recommended_action,minimum_order_threshold
1,4a3ca9315b744ce9f8e9374361493884,SP,SP,800,86316.19,58,6268.45,2.28358560474537,10.443024348958334,3.9151898734177215,0.17341772151898735,0.0725,0.21867090685976925,carrier_lane_capacity_review,10
2,1f50f920176fa81dab994f9023523100,SP,RJ,219,15708.8,55,3435.7,3.807484620750888,20.190975868848298,3.6811926605504586,0.28440366972477066,0.2511415525114155,0.1885735808651664,carrier_lane_capacity_review,10
3,4a3ca9315b744ce9f8e9374361493884,SP,RJ,267,29103.100000000002,51,6076.2,2.260741737758358,16.99146526910806,3.799618320610687,0.2099236641221374,0.19101123595505617,0.13305160572988253,carrier_lane_capacity_review,10
4,6560211a19b47992c3666cc44a7e94c0,SP,SP,799,50108.91,43,2774.0,1.1807349319751541,5.031542712534186,3.986111111111111,0.16161616161616163,0.05381727158948686,0.23466658228574697,carrier_lane_capacity_review,10
5,4869f7a5dfa277a7dca6462dcf3b52b2,SP,RJ,201,38128.04,40,7211.7,2.4666278560899206,18.195072784227012,3.883248730964467,0.19289340101522842,0.19900497512437812,0.1355657042618811,carrier_lane_capacity_review,10
6,7c67e1448b00f6e969d365cea6b010ab,SP,SP,389,73420.95,36,5215.47,11.5659712701133,17.05235504141674,3.6204663212435233,0.22020725388601037,0.09254498714652956,0.6782624008250991,seller_dispatch_sla_review,10
7,620c87c171fb2a6dd6e8bb4dec959fc6,RJ,SP,244,39369.3,35,5005.5,2.4498470229963574,13.579230418943535,4.11522633744856,0.1522633744855967,0.14344262295081966,0.18041133020165334,carrier_lane_capacity_review,10
8,8b321bb669392f5163d04c59e235e066,SP,RJ,134,2394.21,34,583.5,1.9948111871199556,18.43671633153676,3.789473684210526,0.24060150375939848,0.2537313432835821,0.10819774797466233,carrier_lane_capacity_review,10
9,1025f0e2d44d7041d6cf58b6550e0bfa,SP,SP,321,45591.68,32,4107.9,3.858948417849313,7.120514631648783,4.11875,0.14375,0.09968847352024922,0.5419479654879606,seller_dispatch_sla_review,10
10,06a2c3af7b3aee5d69171b0e14f0ee87,MA,SP,124,11545.699999999999,31,2974.6499999999996,4.8933448140681,15.641479241338113,3.910569105691057,0.18699186991869918,0.25,0.3128441203397,carrier_lane_capacity_review,10
11,da8622b14eb17ae2831f4ac5b9dab84a,SP,RJ,167,22607.49,31,3476.7000000000003,2.4394967703481925,17.368684991128852,3.825301204819277,0.19879518072289157,0.18562874251497005,0.14045374025691515,carrier_lane_capacity_review,10
12,4869f7a5dfa277a7dca6462dcf3b52b2,SP,SP,444,87233.36,29,5838.9,2.3943054252168836,9.716942906448114,4.318284424379232,0.09932279909706546,0.06531531531531531,0.2464052169770427,carrier_lane_capacity_review,10
13,7c67e1448b00f6e969d365cea6b010ab,SP,RJ,175,36660.6,27,5486.96,11.689843055555556,25.78239708994709,3.1285714285714286,0.38857142857142857,0.15428571428571428,0.45340404209791596,seller_dispatch_sla_review,10
14,955fee9216a65b617aa5c0531780ce60,SP,SP,633,61066.83,27,2507.67,1.6962702043473175,5.632451180445849,4.332273449920509,0.06995230524642289,0.04265402843601896,0.3011602142662594,carrier_lane_capacity_review,10
15,ea8482cd71df3c1969d7b9473ff13abc,SP,SP,415,12746.96,26,875.34,2.9530734326193664,7.0247550479696566,4.075060532687651,0.12832929782082325,0.06265060240963856,0.42038098303127086,seller_dispatch_sla_review,10
16,955fee9216a65b617aa5c0531780ce60,SP,RJ,102,10477.72,22,2342.08,1.6303171523238926,16.790430964052288,3.8118811881188117,0.2376237623762376,0.21568627450980393,0.09709799324474419,carrier_lane_capacity_review,10
17,6560211a19b47992c3666cc44a7e94c0,SP,RJ,183,12192.0,22,1341.0,1.1534261789111515,11.930649033596438,3.814207650273224,0.23497267759562843,0.12021857923497267,0.09667757182891974,carrier_lane_capacity_review,10
18,7a67c85e85bb2ce8582c35f2203ad736,SP,SP,363,44643.13,22,2757.78,1.565475971839608,6.299191568462402,4.349030470914127,0.08033240997229917,0.06060606060606061,0.24852014021566454,carrier_lane_capacity_review,10
19,e9779976487b77c6d4ac45f75ec7afe9,SP,SP,381,23796.54,22,1438.64,2.114272504131428,6.037882764654419,4.293963254593176,0.10498687664041995,0.05774278215223097,0.35016786289861646,seller_dispatch_sla_review,10
20,1f50f920176fa81dab994f9023523100,SP,SP,499,37192.28,21,1363.0,3.2169527712833075,9.902167436725302,4.4188376753507015,0.05811623246492986,0.04208416833667335,0.3248735988196106,carrier_lane_capacity_review,10
21,da8622b14eb17ae2831f4ac5b9dab84a,SP,SP,717,79321.0,21,3122.5,2.1567626330130687,6.1376480416085535,4.398044692737431,0.0670391061452514,0.029288702928870293,0.3513988776143353,seller_dispatch_sla_review,10
22,4a3ca9315b744ce9f8e9374361493884,SP,MG,229,25702.24,20,2766.84,2.472332453905871,14.124386018114183,3.793859649122807,0.18421052631578946,0.08733624454148471,0.17503999471093215,carrier_lane_capacity_review,10
23,7d13fca15225358621be4086e1eb0964,SP,RJ,94,16622.61,19,4083.78,3.577475497438928,18.738281865642236,3.6989247311827955,0.25806451612903225,0.20212765957446807,0.19091801068477063,carrier_lane_capacity_review,10
24,16090f2ca825584b5a147ab24aa30c86,SP,SP,221,16082.19,19,1331.97,1.3857709590246354,4.572004828640858,4.168949771689498,0.1095890410958904,0.08597285067873303,0.3030991897347996,carrier_lane_capacity_review,10
25,d91fb3b7d041e83b64a00a3edfb37e4f,SP,SP,239,15538.52,19,1183.97,3.0022550557880057,7.2458381276150625,4.218220338983051,0.13983050847457626,0.0794979079497908,0.4143419992155118,seller_dispatch_sla_review,10
26,1025f0e2d44d7041d6cf58b6550e0bfa,SP,RJ,99,13089.59,18,2615.5,3.919219159184437,16.687658646651702,3.8969072164948453,0.17525773195876287,0.18181818181818182,0.23485734231331545,carrier_lane_capacity_review,10
27,3d871de0142ce09b7081e2b9d1733cb1,SP,RJ,164,14834.2,18,2050.6,2.996980789859982,16.121416694896116,3.9876543209876543,0.18518518518518517,0.10975609756097561,0.1859005847053626,carrier_lane_capacity_review,10
28,1900267e848ceeba8fa32d80c1a5f5a8,SP,RJ,73,4408.57,17,1019.71,1.9524364218670727,17.20963375190259,3.4246575342465753,0.3561643835616438,0.2328767123287671,0.11345020178893833,carrier_lane_capacity_review,10
29,ea8482cd71df3c1969d7b9473ff13abc,SP,RJ,83,2887.0699999999997,17,445.82,2.8646593317715308,15.115260068049976,4.132530120481928,0.14457831325301204,0.20481927710843373,0.18952100849569448,carrier_lane_capacity_review,10
30,7a67c85e85bb2ce8582c35f2203ad736,SP,RJ,148,16661.52,17,2474.83,1.548238457420005,14.694767258755354,3.9793103448275864,0.19310344827586207,0.11486486486486487,0.10535984886031742,carrier_lane_capacity_review,10
31,4e922959ae960d389249c378d1c939f5,SP,SP,161,18956.27,17,2004.85,3.4548051817345296,9.08691619220152,4.1069182389937104,0.1320754716981132,0.10559006211180125,0.38019555904999736,seller_dispatch_sla_review,10
32,c70c1b0d8ca86052f45a432a38b73958,SP,SP,172,24584.03,17,2286.08,3.1569313226744184,5.437606723729544,4.5058823529411764,0.06470588235294118,0.09883720930232558,0.5805736757124546,seller_dispatch_sla_review,10
33,7d13fca15225358621be4086e1eb0964,SP,SP,194,38087.0,17,3577.99,3.63130267993509,10.951472592115312,4.293814432989691,0.11855670103092783,0.08762886597938144,0.3315812233826439,carrier_lane_capacity_review,10
34,391fc6631aebcf3004804e51b40bcf1e,SP,SP,249,18484.0,17,1385.41,2.9710724843819722,10.325754081139372,4.116935483870968,0.13709677419354838,0.06827309236947791,0.28773418977785065,carrier_lane_capacity_review,10
35,cc419e0650a3c5ba77189a1882b7556a,SP,SP,654,38468.35,17,1153.82,2.31457761708574,6.240685595763959,4.2643589743589745,0.1,0.02599388379204893,0.37088515060858457,seller_dispatch_sla_review,10
36,8160255418d5aaa7dbdc9f4c64ebda44,SP,RJ,59,7648.89,16,2575.7000000000003,4.091964453860641,20.527186519146262,3.8947368421052633,0.21052631578947367,0.2711864406779661,0.19934365822826983,carrier_lane_capacity_review,10
37,391fc6631aebcf3004804e51b40bcf1e,SP,RJ,61,4567.26,16,1391.27,2.9975540755919856,21.213683970856103,3.683333333333333,0.21666666666666667,0.26229508196721313,0.14130285337097043,carrier_lane_capacity_review,10
38,128639473a139ac0f3e5f5ade55873a5,PR,RJ,87,2163.94,16,447.29999999999995,2.5327201734780758,18.209542624521074,4.0,0.13953488372093023,0.1839080459770115,0.13908752271830815,carrier_lane_capacity_review,10
39,da8622b14eb17ae2831f4ac5b9dab84a,SP,MG,146,21632.2,16,1878.4,2.5166921137747336,13.00992421359716,3.958041958041958,0.16083916083916083,0.1095890410958904,0.1934440256880547,carrier_lane_capacity_review,10
40,a1043bafd471dff536d0c462352beb48,MG,RJ,188,27944.96,16,2372.92,1.6062339933018126,14.3274270463948,4.118279569892473,0.13978494623655913,0.0851063829787234,0.11210903312231404,carrier_lane_capacity_review,10
41,8581055ce74af1daba164fdbd55a40de,SP,SP,201,34587.03,16,2627.47,2.7418053828081814,9.302988252314815,4.475,0.055,0.07960199004975124,0.29472308342708614,carrier_lane_capacity_review,10
42,3d871de0142ce09b7081e2b9d1733cb1,SP,SP,460,39109.7,16,1435.7,2.92642227757649,8.999464673913042,4.294505494505494,0.07692307692307693,0.034782608695652174,0.32517737261188195,carrier_lane_capacity_review,10
43,88460e8ebdecbfecb5f9601833981930,PR,MG,31,4139.1,15,1658.5500000000002,9.813986335125447,24.539489994026287,2.933333333333333,0.43333333333333335,0.4838709677419355,0.3999262550898365,seller_dispatch_sla_review,10
44,1835b56ce799e6a4dc4eddc053f04066,SP,RJ,66,4632.34,15,998.85,1.5716166877104376,16.7037368476431,3.4307692307692306,0.3076923076923077,0.22727272727272727,0.09408773031120836,carrier_lane_capacity_review,10
45,88460e8ebdecbfecb5f9601833981930,PR,SP,118,13412.85,15,2134.15,7.640804594318896,15.42210785467671,3.639830508474576,0.2457627118644068,0.1271186440677966,0.49544489419465726,seller_dispatch_sla_review,10
46,8b321bb669392f5163d04c59e235e066,SP,SP,386,6944.65,15,254.75,1.8794454939071195,6.144824979610439,4.348958333333333,0.07552083333333333,0.038860103626943004,0.305858262870535,carrier_lane_capacity_review,10
47,d13e50eaa47b4cbe9eb81465865d8cfc,SP,SP,46,4835.42,14,1464.32,1.506903431964573,3.8470357789855076,4.760869565217392,0.043478260869565216,0.30434782608695654,0.3917050733440163,seller_dispatch_sla_review,10
48,fa1c13f2614d7b5c4749cbc52fecda94,SP,RJ,75,21628.56,14,4282.09,2.24321774691358,16.63708672839506,3.9466666666666668,0.22666666666666666,0.18666666666666668,0.13483236479647645,carrier_lane_capacity_review,10
49,1f50f920176fa81dab994f9023523100,SP,MG,177,14278.109999999999,14,928.7,3.497530537246286,14.542925167399037,4.220338983050848,0.11864406779661017,0.07909604519774012,0.24049704560721533,carrier_lane_capacity_review,10
50,7aa4334be125fcdd2ba64b3180029f14,SP,RJ,30,2458.98,13,1025.08,5.615668209876543,24.145331404320988,3.1666666666666665,0.43333333333333335,0.43333333333333335,0.2325778062781767,carrier_lane_capacity_review,10
51,c31eff8334d6b3047ed34bebd4d62c36,SP,SP,62,6658.84,13,1238.79,4.981855585424134,8.31581765232975,3.6557377049180326,0.26229508196721313,0.20967741935483872,0.5990818694814001,seller_dispatch_sla_review,10
52,8d956fec2e4337affcb520f56fd8cbfd,SP,SP,99,5002.44,13,582.38,1.4125121586232698,4.976986648896371,4.2727272727272725,0.09090909090909091,0.13131313131313133,0.28380870962080823,carrier_lane_capacity_review,10
53,8160255418d5aaa7dbdc9f4c64ebda44,SP,SP,162,19830.8,13,1566.6000000000001,3.3707178783721994,10.635534122085048,4.167701863354037,0.11180124223602485,0.08024691358024691,0.3169298165639645,carrier_lane_capacity_review,10
54,1835b56ce799e6a4dc4eddc053f04066,SP,SP,206,15376.19,13,760.21,1.559687219075872,9.54650232605178,3.848780487804878,0.18536585365853658,0.06310679611650485,0.1633778703242535,carrier_lane_capacity_review,10
55,7ddcbb64b5bc1ef36ca8c151f6ec77df,SP,RJ,47,8161.5,12,2485.88,2.121659771473601,20.19735963356974,3.595744680851064,0.2553191489361702,0.2553191489361702,0.10504639269517295,carrier_lane_capacity_review,10
56,ea8482cd71df3c1969d7b9473ff13abc,SP,BA,57,1865.28,12,486.86,2.975960242040286,21.9796659762833,3.767857142857143,0.19642857142857142,0.21052631578947367,0.13539606312723013,carrier_lane_capacity_review,10
57,4a3ca9315b744ce9f8e9374361493884,SP,RS,91,8530.5,12,1320.0,2.6328379375254376,19.354429817867317,3.923076923076923,0.14285714285714285,0.13186813186813187,0.1360328339455857,carrier_lane_capacity_review,10
58,4c2b230173bb36f9b240f2b8ac11786e,SP,SP,117,5876.98,12,718.3,4.638732193732194,8.811809314656537,4.1946902654867255,0.10619469026548672,0.10256410256410256,0.5264222168331159,seller_dispatch_sla_review,10
59,46dc3b2cc0980fb8ec44634e21d2718e,RJ,SP,148,35701.340000000004,12,3269.88,2.884325028153153,12.177969141016016,4.108843537414966,0.1292517006802721,0.08108108108108109,0.2368477859283286,carrier_lane_capacity_review,10
60,1900267e848ceeba8fa32d80c1a5f5a8,SP,SP,197,11973.99,12,553.8,1.8042022701635645,9.54776790750141,3.9768041237113403,0.14948453608247422,0.06091370558375635,0.1889658701010164,carrier_lane_capacity_review,10
61,f8db351d8c4c4c22c6835c19a46f01b0,SP,SP,290,19755.0,12,754.7,1.3249841554916986,5.116568686143039,4.368055555555555,0.08680555555555555,0.041379310344827586,0.2589595169669256,carrier_lane_capacity_review,10
62,cca3071e3e9bb7d12640c9fbe2301306,SP,SP,315,28984.11,12,1092.34,3.5363161638947864,9.908132519462137,3.940129449838188,0.19093851132686085,0.0380952380952381,0.35691046288980754,seller_dispatch_sla_review,10
63,b33e7c55446eabf8fe1a42d037ac7d6d,SP,RJ,27,7312.41,11,3716.13,1.9140299211248286,20.26627057613169,3.6296296296296298,0.2222222222222222,0.4074074074074074,0.09444411165510887,carrier_lane_capacity_review,10
64,a49928bcdf77c55c6d6e05e09a9b4ca5,SP,SP,47,4122.200000000001,11,888.0,7.39959269109535,11.568091016548463,3.25531914893617,0.3404255319148936,0.23404255319148937,0.639655469559328,seller_dispatch_sla_review,10
65,218d46b86c1881d022bce9c68a7d4b15,SP,RJ,52,7428.04,11,1381.0,1.6021943999287749,19.62019475605413,3.6538461538461537,0.23076923076923078,0.21153846153846154,0.08166047380515383,carrier_lane_capacity_review,10
66,2eb70248d66e0e3ef83659f71b244378,SP,SP,82,15220.24,11,3285.2,10.870955284552846,13.948145748644986,2.6646341463414633,0.524390243902439,0.13414634146341464,0.7793835453439337,seller_dispatch_sla_review,10
67,e5a3438891c0bfdb9394643f95273d8e,SP,SP,95,3227.08,11,299.59999999999997,3.35660014619883,8.557446150097466,4.231578947368421,0.10526315789473684,0.11578947368421053,0.39224320986940714,seller_dispatch_sla_review,10
68,cca3071e3e9bb7d12640c9fbe2301306,SP,RJ,101,9258.13,11,1052.38,3.626089796479648,17.389341882104876,3.73,0.23,0.10891089108910891,0.20852369348210958,carrier_lane_capacity_review,10
69,c3867b4666c7d76867627c2f7fb22e21,SP,SP,107,16432.3,11,2148.8,3.067578638802354,11.082871127552785,4.257142857142857,0.12380952380952381,0.102803738317757,0.27678555524986126,carrier_lane_capacity_review,10
70,fa1c13f2614d7b5c4749cbc52fecda94,SP,SP,207,77301.88,11,2552.79,2.3467049114331724,6.535846584809447,4.495145631067961,0.06796116504854369,0.05314009661835749,0.3590514068808411,seller_dispatch_sla_review,10
71,2c9e548be18521d1c43cde1c582c6de8,SP,RJ,16,667.1899999999999,10,328.7,1.9567296006944446,34.38636140046297,2.6666666666666665,0.4666666666666667,0.625,0.056904235313134925,carrier_lane_capacity_review,10
72,88460e8ebdecbfecb5f9601833981930,PR,RJ,36,5471.55,10,2236.05,7.016458976337449,20.30131172839506,3.0833333333333335,0.4444444444444444,0.2777777777777778,0.34561604049080535,carrier_lane_capacity_review,10
73,955fee9216a65b617aa5c0531780ce60,SP,BA,46,5370.08,10,741.6800000000001,1.5046739130434783,19.545344454508857,3.933333333333333,0.15555555555555556,0.21739130434782608,0.0769837500968866,carrier_lane_capacity_review,10
74,77530e9772f57a62c906e1c21538ab82,PR,SP,108,15567.7,10,1735.9,1.609523319615912,12.00955536265432,4.2592592592592595,0.1111111111111111,0.09259259259259259,0.1340202256464039,carrier_lane_capacity_review,10
75,620c87c171fb2a6dd6e8bb4dec959fc6,RJ,MG,113,17284.0,10,831.8000000000001,2.3500650401507706,12.80642473779089,4.387387387387387,0.09009009009009009,0.08849557522123894,0.1835067232477374,carrier_lane_capacity_review,10
76,855668e0971d4dfd7bef1b6a4133b41b,SP,SP,119,13065.68,10,1263.96,5.952464888733272,9.756774918300653,4.059322033898305,0.16101694915254236,0.08403361344537816,0.6100852934065654,seller_dispatch_sla_review,10
77,897060da8b9a21f655304d50fd935913,SP,SP,131,9102.15,10,724.22,2.8806618426632737,10.317732099943456,3.8702290076335877,0.1984732824427481,0.07633587786259542,0.27919525480595303,carrier_lane_capacity_review,10
78,cc419e0650a3c5ba77189a1882b7556a,SP,RJ,176,10550.22,10,611.9,2.6652359532828283,12.169408078177609,4.0085227272727275,0.17045454545454544,0.056818181818181816,0.21901114139332503,carrier_lane_capacity_review,10
79,53e4c6e0f4312d4d2107a8c9cddf45cd,SP,SP,244,15759.08,10,525.67,3.4604139154523375,7.038535120673953,4.190082644628099,0.10743801652892562,0.040983606557377046,0.4916383673767897,seller_dispatch_sla_review,10
80,ea8482cd71df3c1969d7b9473ff13abc,SP,CE,23,887.72,9,283.88,2.849020229468599,24.961642512077294,3.391304347826087,0.30434782608695654,0.391304347826087,0.11413592787774866,carrier_lane_capacity_review,10
81,54965bbe3e4f07ae045b90b0b8541f52,PR,SP,25,3453.4,9,1209.2,16.370621296296296,26.821813888888887,3.1363636363636362,0.45454545454545453,0.36,0.6103472853891486,seller_dispatch_sla_review,10
82,cac4c8e7b1ca6252d8f20b2fc1a2e4af,SP,SP,27,1757.69,9,329.9,7.142227794924554,17.31059670781893,3.5185185185185186,0.2962962962962963,0.3333333333333333,0.4125928132620939,seller_dispatch_sla_review,10
83,c826c40d7b19f62a09e2d7c5e7295ee2,SP,SC,30,3940.63,9,1275.04,2.2300165895061728,19.05271836419753,3.433333333333333,0.3333333333333333,0.3,0.11704453647394779,carrier_lane_capacity_review,10
84,70a12e78e608ac31179aea7f8422044b,SP,RJ,37,3522.25,9,1137.95,3.5480299049049044,18.261926614114113,3.5277777777777777,0.2777777777777778,0.24324324324324326,0.19428562932471402,carrier_lane_capacity_review,10
85,897060da8b9a21f655304d50fd935913,SP,RJ,39,2215.18,9,500.65,2.4620925332383665,19.61525225546059,3.58974358974359,0.28205128205128205,0.23076923076923078,0.1255192898451233,carrier_lane_capacity_review,10
86,1f50f920176fa81dab994f9023523100,SP,BA,54,3810.1,9,580.4,3.1776283864883403,21.035327932098767,3.6153846153846154,0.2692307692307692,0.16666666666666666,0.1510615093211574,carrier_lane_capacity_review,10
87,1ca7077d890b907f89be8c954a02686a,SP,SP,57,7423.83,9,1379.0,5.3020374431449,9.937894533788175,2.1785714285714284,0.6607142857142857,0.15789473684210525,0.5335171776192964,seller_dispatch_sla_review,10
88,8b28d096634035667e8263d57ba3368c,SP,SP,65,3794.88,9,791.28,2.9510324074074075,10.935590811965813,4.015873015873016,0.15873015873015872,0.13846153846153847,0.2698557817450854,carrier_lane_capacity_review,10
89,a416b6a846a11724393025641d4edd5e,SP,SP,70,10061.2,9,1089.54,2.5861180555555556,7.724178571428571,4.442857142857143,0.1,0.12857142857142856,0.3348081652489888,carrier_lane_capacity_review,10
90,6560211a19b47992c3666cc44a7e94c0,SP,BA,82,5618.0,9,601.0,1.2691342028003614,16.150528172990064,3.841463414634146,0.1951219512195122,0.10975609756097561,0.0785815912152548,carrier_lane_capacity_review,10
91,1f50f920176fa81dab994f9023523100,SP,RS,107,8381.91,9,574.5,3.6320421209761165,18.782703465732087,4.224299065420561,0.11214953271028037,0.08411214953271028,0.19337163724074966,carrier_lane_capacity_review,10
92,70a12e78e608ac31179aea7f8422044b,SP,SP,117,11222.29,9,1113.0,3.6956767371003485,10.560264324153213,3.965811965811966,0.1452991452991453,0.07692307692307693,0.3499606282247761,carrier_lane_capacity_review,10
93,4869f7a5dfa277a7dca6462dcf3b52b2,SP,MG,120,23976.96,9,2180.8,2.045214313271605,13.235493923611111,4.176470588235294,0.14285714285714285,0.075,0.154524970890818,carrier_lane_capacity_review,10
94,ea8482cd71df3c1969d7b9473ff13abc,SP,MG,123,4308.97,9,285.9,3.0303398825654924,11.42173432324601,4.138211382113822,0.13821138211382114,0.07317073170731707,0.265313462632204,carrier_lane_capacity_review,10
95,955fee9216a65b617aa5c0531780ce60,SP,MG,136,15030.45,9,1678.5900000000001,1.9098438351034859,10.882923219635076,4.222222222222222,0.08148148148148149,0.0661764705882353,0.17548996685538742,carrier_lane_capacity_review,10
96,5dceca129747e92ff8ef7a997dc4f8ca,SP,SP,140,37763.11,9,1554.2,2.0532984457671954,6.973721726190476,4.316546762589928,0.1223021582733813,0.06428571428571428,0.29443366489027484,carrier_lane_capacity_review,10
97,92eb0f42c21942b6552362b9b114707d,SP,SP,143,3275.42,9,160.96,4.937614931364931,8.275305944055944,4.035460992907802,0.14893617021276595,0.06293706293706294,0.5966685660620877,seller_dispatch_sla_review,10
98,b2ba3715d723d245138f291a6fe42594,SP,SP,159,21155.79,9,790.1,4.812928386326578,10.479144755998137,4.415094339622642,0.06289308176100629,0.05660377358490566,0.4592863729238701,seller_dispatch_sla_review,10
99,218d46b86c1881d022bce9c68a7d4b15,SP,SP,187,24739.46,9,1350.99,1.8488700113883936,9.207625519904932,4.391891891891892,0.07567567567567568,0.0481283422459893,0.2007976983198903,carrier_lane_capacity_review,10
100,835f0f7810c76831d6c7d24c7a646d4d,SP,SP,13,1348.7,8,929.2,10.865773682336181,14.267970085470086,2.4615384615384617,0.46153846153846156,0.6153846153846154,0.7615500745548547,seller_dispatch_sla_review,10
101,e5a3438891c0bfdb9394643f95273d8e,SP,RJ,21,665.5,8,249.2,3.302217813051146,23.86892361111111,3.0,0.5,0.38095238095238093,0.1383479987138568,carrier_lane_capacity_review,10
102,4a3ca9315b744ce9f8e9374361493884,SP,BA,41,5289.74,8,896.9000000000001,2.1664775293586267,19.727658649503162,3.75,0.225,0.1951219512195122,0.10981929319895187,carrier_lane_capacity_review,10
103,8e6d7754bc7e0f22c96d255ebda59eba,SP,SP,45,8789.59,8,1310.34,4.5953533950617285,9.723230195473251,3.6333333333333333,0.28888888888888886,0.17777777777777778,0.4726159211165382,seller_dispatch_sla_review,10
104,8160255418d5aaa7dbdc9f4c64ebda44,SP,MG,45,5480.900000000001,8,1002.1,4.151963991769548,16.62055066872428,3.5555555555555554,0.2222222222222222,0.17777777777777778,0.2498090511274398,carrier_lane_capacity_review,10
105,4a3ca9315b744ce9f8e9374361493884,SP,SC,45,5313.85,8,740.4000000000001,2.8034904835390946,17.555420781893,3.6555555555555554,0.24444444444444444,0.17777777777777778,0.1596937218634297,carrier_lane_capacity_review,10
106,955fee9216a65b617aa5c0531780ce60,SP,SC,47,5057.59,8,917.5,1.9193983944050432,15.174436071710007,4.021739130434782,0.13043478260869565,0.1702127659574468,0.12648894399333988,carrier_lane_capacity_review,10
107,7e93a43ef30c4f03f38b393420bc753a,SP,RJ,48,29536.06,8,3991.96,2.9253833912037037,12.558419897762347,3.9375,0.20833333333333334,0.16666666666666666,0.2329419954914031,carrier_lane_capacity_review,10
108,cc419e0650a3c5ba77189a1882b7556a,SP,CE,48,3169.5,8,547.92,2.5458104263117285,20.649490981867284,4.0625,0.14583333333333334,0.16666666666666666,0.12328683687880024,carrier_lane_capacity_review,10
109,cca3071e3e9bb7d12640c9fbe2301306,SP,RS,52,4509.63,8,666.54,3.6723686787749292,19.1937177261396,3.7450980392156863,0.19607843137254902,0.15384615384615385,0.19133180612391693,carrier_lane_capacity_review,10
110,cc419e0650a3c5ba77189a1882b7556a,SP,BA,57,3495.44,8,587.92,2.387461622807018,18.873999959389213,4.035087719298246,0.15789473684210525,0.14035087719298245,0.12649473497637326,carrier_lane_capacity_review,10
111,213b25e6f54661939f11710a6fddb871,SP,SP,61,5962.75,8,887.0500000000001,6.853362173649058,11.190397882513661,3.9344262295081966,0.16393442622950818,0.13114754098360656,0.6124323947728667,seller_dispatch_sla_review,10
112,1f50f920176fa81dab994f9023523100,SP,SC,65,6089.7,8,552.7,3.619318732193732,18.314811253561256,3.8923076923076922,0.18461538461538463,0.12307692307692308,0.19761703694816768,carrier_lane_capacity_review,10
113,cc419e0650a3c5ba77189a1882b7556a,SP,SC,65,4005.33,8,467.91999999999996,2.095870014245014,15.952427528490027,4.015384615384615,0.13846153846153847,0.12307692307692308,0.13138251281831076,carrier_lane_capacity_review,10
114,dd7ddc04e1b6c2c614352b383efe2d36,SP,SP,69,5493.43,8,806.28,5.992059346484165,10.289867988459473,3.9558823529411766,0.16176470588235295,0.11594202898550725,0.5823261632903858,seller_dispatch_sla_review,10
115,e9bc59e7b60fc3063eb2290deda4cced,PR,SP,93,14963.99,8,1025.59,4.436225482875348,11.071900139386699,4.064516129032258,0.16129032258064516,0.08602150537634409,0.40067426792390504,seller_dispatch_sla_review,10
116,1da3aeb70d7989d1e6d9b0e887f97c23,SP,SP,138,4022.48,8,243.94,1.513563892243693,4.865623490338164,4.248175182481752,0.10948905109489052,0.057971014492753624,0.3110729581212416,carrier_lane_capacity_review,10
117,fe2032dab1a61af8794248c8196565c9,SP,SP,142,31173.87,8,1653.2,1.703630428403756,5.77090261476265,4.560283687943262,0.06382978723404255,0.056338028169014086,0.2952103929194141,carrier_lane_capacity_review,10
118,06a2c3af7b3aee5d69171b0e14f0ee87,MA,ES,13,1135.87,7,626.9300000000001,7.488897792022792,28.264588675213677,3.230769230769231,0.38461538461538464,0.5384615384615384,0.2649568998890155,carrier_lane_capacity_review,10
119,0b35c634521043bf4b47e21547b99ab5,PR,RJ,17,3443.48,7,1454.7,5.4784116285403055,29.74607230392157,2.5,0.625,0.4117647058823529,0.18417260512804107,carrier_lane_capacity_review,10
120,1ca7077d890b907f89be8c954a02686a,SP,RJ,17,2120.96,7,870.0,4.896722494553377,26.175353349673202,2.1176470588235294,0.7058823529411765,0.4117647058823529,0.187073787663482,carrier_lane_capacity_review,10
121,8160255418d5aaa7dbdc9f4c64ebda44,SP,ES,19,2279.9,7,881.1,4.018449683235867,27.66421600877193,3.473684210526316,0.2631578947368421,0.3684210526315789,0.14525803593934034,carrier_lane_capacity_review,10
122,ede0c03645598cdfc63ca8237acbe73d,SP,SP,24,1441.7,7,285.31,2.7604041280864196,13.620563271604938,3.8333333333333335,0.20833333333333334,0.2916666666666667,0.2026644620374173,carrier_lane_capacity_review,10
123,beadbee30901a7f61d031b6b686095ad,SP,SP,27,1824.99,7,569.0,6.005756601508916,9.759468449931413,4.148148148148148,0.1111111111111111,0.25925925925925924,0.6153774288343669,seller_dispatch_sla_review,10
124,1c129092bf23f28a5930387c980c0dfc,SP,RJ,29,1224.8,7,267.1,3.772003911238825,16.95231681034483,4.142857142857143,0.17857142857142858,0.2413793103448276,0.22250669058621128,carrier_lane_capacity_review,10
125,77530e9772f57a62c906e1c21538ab82,PR,RJ,30,4952.4,7,610.7,1.8113020833333335,22.493113811728396,3.7666666666666666,0.23333333333333334,0.23333333333333334,0.08052696031746753,carrier_lane_capacity_review,10
126,0241d4d5d36f10f80c644447315af0bd,PR,RJ,31,4092.6,7,908.5,1.8196901135005974,16.04604316009558,3.9193548387096775,0.22580645161290322,0.22580645161290322,0.11340428885458378,carrier_lane_capacity_review,10
127,c3867b4666c7d76867627c2f7fb22e21,SP,RJ,32,4389.7,7,978.9,1.8319223813657408,19.3256640625,3.6875,0.25,0.21875,0.09479220871485854,carrier_lane_capacity_review,10
128,4e922959ae960d389249c378d1c939f5,SP,MG,37,3882.65,7,865.0,3.9609512637637643,17.313405905905906,3.675675675675676,0.24324324324324326,0.1891891891891892,0.22877943746542756,carrier_lane_capacity_review,10
129,dc4a0fc896dc34b0d5bfec8438291c80,SP,RJ,37,3774.9700000000003,7,683.4100000000001,3.58721753003003,17.033357107107108,3.7027027027027026,0.21621621621621623,0.1891891891891892,0.21059956105383806,carrier_lane_capacity_review,10
130,4869f7a5dfa277a7dca6462dcf3b52b2,SP,ES,38,8351.289999999999,7,1449.7,1.9478996101364523,17.123358918128655,3.973684210526316,0.15789473684210525,0.18421052631578946,0.11375686391028067,carrier_lane_capacity_review,10
131,4a3ca9315b744ce9f8e9374361493884,SP,ES,40,4844.400000000001,7,787.0,2.8409241898148148,17.09952662037037,4.076923076923077,0.1282051282051282,0.175,0.16614051680415942,carrier_lane_capacity_review,10
132,ba143b05f0110f0dc71ad71b4466ce92,SP,SP,42,3038.59,7,583.14,2.237161044973545,5.671471836419753,4.523809523809524,0.07142857142857142,0.16666666666666666,0.39445863604707665,seller_dispatch_sla_review,10
133,f5a590cf36251cf1162ea35bef76fe84,SP,SP,48,20033.88,7,4413.0,3.021431327160494,7.142069347993828,4.208333333333333,0.125,0.14583333333333334,0.42304704420284006,seller_dispatch_sla_review,10
134,855668e0971d4dfd7bef1b6a4133b41b,SP,MG,50,4792.87,7,1156.97,7.40142337962963,18.35609212962963,3.6530612244897958,0.24489795918367346,0.14,0.40321345781886575,seller_dispatch_sla_review,10
135,7c67e1448b00f6e969d365cea6b010ab,SP,BA,51,10694.36,7,1137.88,10.5927049291939,28.01284835693537,3.784313725490196,0.1568627450980392,0.13725490196078433,0.37813737447271684,seller_dispatch_sla_review,10
136,1025f0e2d44d7041d6cf58b6550e0bfa,SP,SC,53,8573.38,7,1244.38,3.454362989168414,13.57523213661775,3.7547169811320753,0.2641509433962264,0.1320754716981132,0.2544606938875569,carrier_lane_capacity_review,10
137,53e4c6e0f4312d4d2107a8c9cddf45cd,SP,RJ,53,3130.58,7,218.9,3.3181675838574423,18.411975454227814,3.7735849056603774,0.22641509433962265,0.1320754716981132,0.18021790177302863,carrier_lane_capacity_review,10
138,3d871de0142ce09b7081e2b9d1733cb1,SP,RS,70,5689.5,7,654.8,2.608439814814815,16.597286375661376,3.8857142857142857,0.14285714285714285,0.1,0.1571606198613219,carrier_lane_capacity_review,10
139,d2374cbcbb3ca4ab1086534108cc3ab7,SP,RJ,70,3143.59,7,305.0,3.979328042328042,16.913363756613755,3.601449275362319,0.2318840579710145,0.1,0.2352771512273528,carrier_lane_capacity_review,10
140,7d13fca15225358621be4086e1eb0964,SP,MG,74,14201.47,7,1308.9,3.510628440940941,13.898398085585587,4.283783783783784,0.13513513513513514,0.0945945945945946,0.2525923073524503,carrier_lane_capacity_review,10
141,42b729f859728f5079499127a9c2ef37,SP,SP,76,3120.23,7,305.28999999999996,3.3228322977582847,5.401167153996101,4.493333333333333,0.06666666666666667,0.09210526315789473,0.6152063439288039,seller_dispatch_sla_review,10
142,f7ba60f8c3f99e7ee4042fdef03b70c4,SP,SP,77,23026.0,7,3301.0,2.253443963443963,5.703046536796537,4.532467532467533,0.05194805194805195,0.09090909090909091,0.39512985715696913,seller_dispatch_sla_review,10
143,c003204e1ab016dfa150abc119207b24,SP,SP,80,10037.0,7,853.3000000000001,1.1702254050925927,6.037687644675926,4.55,0.0375,0.0875,0.1938201301494133,carrier_lane_capacity_review,10
144,634964b17796e64304cadf1ad3050fb7,RJ,SP,82,13586.0,7,2161.5,3.1933967084462513,12.279387844399277,4.0,0.14634146341463414,0.08536585365853659,0.2600615559107683,carrier_lane_capacity_review,10
145,53243585a1d6dc2643021fd1853d8905,BA,SP,86,55764.15,7,3143.89,2.8755515180878555,11.275523121231696,4.093023255813954,0.12790697674418605,0.08139534883720931,0.2550259963259018,carrier_lane_capacity_review,10
146,ef506c96320abeedfb894c34db06f478,SP,SP,98,2881.11,7,212.93,2.8391119850718063,6.795953680083144,4.204081632653061,0.1326530612244898,0.07142857142857142,0.4177650582569997,seller_dispatch_sla_review,10
147,37515688008a7a40ac93e3b2e4ab203f,SP,SP,122,3278.4,7,194.6,4.32490939966606,11.650559634942319,4.183333333333334,0.09166666666666666,0.05737704918032787,0.37121902596805795,seller_dispatch_sla_review,10
148,7a67c85e85bb2ce8582c35f2203ad736,SP,MG,135,15767.44,7,810.9300000000001,1.5471578360768177,9.726769118655692,4.281481481481482,0.1037037037037037,0.05185185185185185,0.1590618444010775,carrier_lane_capacity_review,10
149,fa40cc5b934574b62717c68f3d678b6d,SP,SP,135,6726.91,7,308.9,2.3244916838134433,6.615471536351166,4.604477611940299,0.04477611940298507,0.05185185185185185,0.351372033125781,seller_dispatch_sla_review,10
150,2138ccb85b11a4ec1e37afbd1c8eda1f,SP,SP,140,4421.46,7,179.84,2.351451058201058,6.579595486111112,4.0071942446043165,0.15827338129496402,0.05,0.35738535342556293,seller_dispatch_sla_review,10
151,cc419e0650a3c5ba77189a1882b7556a,SP,MG,187,11886.03,7,388.93,2.387978250643692,10.28327280154486,4.2967914438502675,0.0962566844919786,0.0374331550802139,0.23221967332082694,carrier_lane_capacity_review,10
152,cc419e0650a3c5ba77189a1882b7556a,SP,AL,13,779.87,6,332.94,2.520146901709402,27.64791488603989,2.8461538461538463,0.46153846153846156,0.46153846153846156,0.09115142722686426,carrier_lane_capacity_review,10
153,d20b021d3efdf267a402c402a48ea64b,SP,RJ,13,480.32,6,308.76,4.813444622507123,28.132849002849007,3.0,0.4166666666666667,0.46153846153846156,0.17109694869579922,carrier_lane_capacity_review,10
154,06a2c3af7b3aee5d69171b0e14f0ee87,MA,MA,14,1191.85,6,486.92999999999995,4.000770502645503,9.249576719576721,4.071428571428571,0.14285714285714285,0.42857142857142855,0.43253552286104896,seller_dispatch_sla_review,10
155,f76a3b1349b6df1ee875d1f3fa4340f0,SP,SP,15,2961.29,6,1019.8,8.875149691358025,13.867452932098766,3.1333333333333333,0.4,0.4,0.6399985444201409,seller_dispatch_sla_review,10
156,06a2c3af7b3aee5d69171b0e14f0ee87,MA,GO,16,1765.83,6,560.9399999999999,5.379532696759259,20.831384548611112,3.8125,0.1875,0.375,0.2582417258058792,carrier_lane_capacity_review,10
157,f7ba60f8c3f99e7ee4042fdef03b70c4,SP,CE,18,6933.0,6,1960.0,2.293175797325103,28.256587577160495,3.1666666666666665,0.3333333333333333,0.3333333333333333,0.08115543998591865,carrier_lane_capacity_review,10
158,8b321bb669392f5163d04c59e235e066,SP,CE,18,280.13,6,82.88,1.5888400205761315,23.96432227366255,3.7222222222222223,0.2222222222222222,0.3333333333333333,0.0663002275813287,carrier_lane_capacity_review,10
159,f45122a9ab94eb4f3f8953578bc0c560,SP,RJ,20,1576.44,6,611.94,0.9673709490740741,16.628380208333333,3.6,0.3,0.3,0.05817589788987835,carrier_lane_capacity_review,10
160,2e1c9f22be269ef4643f826c9e650a52,SP,RJ,20,1258.8,6,410.44,2.857414351851852,17.383125578703705,3.7,0.25,0.3,0.16437862908569836,carrier_lane_capacity_review,10
161,4b9750c8ad28220fe6702d4ecb7c898f,SP,RJ,23,1901.65,6,425.45000000000005,2.579742351046699,15.686090982286634,3.869565217391304,0.17391304347826086,0.2608695652173913,0.16446049904720353,carrier_lane_capacity_review,10
162,4c2b230173bb36f9b240f2b8ac11786e,SP,RJ,23,1508.3999999999999,6,249.39999999999998,5.191835748792271,19.169449979871175,3.0434782608695654,0.4782608695652174,0.2608695652173913,0.27083905663667673,carrier_lane_capacity_review,10
163,cfb1a033743668a192316f3c6d1d2671,SP,RJ,24,2434.0,6,600.4,3.5304349922839506,15.477154706790124,3.4782608695652173,0.34782608695652173,0.25,0.22810620292727843,carrier_lane_capacity_review,10
164,fa1c13f2614d7b5c4749cbc52fecda94,SP,RS,25,7524.4,6,1751.3000000000002,2.1911300925925925,19.08814675925926,4.2,0.16,0.24,0.1147900904277007,carrier_lane_capacity_review,10
165,7d13fca15225358621be4086e1eb0964,SP,BA,27,7077.47,6,2092.98,3.7270494684499313,24.50374614197531,3.4074074074074074,0.2962962962962963,0.2222222222222222,0.15210121125379422,carrier_lane_capacity_review,10
166,da8622b14eb17ae2831f4ac5b9dab84a,SP,DF,31,3236.4,6,544.2,1.477989471326165,16.001581541218638,3.903225806451613,0.1935483870967742,0.1935483870967742,0.09236521199601407,carrier_lane_capacity_review,10
167,8b321bb669392f5163d04c59e235e066,SP,ES,32,556.24,6,126.34,2.255001808449074,15.406085792824074,4.03125,0.1875,0.1875,0.14637084583154927,carrier_lane_capacity_review,10
168,23613d49c3ac2bd302259e55c06c050c,SP,SP,35,1747.1000000000001,6,248.4,4.951091931216931,11.922838624338624,3.6857142857142855,0.2857142857142857,0.17142857142857143,0.4152611712038143,seller_dispatch_sla_review,10
169,855668e0971d4dfd7bef1b6a4133b41b,SP,RJ,40,4553.91,6,550.99,4.616671585648148,17.288003472222222,3.625,0.275,0.15,0.26704480902413397,carrier_lane_capacity_review,10
170,f46490624488d3ff7ce78613913a7711,SP,SP,40,2505.88,6,272.19,2.9505526620370373,5.960413773148148,3.675,0.25,0.15,0.49502480437337587,seller_dispatch_sla_review,10
171,8b321bb669392f5163d04c59e235e066,SP,BA,41,716.85,6,178.54999999999998,1.6429790537488707,18.43545025971093,3.951219512195122,0.1951219512195122,0.14634146341463414,0.08912063608988484,carrier_lane_capacity_review,10
172,a1043bafd471dff536d0c462352beb48,MG,BA,43,5901.74,6,806.96,1.4268198212747631,18.72719315245478,3.9767441860465116,0.18604651162790697,0.13953488372093023,0.0761897316730422,carrier_lane_capacity_review,10
173,d20b021d3efdf267a402c402a48ea64b,SP,SP,44,2104.54,6,310.26,2.9260577125420877,12.710784669612794,3.9318181818181817,0.13636363636363635,0.13636363636363635,0.23020275998674625,carrier_lane_capacity_review,10
174,4a3ca9315b744ce9f8e9374361493884,SP,GO,45,4813.6,6,459.5,2.150454218106996,18.876505144032922,3.511111111111111,0.24444444444444444,0.13333333333333333,0.11392226483125129,carrier_lane_capacity_review,10
175,ef0ace09169ac090589d85746e3e036f,RJ,SP,51,6362.5,6,704.7,2.8391092501815542,12.018773828976036,4.313725490196078,0.09803921568627451,0.11764705882352941,0.23622287020134716,carrier_lane_capacity_review,10
176,6973a06f484aacf400ece213dbf3d946,SP,SP,52,6040.49,6,657.0699999999999,5.409622507122507,10.057124732905983,3.9019607843137254,0.19607843137254902,0.11538461538461539,0.5378895709051636,seller_dispatch_sla_review,10
177,f4aba7c0bca51484c30ab7bdc34bcdd1,SP,SP,52,1459.97,6,133.83999999999997,3.7518039975071225,8.318370949074074,4.019230769230769,0.15384615384615385,0.11538461538461539,0.4510262911423467,seller_dispatch_sla_review,10
178,ea8482cd71df3c1969d7b9473ff13abc,SP,SC,54,1630.11,6,191.94,2.7253941615226336,16.81338584533608,3.69811320754717,0.20754716981132076,0.1111111111111111,0.16209668811464525,carrier_lane_capacity_review,10
179,8648b1e89e9b349e32d3741b30ec737e,SP,SP,56,3825.75,6,430.3,1.3247559110449736,5.505665922619047,4.339285714285714,0.10714285714285714,0.10714285714285714,0.24061683539541512,carrier_lane_capacity_review,10
180,128639473a139ac0f3e5f5ade55873a5,PR,RS,56,1118.62,6,107.39999999999999,2.2668010085978834,14.647882357804233,4.375,0.07142857142857142,0.10714285714285714,0.15475281363043963,carrier_lane_capacity_review,10
181,8f2ce03f928b567e3d56181ae20ae952,SP,SP,57,6698.0,6,895.3000000000001,2.7447800925925927,8.054292763157894,4.315789473684211,0.07017543859649122,0.10526315789473684,0.34078474340389264,carrier_lane_capacity_review,10
182,a673821011d0cec28146ea42f5ab767f,SP,SP,61,7223.35,6,714.47,3.2648453627808136,8.558318913175471,3.847457627118644,0.22033898305084745,0.09836065573770492,0.38148208730041683,seller_dispatch_sla_review,10
183,1025f0e2d44d7041d6cf58b6550e0bfa,SP,RS,63,10602.28,6,1230.98,3.041698633156966,13.537785861258083,3.9047619047619047,0.20634920634920634,0.09523809523809523,0.22468213519771965,carrier_lane_capacity_review,10
184,4a3ca9315b744ce9f8e9374361493884,SP,PR,82,9671.65,6,860.0,2.1783433547877147,13.487512844399276,3.817073170731707,0.1951219512195122,0.07317073170731707,0.1615081579471694,carrier_lane_capacity_review,10
185,9c0e69c7bf2619675bbadf47b43f655a,SP,SP,84,16361.25,6,1224.86,4.906359953703704,8.96811824845679,4.253012048192771,0.12048192771084337,0.07142857142857142,0.5470891236908008,seller_dispatch_sla_review,10
186,b499c00f28f4b7069ff6550af8c1348a,SP,SP,84,6295.92,6,419.94,3.242516258818342,6.385845871913581,4.404761904761905,0.07142857142857142,0.07142857142857142,0.5077661321391539,seller_dispatch_sla_review,10
187,7aa4334be125fcdd2ba64b3180029f14,SP,SP,96,6861.29,6,539.39,4.9184227912808645,10.988521170910493,4.336842105263158,0.09473684210526316,0.0625,0.4475964249221473,seller_dispatch_sla_review,10
188,6edacfd9f9074789dad6d62ba7950b9c,SP,SP,102,6571.2,6,347.4,1.6686848674655046,5.443919866557734,4.392156862745098,0.06862745098039216,0.058823529411764705,0.3065226727006614,carrier_lane_capacity_review,10
189,17e34d8224d27a541263c4c64b11a56b,SP,SP,104,25051.72,6,1122.1399999999999,2.9854540598290598,10.852473624465812,4.259615384615385,0.11538461538461539,0.057692307692307696,0.2750943391466673,carrier_lane_capacity_review,10
190,7142540dd4c91e2237acb7e911c4eba2,SP,SP,105,11246.47,6,494.40000000000003,3.4328539462081133,9.787093143738977,4.133333333333334,0.14285714285714285,0.05714285714285714,0.3507531700977207,seller_dispatch_sla_review,10
191,85d9eb9ddc5d00ca9336a2219c97bb13,MG,SP,130,3808.94,6,170.82,7.875436787749289,13.206816506410256,4.184615384615385,0.06923076923076923,0.046153846153846156,0.5963160602652994,seller_dispatch_sla_review,10
192,d2374cbcbb3ca4ab1086534108cc3ab7,SP,SP,252,10541.17,6,228.39999999999998,4.086823559670782,10.781252342372134,3.8824701195219125,0.1952191235059761,0.023809523809523808,0.3790676101336463,seller_dispatch_sla_review,10
193,cd68562d3f44870c08922d380acae552,SP,RJ,10,1827.0,5,1313.0,4.7255,21.47249537037037,3.7777777777777777,0.2222222222222222,0.5,0.22007223280255814,carrier_lane_capacity_review,10
194,dd7ddc04e1b6c2c614352b383efe2d36,SP,RJ,10,762.8,5,469.5,9.627067129629628,27.285554398148143,2.7,0.6,0.5,0.35282651725350367,seller_dispatch_sla_review,10
195,54965bbe3e4f07ae045b90b0b8541f52,PR,MG,11,1625.0,5,699.4000000000001,22.628973063973064,34.05803451178451,2.0,0.7272727272727273,0.45454545454545453,0.6644239278148347,seller_dispatch_sla_review,10
196,712e6ed8aa4aa1fa65dab41fed5737e4,SC,MG,12,6421.0,5,2506.0,13.269526427469136,36.37076871141975,3.4166666666666665,0.4166666666666667,0.4166666666666667,0.364840417115043,seller_dispatch_sla_review,10
197,0bf0150d5b9d60d9cd2906003332f085,SP,RJ,13,2528.3,5,851.5,5.137851673789173,20.770694444444448,2.5,0.5833333333333334,0.38461538461538464,0.247360611246361,carrier_lane_capacity_review,10
198,004c9cd9d87a3c30c522c48c4fc07416,SP,RS,13,1649.3799999999999,5,540.86,1.4458526234567899,27.988392168209874,3.3461538461538463,0.38461538461538464,0.38461538461538464,0.051659009734008096,carrier_lane_capacity_review,10
199,ad781527c93d00d89a11eecd9dcad7c1,SP,SP,14,2269.87,5,779.95,9.202724867724868,17.327132936507937,3.642857142857143,0.2857142857142857,0.35714285714285715,0.5311164230947235,seller_dispatch_sla_review,10
200,00ee68308b45bc5e2660cd833c3f81cc,SP,RJ,16,2670.0,5,996.0,1.4781915509259258,18.573941695601853,3.4375,0.3125,0.3125,0.07958416017187933,carrier_lane_capacity_review,10
201,28f10b1c5e5abb9d4857745bede6147c,SP,SP,16,371.0,5,135.0,1.4924703414351852,5.442698929398148,4.3125,0.125,0.3125,0.27421512025472666,carrier_lane_capacity_review,10
202,8b9d6eec4a7eb7d0f9d579ce0b38324d,RJ,RJ,18,1536.84,5,422.96999999999997,2.417752057613169,6.294510673868313,4.111111111111111,0.16666666666666666,0.2777777777777778,0.3841048467278762,seller_dispatch_sla_review,10
203,1f50f920176fa81dab994f9023523100,SP,CE,19,1279.5,5,310.7,3.246739156920078,23.819906798245615,3.789473684210526,0.2631578947368421,0.2631578947368421,0.13630360456150933,carrier_lane_capacity_review,10
204,1835b56ce799e6a4dc4eddc053f04066,SP,RS,19,1265.44,5,284.95,2.03442738791423,22.589678971734894,3.210526315789474,0.42105263157894735,0.2631578947368421,0.0900600398287991,carrier_lane_capacity_review,10
205,e9d99831abad74458942f21e16f33f92,SP,RJ,19,729.61,5,148.73000000000002,4.425693226120858,15.233795077972708,3.8333333333333335,0.1111111111111111,0.2631578947368421,0.2905181015937509,carrier_lane_capacity_review,10
206,2528513dd95219a6013d4d05176e391a,SP,RJ,20,4550.8,5,1505.0,2.1106030092592594,17.279144097222222,3.6842105263157894,0.21052631578947367,0.25,0.1221474279850793,carrier_lane_capacity_review,10
207,8581055ce74af1daba164fdbd55a40de,SP,RJ,20,3098.85,5,713.4100000000001,2.1720572916666665,16.988740162037036,3.95,0.2,0.25,0.12785275841232396,carrier_lane_capacity_review,10
208,88460e8ebdecbfecb5f9601833981930,PR,PR,20,2388.9500000000003,5,593.5,6.615023148148149,12.462794560185184,3.75,0.25,0.25,0.5307816891470813,seller_dispatch_sla_review,10
209,2e90cb1677d35cfe24eef47d441b7c87,SP,RJ,20,2244.2000000000003,5,499.1,2.0947366898148148,16.174932291666668,3.7,0.2,0.25,0.12950512880316808,carrier_lane_capacity_review,10
210,ea8482cd71df3c1969d7b9473ff13abc,SP,PA,21,683.67,5,157.85999999999999,2.8680285493827165,25.143794091710756,2.8095238095238093,0.38095238095238093,0.23809523809523808,0.1140650666690048,carrier_lane_capacity_review,10
211,522620dcb18a6b31cd7bdf73665113a9,PR,RJ,22,6109.38,5,1526.49,2.2622732533670034,16.319845854377107,3.590909090909091,0.18181818181818182,0.22727272727272727,0.13862099394524885,carrier_lane_capacity_review,10
212,f262cbc1c910c83959f849465454ddd3,SP,RJ,23,1459.75,5,180.95,1.3074154589371982,15.92184883252818,3.909090909090909,0.18181818181818182,0.21739130434782608,0.08211455043249509,carrier_lane_capacity_review,10
213,4869f7a5dfa277a7dca6462dcf3b52b2,SP,PE,24,5008.2,5,683.9,2.4224638310185185,22.99402922453704,4.0,0.16666666666666666,0.20833333333333334,0.10535186362351386,carrier_lane_capacity_review,10
214,0b90b6df587eb83608a64ea8b390cf07,PR,RJ,24,2475.91,5,500.7,2.200337577160494,21.140149980709875,3.869565217391304,0.2608695652173913,0.20833333333333334,0.1040833475244156,carrier_lane_capacity_review,10
215,f457c46070d02cadd8a68551231220dd,PR,RJ,25,2441.0,5,415.6,1.9569462962962965,22.13015462962963,3.48,0.36,0.2,0.08842894815005854,carrier_lane_capacity_review,10
216,cbd996ad3c1b7dc71fd0e5f5df9087e2,SP,RJ,25,1309.24,5,214.75,2.070000462962963,17.5316,4.0,0.16666666666666666,0.2,0.11807253547667998,carrier_lane_capacity_review,10
217,5058e8c1e82653974541e83690655b4a,SP,SP,27,3733.55,5,1078.82,15.653529235253771,21.55860853909465,3.4814814814814814,0.2222222222222222,0.18518518518518517,0.7260918164949035,seller_dispatch_sla_review,10
218,06a2c3af7b3aee5d69171b0e14f0ee87,MA,DF,27,2389.72,5,380.95,4.086680384087792,15.824560185185184,3.7777777777777777,0.18518518518518517,0.18518518518518517,0.25824922375496456,carrier_lane_capacity_review,10
219,46dc3b2cc0980fb8ec44634e21d2718e,RJ,RS,29,6084.62,5,739.95,3.2005563537675608,15.856611190932313,4.413793103448276,0.10344827586206896,0.1724137931034483,0.2018436546894595,carrier_lane_capacity_review,10
220,4869f7a5dfa277a7dca6462dcf3b52b2,SP,DF,29,5690.1,5,767.8,2.5990309706257984,17.87835408684547,4.0,0.20689655172413793,0.1724137931034483,0.14537305604312384,carrier_lane_capacity_review,10
221,da8622b14eb17ae2831f4ac5b9dab84a,SP,BA,29,3631.6,5,1299.2,2.4217309227330777,22.808428320561944,3.7413793103448274,0.2413793103448276,0.1724137931034483,0.10617701880623978,carrier_lane_capacity_review,10
222,6560211a19b47992c3666cc44a7e94c0,SP,PA,29,1697.99,5,261.0,1.3107954182630908,19.17225774265645,3.9310344827586206,0.1724137931034483,0.1724137931034483,0.06836938225312378,carrier_lane_capacity_review,10
223,17e34d8224d27a541263c4c64b11a56b,SP,MG,30,6922.2300000000005,5,3048.5699999999997,2.2589629629629626,13.163375771604938,4.233333333333333,0.1,0.16666666666666666,0.17160969968173595,carrier_lane_capacity_review,10
224,cc419e0650a3c5ba77189a1882b7556a,SP,ES,30,1895.68,5,344.95,2.326562885802469,14.705417438271605,4.2,0.1,0.16666666666666666,0.15821127795716086,carrier_lane_capacity_review,10
225,4869f7a5dfa277a7dca6462dcf3b52b2,SP,GO,31,6620.900000000001,5,1235.8,2.486528524492234,19.516297789725208,3.6451612903225805,0.1935483870967742,0.16129032258064516,0.1274077978970644,carrier_lane_capacity_review,10
226,06a2c3af7b3aee5d69171b0e14f0ee87,MA,MG,31,3071.68,5,538.9499999999999,3.7337697879330944,16.93598454301075,4.258064516129032,0.0967741935483871,0.16129032258064516,0.22046369837258561,carrier_lane_capacity_review,10
227,99a54764c341d5dc80b4a8fac4eba3fb,SP,SP,31,2110.46,5,385.1,1.735946833930705,4.9869814068100355,3.8,0.2,0.16129032258064516,0.3480957100742667,carrier_lane_capacity_review,10
228,ea8482cd71df3c1969d7b9473ff13abc,SP,GO,35,1050.99,5,163.92,2.9439087301587303,16.563561838624338,3.914285714285714,0.17142857142857143,0.14285714285714285,0.17773403805538196,carrier_lane_capacity_review,10
229,3db66a856d18a9cba7c9241fc5221c50,MG,SP,36,3344.2000000000003,5,302.5,6.305235339506172,15.33619212962963,4.416666666666667,0.05555555555555555,0.1388888888888889,0.4111343471841627,seller_dispatch_sla_review,10
230,1f50f920176fa81dab994f9023523100,SP,ES,37,2600.1,5,467.2,3.668962087087087,15.975091028528528,4.175675675675675,0.10810810810810811,0.13513513513513514,0.2296676795478039,carrier_lane_capacity_review,10
231,16090f2ca825584b5a147ab24aa30c86,SP,MG,37,1817.27,5,179.5,1.2827405530530531,11.425394144144144,4.027027027027027,0.08108108108108109,0.13513513513513514,0.11227101112397912,carrier_lane_capacity_review,10
232,891071be6ba827b591264c90c2ae8a63,SP,SP,37,1250.71,5,169.95,2.5584375,6.188221346346346,4.081081081081081,0.21621621621621623,0.13513513513513514,0.413436649532673,seller_dispatch_sla_review,10
233,aba1721a889e04decc910aa13b768ef4,SP,SP,38,5900.9,5,1404.0,1.4483235867446396,5.550758711013645,4.473684210526316,0.07894736842105263,0.13157894736842105,0.2609235353485858,carrier_lane_capacity_review,10
234,2138ccb85b11a4ec1e37afbd1c8eda1f,SP,RJ,38,1367.54,5,157.86,1.9216203703703703,12.03489705165692,3.8947368421052633,0.21052631578947367,0.13157894736842105,0.15967069449138402,carrier_lane_capacity_review,10
235,218d46b86c1881d022bce9c68a7d4b15,SP,MG,39,5310.02,5,640.0,1.2441162155745489,14.200932158119658,3.8974358974358974,0.20512820512820512,0.1282051282051282,0.08760806697208263,carrier_lane_capacity_review,10
236,b561927807645834b59ef0d16ba55a24,SP,SP,39,1899.49,5,396.6,3.5490803062678062,6.509845382241216,4.538461538461538,0.05128205128205128,0.1282051282051282,0.5451865747763621,seller_dispatch_sla_review,10
237,4869f7a5dfa277a7dca6462dcf3b52b2,SP,RS,40,8788.79,5,1050.8,2.428734953703704,18.540442708333334,4.205128205128205,0.1282051282051282,0.125,0.13099659980676004,carrier_lane_capacity_review,10
238,edb1ef5e36e0c8cd84eb3c9b003e486d,RJ,MG,43,19703.65,5,907.6,1.6327874677002583,12.163004145133506,4.3023255813953485,0.09302325581395349,0.11627906976744186,0.1342421204677092,carrier_lane_capacity_review,10
239,b2ba3715d723d245138f291a6fe42594,SP,RJ,43,8402.6,5,403.5,5.557495424203273,16.689502314814817,3.8536585365853657,0.21951219512195122,0.11627906976744186,0.332993478138053,carrier_lane_capacity_review,10
240,cc419e0650a3c5ba77189a1882b7556a,SP,GO,43,2905.56,5,404.95,2.067110788113695,14.548732235142118,3.953488372093023,0.18604651162790697,0.11627906976744186,0.1420818497931138,carrier_lane_capacity_review,10
241,6560211a19b47992c3666cc44a7e94c0,SP,CE,45,3203.0,5,351.0,0.965130658436214,17.0418191872428,4.159090909090909,0.06818181818181818,0.1111111111111111,0.056633077010856535,carrier_lane_capacity_review,10
242,98dac6635aee4995d501a3972e047414,SP,SP,49,2157.1,5,160.29,3.1678396636432353,6.884156509826153,4.229166666666667,0.14583333333333334,0.10204081632653061,0.46016380643316224,seller_dispatch_sla_review,10
243,4e922959ae960d389249c378d1c939f5,SP,RJ,53,4490.75,5,702.9,3.6488764412997905,14.79429900419287,4.076923076923077,0.15384615384615385,0.09433962264150944,0.24664071209224972,carrier_lane_capacity_review,10
244,729f06993dac8e860d4f02d7088ca48a,SP,SP,54,11667.9,5,1574.5,2.1082765346364885,6.835478823731139,4.169811320754717,0.1320754716981132,0.09259259259259259,0.3084314338473348,carrier_lane_capacity_review,10
245,7e1fb0a3ebfb01ffb3a7dae98bf3238d,SP,SP,59,9474.78,5,892.0,1.1998938716258631,9.858951075015694,4.649122807017544,0.017543859649122806,0.0847457627118644,0.12170603774133781,carrier_lane_capacity_review,10
246,7a67c85e85bb2ce8582c35f2203ad736,SP,SC,59,7627.400000000001,5,495.95,1.6486725125549277,12.928902817011927,4.258620689655173,0.08620689655172414,0.0847457627118644,0.12751836222216742,carrier_lane_capacity_review,10
247,66922902710d126a0e7d26b0e3805106,MG,SP,64,6226.9,5,485.0,2.5608635344328703,10.172907624421297,4.555555555555555,0.015873015873015872,0.078125,0.25173368607861996,carrier_lane_capacity_review,10
248,fa1c13f2614d7b5c4749cbc52fecda94,SP,MG,66,23937.5,5,1598.5,2.4957808992704824,12.1973840838945,4.578125,0.015625,0.07575757575757576,0.20461607850538435,carrier_lane_capacity_review,10
249,f8db351d8c4c4c22c6835c19a46f01b0,SP,MG,66,4379.9,5,314.4,1.2515153268799102,10.582867564534231,4.107692307692307,0.13846153846153847,0.07575757575757576,0.11825862123362887,carrier_lane_capacity_review,10
250,da8622b14eb17ae2831f4ac5b9dab84a,SP,RS,67,8587.380000000001,5,514.4,2.321507739082366,16.770591659756775,3.9029850746268657,0.16417910447761194,0.07462686567164178,0.13842730096715233,carrier_lane_capacity_review,10
251,e9779976487b77c6d4ac45f75ec7afe9,SP,RJ,67,4489.92,5,351.98,1.898017551133223,12.950117468214483,4.029850746268656,0.16417910447761194,0.07462686567164178,0.1465637323979359,carrier_lane_capacity_review,10
252,0dd184061fb0eaa7ca37932c68ab91c5,SP,SP,68,7409.98,5,609.0,2.6528045002723313,7.592925517429194,4.014705882352941,0.1323529411764706,0.07352941176470588,0.34937844368194404,carrier_lane_capacity_review,10
253,391fc6631aebcf3004804e51b40bcf1e,SP,MG,73,5147.58,5,214.56,3.101099061390157,14.299088819127348,4.178082191780822,0.1232876712328767,0.0684931506849315,0.21687389319814102,carrier_lane_capacity_review,10
254,8b321bb669392f5163d04c59e235e066,SP,MG,77,1702.55,5,57.35,2.265447631072631,12.867387566137566,3.948051948051948,0.16883116883116883,0.06493506493506493,0.17606119497282352,carrier_lane_capacity_review,10
255,7ad32824caee82087b3e2e5f33b1bf32,SP,SP,78,11702.0,5,1290.0,1.3923489434947767,8.211341850664768,4.103896103896104,0.15584415584415584,0.0641025641025641,0.16956411860773474,carrier_lane_capacity_review,10
256,36a968b544695394e4e9d7572688598f,SP,SP,80,3340.89,5,374.5,3.85443822337963,7.345305266203704,3.8125,0.2,0.0625,0.5247485412368342,seller_dispatch_sla_review,10
257,41b39e28db005d9731d9d485a83b4c38,SP,SP,93,8043.56,5,471.6,4.360182945041816,8.69727237654321,4.333333333333333,0.08602150537634409,0.053763440860215055,0.5013276296602315,seller_dispatch_sla_review,10
258,87142160b41353c4e5fca2360caf6f92,RS,SP,101,10396.5,5,428.8,2.0859323432343233,8.723257356985698,4.336633663366337,0.06930693069306931,0.04950495049504951,0.23912310022171723,carrier_lane_capacity_review,10
259,7040e82f899a04d1b434b795a43b4617,SP,SP,101,4419.2,5,284.5,1.798359231756509,5.945054661716172,3.79,0.22,0.04950495049504951,0.3024966689267366,carrier_lane_capacity_review,10
260,d1c281d3ae149232351cd8c8cc885f0d,SP,SP,105,12951.76,5,343.93,1.6120284391534392,8.57868253968254,3.9278846153846154,0.18269230769230768,0.047619047619047616,0.1879109562216174,carrier_lane_capacity_review,10
261,c826c40d7b19f62a09e2d7c5e7295ee2,SP,SP,110,14143.6,5,621.29,2.267787984006734,6.730541982323232,4.2272727272727275,0.11818181818181818,0.045454545454545456,0.3369398764561223,carrier_lane_capacity_review,10
262,1025f0e2d44d7041d6cf58b6550e0bfa,SP,MG,113,17309.13,5,794.0,4.121422689282203,11.156846833005572,3.981981981981982,0.15315315315315314,0.04424778761061947,0.36940748143012037,seller_dispatch_sla_review,10
263,7299e27ed73d2ad986de7f7c77d919fa,MG,SP,129,11181.13,5,1069.97,1.2747813486936548,8.879677451191501,4.48062015503876,0.06201550387596899,0.03875968992248062,0.14356167278605383,carrier_lane_capacity_review,10
264,9f505651f4a6abe901a56cdc21508025,SP,SP,196,13458.55,5,306.96,0.8703365339191232,3.6548908139644745,4.56701030927835,0.05154639175257732,0.025510204081632654,0.2381292843533856,carrier_lane_capacity_review,10
265,4371b634e0efc0e22b09b52907d9d469,SP,RJ,10,1085.0,4,427.0,2.126377314814815,21.495266203703704,3.8,0.2,0.4,0.09892305099475499,carrier_lane_capacity_review,10
266,391fc6631aebcf3004804e51b40bcf1e,SP,GO,10,1023.77,4,189.84,3.482706018518518,23.178211805555556,3.35,0.4,0.4,0.1502577527436242,carrier_lane_capacity_review,10
267,382229d1e840115ffe3dbf5ff460e417,RJ,RJ,10,971.96,4,389.69,1.6414675925925928,4.096953703703703,4.3,0.1,0.4,0.40065563618858646,seller_dispatch_sla_review,10
268,06a2c3af7b3aee5d69171b0e14f0ee87,MA,BA,10,861.9,4,372.96,6.049782407407408,21.668068287037038,4.333333333333333,0.0,0.4,0.27920266482761186,carrier_lane_capacity_review,10
269,66e0557ecc2b4dbea057e93f215f68d8,SP,SP,11,4334.0,4,1526.0,18.692549452861954,26.738961489898987,4.545454545454546,0.09090909090909091,0.36363636363636365,0.6990753720903978,seller_dispatch_sla_review,10
270,7fc87cc3e89b3d1d5cabdca32f8485aa,SP,SP,11,1685.0,4,741.6,15.197390572390571,18.457256944444445,3.727272727272727,0.2727272727272727,0.36363636363636365,0.8233829446127378,seller_dispatch_sla_review,10
271,c60b801f2d52c7f7f91de00870882a75,SP,SP,12,2571.9,4,743.0,8.654209104938271,11.029731867283951,3.5833333333333335,0.25,0.3333333333333333,0.7846255202819679,seller_dispatch_sla_review,10
272,7ea5bfa6c340f58f8e71fc1f0412b0d6,MG,RJ,12,1207.55,4,414.96000000000004,1.9835821759259262,27.586068672839506,3.1818181818181817,0.2727272727272727,0.3333333333333333,0.07190521416626891,carrier_lane_capacity_review,10
273,f7ccf836d21b2fb1de37564105216cc1,SP,RJ,12,522.6,4,144.8,1.5984895833333332,20.129765625,2.909090909090909,0.36363636363636365,0.3333333333333333,0.07940924962127238,carrier_lane_capacity_review,10
274,7178f9f4dd81dcef02f62acdf8151e01,SC,SC,13,4069.2,4,2636.9,6.790252849002849,18.797789351851854,4.076923076923077,0.15384615384615385,0.3076923076923077,0.36122613791998426,seller_dispatch_sla_review,10
275,1835b56ce799e6a4dc4eddc053f04066,SP,GO,13,2147.86,4,263.94,1.6604478276353278,20.158400997150995,2.923076923076923,0.38461538461538464,0.3076923076923077,0.08237001674239938,carrier_lane_capacity_review,10
276,8f2ce03f928b567e3d56181ae20ae952,SP,RJ,13,2119.4,4,450.6,2.9506962250712254,18.873758012820513,3.923076923076923,0.23076923076923078,0.3076923076923077,0.15633856400335772,carrier_lane_capacity_review,10
277,aba1721a889e04decc910aa13b768ef4,SP,RJ,13,2049.0,4,947.0,1.2475222578347578,14.942205306267805,4.0,0.23076923076923078,0.3076923076923077,0.08348983515247643,carrier_lane_capacity_review,10
278,54965bbe3e4f07ae045b90b0b8541f52,PR,RJ,13,1894.0,4,794.7,16.366147613960116,26.887289886039884,3.0,0.38461538461538464,0.3076923076923077,0.6086945796072055,seller_dispatch_sla_review,10
279,634964b17796e64304cadf1ad3050fb7,RJ,BA,13,1592.9,4,433.0,3.0923246082621083,26.07454772079772,3.076923076923077,0.38461538461538464,0.3076923076923077,0.11859552239886377,carrier_lane_capacity_review,10
280,855668e0971d4dfd7bef1b6a4133b41b,SP,BA,13,996.95,4,350.96999999999997,3.4719622507122505,25.46296474358974,3.4615384615384617,0.3076923076923077,0.3076923076923077,0.1363534170382226,carrier_lane_capacity_review,10
281,e9bc59e7b60fc3063eb2290deda4cced,PR,SC,14,2593.38,4,502.0,5.558343253968254,16.704525462962962,4.0,0.21428571428571427,0.2857142857142857,0.3327447562812924,carrier_lane_capacity_review,10
282,59b22a78efb79a4797979612b885db36,MG,RJ,14,2558.9,4,1172.0,1.5381588955026455,17.638798776455026,3.7857142857142856,0.2857142857142857,0.2857142857142857,0.08720315453430091,carrier_lane_capacity_review,10
283,e9bc59e7b60fc3063eb2290deda4cced,PR,PR,14,1886.2,4,654.8,5.647590112433862,12.732566137566137,4.0,0.07142857142857142,0.2857142857142857,0.4435547439075321,seller_dispatch_sla_review,10
284,adbc26658d6c7b4b6219f9d934598091,PR,RJ,14,1853.9,4,520.0,3.048668981481481,28.468088624338627,3.857142857142857,0.21428571428571427,0.2857142857142857,0.10709075068970522,carrier_lane_capacity_review,10
285,16090f2ca825584b5a147ab24aa30c86,SP,BA,14,495.66999999999996,4,126.28999999999999,1.6109614748677248,23.250100859788358,3.357142857142857,0.2857142857142857,0.2857142857142857,0.06928836500894169,carrier_lane_capacity_review,10
286,3f3486b61f45078d4f31ee5e43d8c5bb,SP,SP,15,1616.63,4,669.88,1.141701388888889,10.836167438271605,4.333333333333333,0.06666666666666667,0.26666666666666666,0.1053602572489405,carrier_lane_capacity_review,10
287,4a3ca9315b744ce9f8e9374361493884,SP,CE,15,1553.5,4,612.6,3.4303981481481483,25.832479166666666,3.533333333333333,0.3333333333333333,0.26666666666666666,0.13279399650400628,carrier_lane_capacity_review,10
288,3c03b12bab54d8b37d79d914bfdb1aa0,RJ,SP,15,1243.13,4,524.0600000000001,1.4410555555555555,13.500128086419753,3.1333333333333333,0.3333333333333333,0.26666666666666666,0.1067438431939889,carrier_lane_capacity_review,10
289,9c0e69c7bf2619675bbadf47b43f655a,SP,RJ,16,3867.62,4,596.3,3.7621202256944444,19.696433738425927,4.3125,0.125,0.25,0.19100514720869974,carrier_lane_capacity_review,10
290,7ad32824caee82087b3e2e5f33b1bf32,SP,RJ,16,3052.9,4,1096.0,2.3617440682870368,15.777598379629628,3.0,0.4375,0.25,0.14968970634569276,carrier_lane_capacity_review,10
291,11305281b50fff20ae8bb473f8e11876,MG,SP,16,2394.28,4,749.86,1.6567520254629629,13.458943142361111,4.125,0.125,0.25,0.12309674005891652,carrier_lane_capacity_review,10
292,c9c7905cffc4ef9ff9f113554423e671,SP,MG,16,1562.71,4,692.75,1.6595066550925925,12.554645543981481,4.25,0.0625,0.25,0.13218267686483084,carrier_lane_capacity_review,10
293,ef990a83bbea832f36ebe81376335aa8,SC,SP,17,1872.3,4,424.6,1.871656454248366,16.08103690087146,3.764705882352941,0.23529411764705882,0.23529411764705882,0.11638904044470774,carrier_lane_capacity_review,10
294,a673821011d0cec28146ea42f5ab767f,SP,RJ,17,1668.65,4,359.69,4.374734477124183,17.062182053376908,4.1875,0.125,0.23529411764705882,0.2563994724378378,carrier_lane_capacity_review,10
295,712e6ed8aa4aa1fa65dab41fed5737e4,SC,SP,18,8660.0,4,2327.0,8.821971450617283,21.083102494855964,3.4444444444444446,0.3333333333333333,0.2222222222222222,0.4184380099072109,seller_dispatch_sla_review,10
296,620c87c171fb2a6dd6e8bb4dec959fc6,RJ,PR,18,2355.2,4,582.6,2.457779063786008,15.481824845679013,4.277777777777778,0.1111111111111111,0.2222222222222222,0.15875254295180685,carrier_lane_capacity_review,10
297,da8622b14eb17ae2831f4ac5b9dab84a,SP,ES,18,2342.9,4,364.6,2.827362397119342,17.481352880658434,3.6666666666666665,0.2222222222222222,0.2222222222222222,0.1617359031890242,carrier_lane_capacity_review,10
298,1d8dbc4f32378d715c717c1c1fc57bae,PR,RJ,18,2065.9,4,468.8,3.827419624485597,18.65253215020576,3.8125,0.25,0.2222222222222222,0.20519571249973026,carrier_lane_capacity_review,10
299,01fdefa7697d26ad920e9e0346d4bd1b,PR,RJ,18,1804.55,4,443.69,1.688013760288066,17.266019161522635,3.8333333333333335,0.16666666666666666,0.2222222222222222,0.09776508090815796,carrier_lane_capacity_review,10
300,e9779976487b77c6d4ac45f75ec7afe9,SP,BA,18,1254.76,4,180.94,2.182109696502058,23.292649819958847,4.0588235294117645,0.058823529411764705,0.2222222222222222,0.09368232954896641,carrier_lane_capacity_review,10
301,ef506c96320abeedfb894c34db06f478,SP,BA,18,577.62,4,137.85999999999999,3.506894933127572,21.383319830246915,3.0555555555555554,0.4444444444444444,0.2222222222222222,0.16400142545532312,carrier_lane_capacity_review,10
302,3b15288545f8928d3e65a8f949a28291,SP,RJ,19,2206.79,4,425.96,3.7191343810916178,20.680188840155946,3.8421052631578947,0.15789473684210525,0.21052631578947367,0.17984044584109185,carrier_lane_capacity_review,10
303,06a2c3af7b3aee5d69171b0e14f0ee87,MA,SC,19,1970.8,4,360.96,2.8849372563352826,16.770210769980505,4.315789473684211,0.10526315789473684,0.21052631578947367,0.17202748945168067,carrier_lane_capacity_review,10
304,8e6cc767478edae941d9bd9eb778d77a,MG,RJ,19,1442.3,4,357.15999999999997,6.872613304093567,19.422581627680312,3.8421052631578947,0.21052631578947367,0.21052631578947367,0.3538465398595099,seller_dispatch_sla_review,10
305,de23c3b98a88888289c6f5cc1209054a,SP,RJ,20,3703.37,4,489.87,2.2368744212962963,16.53203414351852,3.95,0.2,0.2,0.1353054561754142,carrier_lane_capacity_review,10
306,70c27847eca8195c983ed7e798c56743,RJ,RJ,20,3087.58,4,800.94,5.020563657407408,6.910935763888889,4.35,0.15,0.2,0.7264665493840822,seller_dispatch_sla_review,10
307,7142540dd4c91e2237acb7e911c4eba2,SP,BA,20,2473.0,4,654.5999999999999,2.7610046296296296,17.724252893518518,3.9,0.15,0.2,0.15577551540348908,carrier_lane_capacity_review,10
308,e5a3438891c0bfdb9394643f95273d8e,SP,MG,20,719.38,4,156.8,3.5543825231481483,16.814972800925926,4.35,0.1,0.2,0.2113819965829754,carrier_lane_capacity_review,10
309,0dd184061fb0eaa7ca37932c68ab91c5,SP,RJ,21,2380.98,4,456.0,2.9883917548500882,16.3396875,3.761904761904762,0.19047619047619047,0.19047619047619047,0.1828916100659874,carrier_lane_capacity_review,10
310,406822777a0b9eb5c50e442dd4cd3ec5,SP,SP,21,1969.2,4,314.6,2.0978753306878306,11.403525132275131,4.25,0.05,0.19047619047619047,0.18396726506527905,carrier_lane_capacity_review,10
311,25c5c91f63607446a97b143d2d535d31,MG,RJ,22,7690.21,4,1376.68,4.717517361111112,16.255510837542086,4.0,0.19047619047619047,0.18181818181818182,0.29021034209617147,carrier_lane_capacity_review,10
312,da8622b14eb17ae2831f4ac5b9dab84a,SP,SC,22,2642.3,4,304.6,2.579823758417508,18.67816393097643,3.8636363636363638,0.18181818181818182,0.18181818181818182,0.1381197727973171,carrier_lane_capacity_review,10
313,8160255418d5aaa7dbdc9f4c64ebda44,SP,RS,22,2544.5,4,359.6,3.124631207912458,19.833801031144784,4.045454545454546,0.18181818181818182,0.18181818181818182,0.15754071562006125,carrier_lane_capacity_review,10
314,ff1fb4c404b2efe68b03350a8dc24122,SP,SP,23,3925.0,4,1144.0,2.672928240740741,6.751311392914653,4.086956521739131,0.17391304347826086,0.17391304347826086,0.39591245095670125,seller_dispatch_sla_review,10
315,a3e9a2c700480d9bb01fba070ba80a0e,SP,RJ,23,2270.0,4,391.0,2.204622081320451,16.905327093397744,3.3043478260869565,0.34782608695652173,0.17391304347826086,0.1304099038806206,carrier_lane_capacity_review,10
316,c9aafcd0621b2207c10e32c649cada4d,SP,SP,24,1305.3,4,169.88,2.4601408179012347,6.04867862654321,4.25,0.125,0.16666666666666666,0.40672367797910153,seller_dispatch_sla_review,10
317,7142540dd4c91e2237acb7e911c4eba2,SP,RJ,26,2984.02,4,434.6,2.940853365384615,17.08520343660969,4.0,0.15384615384615385,0.15384615384615385,0.17212867123858988,carrier_lane_capacity_review,10
318,bbad7e518d7af88a0897397ffdca1979,SP,SP,26,1626.48,4,224.98000000000002,5.024939458689459,9.445849804131054,3.1538461538461537,0.4230769230769231,0.15384615384615385,0.5319732541683914,seller_dispatch_sla_review,10
319,5cf13accae3222c70a9cac40818ae839,MG,RJ,27,2443.5,4,379.20000000000005,1.7252854938271607,14.215921639231825,4.115384615384615,0.11538461538461539,0.14814814814814814,0.12136290123222632,carrier_lane_capacity_review,10
320,37515688008a7a40ac93e3b2e4ab203f,SP,RJ,28,718.0,4,132.2,5.4095391038359795,16.795167824074074,4.107142857142857,0.17857142857142858,0.14285714285714285,0.3220890175376506,carrier_lane_capacity_review,10
321,7d13fca15225358621be4086e1eb0964,SP,PR,29,6841.61,4,589.9,3.430062659642401,14.457402618135378,4.103448275862069,0.06896551724137931,0.13793103448275862,0.23725303571055895,carrier_lane_capacity_review,10
322,1025f0e2d44d7041d6cf58b6550e0bfa,SP,GO,29,5012.96,4,652.99,5.06303599936143,16.90551085568327,3.7857142857142856,0.21428571428571427,0.13793103448275862,0.29949026933186973,carrier_lane_capacity_review,10
323,04308b1ee57b6625f47df1d56f00eedf,SC,SP,30,17010.0,4,2111.6,7.028444830246913,15.637541280864196,4.133333333333334,0.16666666666666666,0.13333333333333333,0.44945971390321354,seller_dispatch_sla_review,10
324,c826c40d7b19f62a09e2d7c5e7295ee2,SP,RJ,30,4262.93,4,491.96,1.652482638888889,15.45092939814815,4.066666666666666,0.16666666666666666,0.13333333333333333,0.1069503714829572,carrier_lane_capacity_review,10
325,d1c281d3ae149232351cd8c8cc885f0d,SP,RJ,30,3136.67,4,312.96,1.8325304783950616,15.60340239197531,3.8833333333333333,0.2,0.13333333333333333,0.11744428762136619,carrier_lane_capacity_review,10
326,f8db351d8c4c4c22c6835c19a46f01b0,SP,SC,30,2509.8,4,420.6,1.6384205246913581,15.918432098765432,3.7333333333333334,0.23333333333333334,0.13333333333333333,0.10292599890025772,carrier_lane_capacity_review,10
327,b1fc4f64df5a0e8b6913ab38803c57a9,RJ,SP,30,2201.31,4,224.97,4.963320216049383,14.649343750000002,4.103448275862069,0.13793103448275862,0.13333333333333333,0.33880836580474005,carrier_lane_capacity_review,10
328,11bfa66332777660bd0640ee84d47006,SP,SP,30,1833.08,4,82.95,2.2721408179012346,10.551869984567901,3.9,0.26666666666666666,0.13333333333333333,0.21533063061090008,carrier_lane_capacity_review,10
329,7681ef142fd2c19048da7430856b5588,SP,SP,31,16070.84,4,1949.0,1.4290266577060933,5.566935857228196,4.32258064516129,0.06451612903225806,0.12903225806451613,0.2566989622937047,carrier_lane_capacity_review,10
330,1f50f920176fa81dab994f9023523100,SP,GO,31,2906.9,4,325.4,2.5045586917562725,16.218908303464755,4.064516129032258,0.16129032258064516,0.12903225806451613,0.15442215005440518,carrier_lane_capacity_review,10
331,e62b2d6ac10570a035a30bafcf01d263,SP,SP,31,2526.0,4,205.29,4.860409946236559,10.151456093189964,4.225806451612903,0.06451612903225806,0.12903225806451613,0.4787894368668089,seller_dispatch_sla_review,10
332,634964b17796e64304cadf1ad3050fb7,RJ,MG,32,3606.7,4,423.0,2.816548755787037,12.78632667824074,4.46875,0.0625,0.125,0.22027817892218624,carrier_lane_capacity_review,10
333,3d871de0142ce09b7081e2b9d1733cb1,SP,BA,32,2704.2,4,417.9,2.702843967013889,21.74494212962963,4.03125,0.09375,0.125,0.12429759301732043,carrier_lane_capacity_review,10
334,aac29b1b99776be73c3049939652091d,MG,SP,32,2067.1800000000003,4,260.6,2.8899634693287037,10.657417896412037,4.15625,0.09375,0.125,0.2711691985261879,carrier_lane_capacity_review,10
335,6860153b69cc696d5dcfe1cdaaafcf62,SP,SP,32,1545.18,4,185.88,1.2902058015046296,6.28528247974537,4.03125,0.15625,0.125,0.20527411546933344,carrier_lane_capacity_review,10
336,7e3f87d16fb353f408d467e74fbd8014,SP,SP,32,1446.58,4,231.64,1.8428721788194444,6.47260669849537,4.03125,0.15625,0.125,0.2847187021649007,carrier_lane_capacity_review,10
337,4d6d651bd7684af3fffabd5f08d12e5a,SP,RJ,33,4011.7000000000003,4,372.8,4.492014941077442,17.440023849607183,4.0606060606060606,0.15151515151515152,0.12121212121212122,0.2575693118205581,carrier_lane_capacity_review,10
338,972d0f9cf61b499a4812cf0bfa3ad3c4,SC,SP,34,3414.4700000000003,4,398.08,4.260950776143791,17.708199550653596,2.911764705882353,0.4117647058823529,0.11764705882352941,0.24062021460485084,carrier_lane_capacity_review,10
339,f0b47fbbc6dee9aafe415a6e33051b3f,SP,SP,34,1886.79,4,182.37,3.2731644880174295,6.942928581154684,4.382352941176471,0.08823529411764706,0.11764705882352941,0.47143859392444837,seller_dispatch_sla_review,10
340,b2ba3715d723d245138f291a6fe42594,SP,MG,35,5240.4,4,341.6,5.27028373015873,14.944182208994707,4.085714285714285,0.14285714285714285,0.11428571428571428,0.35266457919568295,seller_dispatch_sla_review,10
341,d9bd94811c3338dceb4181f3dbc0c73e,SP,SP,36,4308.38,4,535.53,1.1686467978395063,4.524685570987654,4.833333333333333,0.027777777777777776,0.1111111111111111,0.2582824330010654,carrier_lane_capacity_review,10
342,2e90cb1677d35cfe24eef47d441b7c87,SP,SP,37,3842.9,4,489.6,1.9090981606606607,6.7255671296296295,4.243243243243243,0.10810810810810811,0.10810810810810811,0.2838568292999542,carrier_lane_capacity_review,10
343,620c87c171fb2a6dd6e8bb4dec959fc6,RJ,RS,39,5930.9,4,339.6,2.0652596747388414,15.330695037986706,4.333333333333333,0.1282051282051282,0.10256410256410256,0.13471402761724105,carrier_lane_capacity_review,10
344,16090f2ca825584b5a147ab24aa30c86,SP,RJ,39,2141.19,4,402.7,2.0256083808167142,12.581650937796772,4.0256410256410255,0.20512820512820512,0.10256410256410256,0.16099702581412004,carrier_lane_capacity_review,10
345,cc419e0650a3c5ba77189a1882b7556a,SP,PE,40,2811.58,4,281.96,2.501329861111111,17.451642650462965,3.8,0.225,0.1,0.1433291932003177,carrier_lane_capacity_review,10
346,6560211a19b47992c3666cc44a7e94c0,SP,ES,44,3045.99,4,186.0,1.301439393939394,11.387601536195286,3.883720930232558,0.18604651162790697,0.09090909090909091,0.11428564564739928,carrier_lane_capacity_review,10
347,6a8b085f816a1f75f92dbac6eb545f8f,SP,SP,48,2169.5,4,214.1,2.0389436246141974,11.925981385030864,4.322916666666667,0.0625,0.08333333333333333,0.17096652751558195,carrier_lane_capacity_review,10
348,1554a68530182680ad5c8b042c3ab563,MG,RJ,49,6057.22,4,471.69000000000005,2.179779856386999,13.474029667422524,4.214285714285714,0.14285714285714285,0.08163265306122448,0.1617763883700854,carrier_lane_capacity_review,10
349,59b22a78efb79a4797979612b885db36,MG,SP,50,10927.4,4,1281.0,1.7059085648148147,8.914533101851852,4.428571428571429,0.10204081632653061,0.08,0.19136263731641082,carrier_lane_capacity_review,10
350,431af27f296bc6519d890aa5a05fdb11,SP,SP,51,5312.400000000001,4,373.6,4.738909086782861,12.419790758896152,4.117647058823529,0.1568627450980392,0.0784313725490196,0.3815611050764632,seller_dispatch_sla_review,10
351,6560211a19b47992c3666cc44a7e94c0,SP,PE,51,4002.0,4,296.0,1.0688267066085693,14.410290940450254,3.6862745098039214,0.21568627450980393,0.0784313725490196,0.0741710705929143,carrier_lane_capacity_review,10
352,8581055ce74af1daba164fdbd55a40de,SP,MG,52,9043.78,4,767.49,2.801173655626781,14.384937900641026,4.288461538461538,0.11538461538461539,0.07692307692307693,0.19472963143636193,carrier_lane_capacity_review,10
353,e9d99831abad74458942f21e16f33f92,SP,SP,54,2023.41,4,162.96,3.2450885202331965,7.69313678840878,4.0,0.14814814814814814,0.07407407407407407,0.4218160432455275,seller_dispatch_sla_review,10
354,b33e7c55446eabf8fe1a42d037ac7d6d,SP,SP,55,16847.93,4,1183.74,2.0904267676767674,11.045594486531986,4.290909090909091,0.10909090909090909,0.07272727272727272,0.18925434662893406,carrier_lane_capacity_review,10
355,d91fb3b7d041e83b64a00a3edfb37e4f,SP,RJ,55,3278.66,4,152.05,3.0701515151515153,15.190227693602694,4.024242424242424,0.14545454545454545,0.07272727272727272,0.20211359415267344,carrier_lane_capacity_review,10
356,5a8e7d5003a1f221f9e1d6e411de7c23,SP,SP,56,4173.3,4,199.6,1.801787367724868,5.171623470568783,4.142857142857143,0.14285714285714285,0.07142857142857142,0.3483987915939102,carrier_lane_capacity_review,10
357,c9c7905cffc4ef9ff9f113554423e671,SP,SP,57,4832.09,4,442.47,1.4867584470435349,5.411493867771281,4.157894736842105,0.10526315789473684,0.07017543859649122,0.2747408540732312,carrier_lane_capacity_review,10
358,640e21a7d01df7614a3b4923e990d40c,SP,SP,57,3562.27,4,246.4,1.4222264863547758,7.40864522417154,4.5964912280701755,0.03508771929824561,0.07017543859649122,0.1919684967117337,carrier_lane_capacity_review,10
359,001cca7ae9ae17fb1caed9dfb1094831,ES,SP,58,6877.2,4,386.0,1.8392652458492975,12.187433748403576,4.192982456140351,0.08771929824561403,0.06896551724137931,0.150914891831943,carrier_lane_capacity_review,10
360,76d5af76d0271110f9af36c92573f765,SP,SP,62,16942.8,4,2141.65,2.4308824298088414,7.1997020609319,4.442622950819672,0.06557377049180328,0.06451612903225806,0.33763653123921045,carrier_lane_capacity_review,10
361,955fee9216a65b617aa5c0531780ce60,SP,RS,66,7279.25,4,409.6,1.5631658599887766,17.085729517396185,4.075757575757576,0.10606060606060606,0.06060606060606061,0.09148955907309707,carrier_lane_capacity_review,10
362,d2374cbcbb3ca4ab1086534108cc3ab7,SP,MG,66,2505.19,4,213.39999999999998,4.673986391694726,15.64191919191919,3.578125,0.203125,0.06060606060606061,0.2988115674519892,carrier_lane_capacity_review,10
363,1025f0e2d44d7041d6cf58b6550e0bfa,SP,PR,69,11005.99,4,356.8,3.299235607890499,11.501775194578636,4.36231884057971,0.11594202898550725,0.057971014492753624,0.2868457739850101,carrier_lane_capacity_review,10
364,cfb1a033743668a192316f3c6d1d2671,SP,SP,72,5884.34,4,559.5,3.508475115740741,8.151713927469137,4.25,0.125,0.05555555555555555,0.4303972326504369,seller_dispatch_sla_review,10
365,cc419e0650a3c5ba77189a1882b7556a,SP,PR,76,4331.23,4,219.96,2.2164575718810915,12.019888980263158,4.026315789473684,0.15789473684210525,0.05263157894736842,0.18439917169955136,carrier_lane_capacity_review,10
366,ea8482cd71df3c1969d7b9473ff13abc,SP,RS,76,2348.71,4,99.96,2.4872019675925925,14.732750822368422,4.2368421052631575,0.10526315789473684,0.05263157894736842,0.168821287862707,carrier_lane_capacity_review,10
367,00ee68308b45bc5e2660cd833c3f81cc,SP,SP,79,11821.0,4,468.0,1.5353727144866387,6.148080608298171,4.5,0.0641025641025641,0.05063291139240506,0.2497320403402518,carrier_lane_capacity_review,10
368,54a1852d1b8f10312c55e906355666ee,SP,SP,89,7371.82,4,309.96,1.2447992093216813,4.973641411776946,4.465909090909091,0.056818181818181816,0.0449438202247191,0.2502792433676775,carrier_lane_capacity_review,10
369,4830e40640734fc1c52cd21127c341d4,SP,SP,90,3762.34,4,154.97,1.650871656378601,4.854530092592593,4.533333333333333,0.044444444444444446,0.044444444444444446,0.3400682712622639,carrier_lane_capacity_review,10
370,7c67e1448b00f6e969d365cea6b010ab,SP,MG,99,16600.88,4,954.88,10.63467791339319,19.886269056303778,3.3877551020408165,0.2755102040816326,0.04040404040404041,0.5347749184768316,seller_dispatch_sla_review,10
371,a1043bafd471dff536d0c462352beb48,MG,SP,107,14875.34,4,439.98,1.3567020379023884,11.173643345448252,4.355140186915888,0.056074766355140186,0.037383177570093455,0.1214198445357629,carrier_lane_capacity_review,10
372,620c87c171fb2a6dd6e8bb4dec959fc6,RJ,RJ,147,21269.05,4,506.6,2.230681846812799,5.39901313303099,4.537931034482758,0.07586206896551724,0.027210884353741496,0.4131647380454696,seller_dispatch_sla_review,10
373,522620dcb18a6b31cd7bdf73665113a9,PR,CE,10,3294.98,3,798.79,3.4692187500000005,29.468475694444443,3.3,0.4,0.3,0.11772644048412849,carrier_lane_capacity_review,10
374,900ba814c251a692506d7834c1218441,SP,MG,10,3004.94,3,954.52,5.477008101851852,14.57057638888889,4.444444444444445,0.0,0.3,0.375895088544916,seller_dispatch_sla_review,10
375,fe2032dab1a61af8794248c8196565c9,SP,DF,10,2183.6,3,638.8,1.306306712962963,15.506973379629631,3.5,0.3,0.3,0.08423995327669563,carrier_lane_capacity_review,10
376,6039e27294dc75811c0d8a39069f52c0,SP,RJ,10,1669.0,3,289.70000000000005,5.779467592592593,20.023212962962965,3.6,0.2,0.3,0.28863837203763965,carrier_lane_capacity_review,10
377,9b013e03b2ab786505a1d3b5c0756754,SP,PR,10,724.8100000000001,3,179.38,4.797173611111111,16.173511574074077,3.8,0.3,0.3,0.2966068060816747,carrier_lane_capacity_review,10
378,ececbfcff9804a2d6b40f589df8eef2b,SP,BA,10,680.83,3,176.09,1.2052233796296297,21.021118055555554,3.4,0.4,0.3,0.05733393325913547,carrier_lane_capacity_review,10
379,ec4608a1f76453166bb312b2968aeaf4,SP,SP,10,513.48,3,182.77,10.446770833333334,14.646247685185184,3.8,0.1,0.3,0.7132728503492631,seller_dispatch_sla_review,10
380,e59aa562b9f8076dd550fcddf0e73491,PR,RJ,11,4019.5,3,1430.5,2.9695096801346805,19.546315235690233,3.8181818181818183,0.2727272727272727,0.2727272727272727,0.15192171231908505,carrier_lane_capacity_review,10
381,6039e27294dc75811c0d8a39069f52c0,SP,MG,11,2958.5,3,929.6999999999999,6.635174663299664,18.656217382154882,3.5454545454545454,0.18181818181818182,0.2727272727272727,0.3556548751220259,seller_dispatch_sla_review,10
382,d50d79cb34e38265a8649c383dcffd48,SP,RJ,11,1934.8,3,503.97,1.3275820707070707,15.797508417508418,3.5,0.2,0.2727272727272727,0.08403743398140609,carrier_lane_capacity_review,10
383,1a932caad4f9d804097d7f8e615baed1,SP,SP,11,1843.0,3,475.0,1.2594212962962963,4.808466961279461,4.2727272727272725,0.09090909090909091,0.2727272727272727,0.2619174274124956,carrier_lane_capacity_review,10
384,7142540dd4c91e2237acb7e911c4eba2,SP,SC,11,1678.7,3,889.6999999999999,2.6759953703703703,21.501589856902356,4.0,0.18181818181818182,0.2727272727272727,0.12445569784279616,carrier_lane_capacity_review,10
385,1554a68530182680ad5c8b042c3ab563,MG,BA,11,1287.8700000000001,3,149.39,2.024385521885522,21.241343644781146,3.909090909090909,0.09090909090909091,0.2727272727272727,0.09530402387623439,carrier_lane_capacity_review,10
386,34056b8b55c1775a22af2331670a799c,SP,RS,11,1210.8,3,282.2,1.9290509259259259,21.151406776094277,3.4545454545454546,0.2727272727272727,0.2727272727272727,0.09120201537167617,carrier_lane_capacity_review,10
387,d91fb3b7d041e83b64a00a3edfb37e4f,SP,DF,11,858.05,3,255.7,4.150375631313131,14.304820075757577,3.8,0.2,0.2727272727272727,0.2901382617420533,carrier_lane_capacity_review,10
388,9674754b5a0cb32b638cec001178f799,SP,MG,11,845.87,3,189.42000000000002,3.1765814393939396,14.413511153198654,3.0,0.45454545454545453,0.2727272727272727,0.2203891477677173,carrier_lane_capacity_review,10
389,951e8cef368f09bb3f3d03c00ca4702c,SP,RJ,11,765.86,3,259.96,1.8035353535353535,11.268979377104376,4.363636363636363,0.09090909090909091,0.2727272727272727,0.16004425007642364,carrier_lane_capacity_review,10
390,7299e27ed73d2ad986de7f7c77d919fa,MG,BA,11,749.93,3,162.98,0.6861910774410774,20.259442340067338,3.6363636363636362,0.2727272727272727,0.2727272727272727,0.03387018585817583,carrier_lane_capacity_review,10
391,cac4c8e7b1ca6252d8f20b2fc1a2e4af,SP,MG,11,455.88,3,99.97,5.050516624579124,17.350559764309764,3.2,0.4,0.2727272727272727,0.29108666770325625,carrier_lane_capacity_review,10
392,ea8482cd71df3c1969d7b9473ff13abc,SP,PI,11,332.71,3,94.88,3.135874368686869,19.96573863636364,3.8181818181818183,0.18181818181818182,0.2727272727272727,0.1570627776813373,carrier_lane_capacity_review,10
393,92eb0f42c21942b6552362b9b114707d,SP,BA,11,215.62,3,61.83,5.847617845117845,24.59431186868687,3.909090909090909,0.18181818181818182,0.2727272727272727,0.23776301920294624,carrier_lane_capacity_review,10
394,fa1c13f2614d7b5c4749cbc52fecda94,SP,ES,12,3111.67,3,474.37,2.1546971450617285,18.155944251543207,4.0,0.16666666666666666,0.25,0.11867722852688231,carrier_lane_capacity_review,10
395,7e1fb0a3ebfb01ffb3a7dae98bf3238d,SP,BA,12,1914.99,3,632.0,1.3571797839506174,21.57280285493827,3.6666666666666665,0.25,0.25,0.06291161111871668,carrier_lane_capacity_review,10
396,8e6d7754bc7e0f22c96d255ebda59eba,SP,MG,12,1788.56,3,352.71000000000004,4.716995563271605,17.388932291666666,3.9166666666666665,0.08333333333333333,0.25,0.27126424349424494,carrier_lane_capacity_review,10
397,e99e927c81e3f51739c94fcdfca9f10f,MG,SP,12,1704.35,3,606.87,2.8967168209876544,12.723754822530864,4.0,0.08333333333333333,0.25,0.2276621061463893,carrier_lane_capacity_review,10
398,de23c3b98a88888289c6f5cc1209054a,SP,PR,12,1645.8400000000001,3,378.98,2.914918981481481,13.943694058641976,3.5833333333333335,0.3333333333333333,0.25,0.20904926407754065,carrier_lane_capacity_review,10
399,977f9f63dd360c2a32ece2f93ad6d306,SP,SP,12,1553.93,3,609.12,2.400888310185185,10.720354938271605,3.6666666666666665,0.16666666666666666,0.25,0.22395604660569843,carrier_lane_capacity_review,10
400,431af27f296bc6519d890aa5a05fdb11,SP,RJ,12,1237.8000000000002,3,322.7,3.9889853395061725,24.141829668209876,4.083333333333333,0.16666666666666666,0.25,0.16523127676436616,carrier_lane_capacity_review,10
401,6560211a19b47992c3666cc44a7e94c0,SP,PI,12,1040.0,3,251.0,1.1973051697530865,15.239626736111111,3.5,0.25,0.25,0.07856525559881383,carrier_lane_capacity_review,10
402,70a12e78e608ac31179aea7f8422044b,SP,BA,12,1013.49,3,227.99,4.0739679783950615,23.280370370370367,3.1666666666666665,0.25,0.25,0.1749958404261525,carrier_lane_capacity_review,10
403,891071be6ba827b591264c90c2ae8a63,SP,RJ,12,693.9,3,429.97,2.160303819444444,15.665186149691358,3.25,0.3333333333333333,0.25,0.13790476530577375,carrier_lane_capacity_review,10
404,2a1348e9addc1af5aaa619b1a3679d6b,MG,MG,12,597.0,3,141.70000000000002,3.733628472222222,18.93596547067901,3.6666666666666665,0.25,0.25,0.19717127589842084,carrier_lane_capacity_review,10
405,b64d51f0435e884e8de603b1655155ae,SP,SP,12,354.95,3,131.54,1.717000385802469,5.045793788580247,4.583333333333333,0.08333333333333333,0.25,0.3402835030017323,carrier_lane_capacity_review,10
406,4869f7a5dfa277a7dca6462dcf3b52b2,SP,PA,13,2955.5,3,1007.9,2.1003107193732196,23.990469195156695,4.384615384615385,0.07692307692307693,0.23076923076923078,0.08754771331430398,carrier_lane_capacity_review,10
407,7c67e1448b00f6e969d365cea6b010ab,SP,DF,13,2249.93,3,502.92,11.480102386039885,22.834050035612538,3.076923076923077,0.46153846153846156,0.23076923076923078,0.5027624257692016,seller_dispatch_sla_review,10
408,0dd184061fb0eaa7ca37932c68ab91c5,SP,SC,13,1607.0,3,293.0,2.0258680555555557,15.604732015669516,4.153846153846154,0.07692307692307693,0.23076923076923078,0.12982395683061249,carrier_lane_capacity_review,10
409,768a86e36ad6aae3d03ee3c6433d61df,SP,SP,13,417.64,3,102.82,0.8773237179487179,3.934878027065527,4.6923076923076925,0.0,0.23076923076923078,0.22296084196617155,carrier_lane_capacity_review,10
410,f5a590cf36251cf1162ea35bef76fe84,SP,MG,14,6984.9,3,638.9,2.642736441798942,15.845357969576721,3.857142857142857,0.21428571428571427,0.21428571428571427,0.1667830065356067,carrier_lane_capacity_review,10
411,712e6ed8aa4aa1fa65dab41fed5737e4,SC,RJ,14,6623.0,3,1807.0,4.6158382936507945,24.480095072751322,3.230769230769231,0.46153846153846156,0.21428571428571427,0.18855475356338228,carrier_lane_capacity_review,10
412,b2ba3715d723d245138f291a6fe42594,SP,RS,14,2734.6,3,865.6999999999999,5.6006374007936515,19.079633763227513,4.0,0.14285714285714285,0.21428571428571427,0.29354008941135185,carrier_lane_capacity_review,10
413,218d46b86c1881d022bce9c68a7d4b15,SP,SC,14,2122.04,3,547.0,1.477776951058201,18.65637566137566,4.214285714285714,0.14285714285714285,0.21428571428571427,0.07921029131706682,carrier_lane_capacity_review,10
414,bfd27a966d91cfaafdb25d076585f0da,SP,RJ,14,1896.0,3,697.0,2.0573363095238095,14.88132027116402,4.142857142857143,0.14285714285714285,0.21428571428571427,0.13824958216310765,carrier_lane_capacity_review,10
415,f27e33c6d29b5138fa9967bcd445b6d5,SP,RJ,14,1798.6,3,534.6999999999999,4.366488095238095,16.100780423280423,4.0,0.21428571428571427,0.21428571428571427,0.27119729481712,carrier_lane_capacity_review,10
416,3771c85bac139d2344864ede5d9341e3,SP,SP,14,813.7,3,94.69999999999999,3.745987103174603,8.48276455026455,3.7142857142857144,0.2857142857142857,0.21428571428571427,0.44159979697394497,seller_dispatch_sla_review,10
417,7ecd59e5e20407131822c1a68ac59c1f,DF,SP,14,736.85,3,149.97,8.609563492063492,18.046377314814816,4.142857142857143,0.14285714285714285,0.21428571428571427,0.4770798782421357,seller_dispatch_sla_review,10
418,71039d19d4303bf9054d69e9a9236699,SP,SP,14,661.3,3,359.49999999999994,2.0523619378306877,5.443061342592593,3.9285714285714284,0.21428571428571427,0.21428571428571427,0.37706022560699715,seller_dispatch_sla_review,10
419,7d76b645482be4a332374e8223836592,SP,SC,14,292.96,3,58.699999999999996,3.8982506613756613,19.137471891534393,3.2142857142857144,0.35714285714285715,0.21428571428571427,0.2036972638533349,carrier_lane_capacity_review,10
420,e7df4cd29ab5abab70fb0783ddb53987,SP,SP,15,6153.2,3,2878.9,2.949135030864197,7.3492091049382715,4.333333333333333,0.06666666666666667,0.2,0.40128604163440357,seller_dispatch_sla_review,10
421,00fc707aaaad2d31347cf883cd2dfe10,PR,RJ,15,1823.25,3,394.0,2.3731489197530866,21.986640432098763,3.2,0.4,0.2,0.10793594988202364,carrier_lane_capacity_review,10
422,3d871de0142ce09b7081e2b9d1733cb1,SP,CE,15,1621.8,3,297.0,4.062158950617284,27.80764274691358,4.0,0.21428571428571427,0.2,0.14608066521813146,carrier_lane_capacity_review,10
423,213b25e6f54661939f11710a6fddb871,SP,RJ,15,1388.2,3,325.5,8.241778549382717,18.972442901234565,3.6666666666666665,0.26666666666666666,0.2,0.4344078721062543,seller_dispatch_sla_review,10
424,06579cb253ecd5a3a12a9e6eb6bf8f47,SP,RJ,15,1050.4,3,189.7,2.2146867283950615,13.88897685185185,3.8666666666666667,0.26666666666666666,0.2,0.15945643455369227,carrier_lane_capacity_review,10
425,7c67e1448b00f6e969d365cea6b010ab,SP,CE,16,3290.9100000000003,3,489.92,9.633381076388888,29.612981047453705,3.25,0.3125,0.1875,0.32530939931213787,carrier_lane_capacity_review,10
426,710e3548e02bc1d2831dfc4f1b5b14d4,PR,PR,16,2893.65,3,899.97,7.587977430555556,14.376043113425926,3.25,0.375,0.1875,0.5278209984963853,seller_dispatch_sla_review,10
427,dd2bdf855a9172734fbc3744021ae9b9,MG,RJ,16,1698.3,3,219.70000000000002,5.9547728587962965,19.28109375,3.6,0.26666666666666666,0.1875,0.3088399930007236,carrier_lane_capacity_review,10
428,f262cbc1c910c83959f849465454ddd3,SP,MG,16,683.3399999999999,3,204.46,1.1054759837962962,12.145964988425927,4.0625,0.125,0.1875,0.09101590403477376,carrier_lane_capacity_review,10
429,ea8482cd71df3c1969d7b9473ff13abc,SP,MA,16,551.8399999999999,3,78.97,2.6784939236111116,20.092998408564814,3.625,0.1875,0.1875,0.13330483928518008,carrier_lane_capacity_review,10
430,abe42c5d03695b4257b5c6cbf4e6784e,RJ,SP,17,6390.0,3,797.0,1.674079520697168,11.148267293028324,4.0,0.11764705882352941,0.17647058823529413,0.15016499664876798,carrier_lane_capacity_review,10
431,6039e27294dc75811c0d8a39069f52c0,SP,SP,17,4816.8,3,1889.2,6.601305147058824,11.772848583877996,4.0588235294117645,0.11764705882352941,0.17647058823529413,0.5607228446052385,seller_dispatch_sla_review,10
432,adbc26658d6c7b4b6219f9d934598091,PR,RS,17,2347.2,3,359.8,2.657464596949891,15.790501089324618,3.588235294117647,0.35294117647058826,0.17647058823529413,0.1682951403452615,carrier_lane_capacity_review,10
433,79ebd9a61bac3eaf882805ed4ecfa12a,PR,RJ,17,2043.3000000000002,3,419.70000000000005,3.7452859477124183,15.92612404684096,3.9411764705882355,0.17647058823529413,0.17647058823529413,0.235166192144241,carrier_lane_capacity_review,10
434,f457c46070d02cadd8a68551231220dd,PR,MG,17,1710.7,3,365.8,2.6966666666666668,17.766371187363834,3.5,0.25,0.17647058823529413,0.1517848883279353,carrier_lane_capacity_review,10
435,391fc6631aebcf3004804e51b40bcf1e,SP,SC,17,1694.53,3,348.31,4.04046772875817,16.815394880174292,3.9411764705882355,0.11764705882352941,0.17647058823529413,0.24028384450976928,carrier_lane_capacity_review,10
436,14d7985702e72162bbf13b6beb74ab2b,SP,SP,17,1196.0,3,219.0,1.4971582244008717,7.754460784313725,4.176470588235294,0.058823529411764705,0.17647058823529413,0.19307057783172105,carrier_lane_capacity_review,10
437,1835b56ce799e6a4dc4eddc053f04066,SP,PR,17,1190.17,3,210.49,1.7929384531590415,14.559256535947712,4.0,0.17647058823529413,0.17647058823529413,0.12314766545476856,carrier_lane_capacity_review,10
438,b499c00f28f4b7069ff6550af8c1348a,SP,RJ,17,1179.77,3,124.97,2.766509395424837,13.124165305010893,4.0,0.23529411764705882,0.17647058823529413,0.21079507390603847,carrier_lane_capacity_review,10
439,50c9975695009e5e6473912e83a6d1da,MG,MG,17,1158.15,3,196.0,3.5462867647058824,14.575134123093681,3.764705882352941,0.29411764705882354,0.17647058823529413,0.24331074656026264,carrier_lane_capacity_review,10
440,da8622b14eb17ae2831f4ac5b9dab84a,SP,GO,18,3162.3,3,629.6,1.5392348251028805,16.153294110082303,4.411764705882353,0.058823529411764705,0.16666666666666666,0.09528922179050436,carrier_lane_capacity_review,10
441,897060da8b9a21f655304d50fd935913,SP,RS,18,1658.28,3,99.00999999999999,2.697974537037037,19.83615162037037,3.1666666666666665,0.3333333333333333,0.16666666666666666,0.13601300235406558,carrier_lane_capacity_review,10
442,05f51e13da97139648b8125c31e5f51b,MG,SP,19,3456.2799999999997,3,729.7,5.3780488547758285,11.773443591617934,4.368421052631579,0.10526315789473684,0.15789473684210525,0.45679488867681106,seller_dispatch_sla_review,10
443,b18dc380845b24038cfc48006478f099,SP,SP,19,3209.52,3,619.67,2.351885964912281,6.66442921539961,4.388888888888889,0.05555555555555555,0.15789473684210525,0.3529013346676018,seller_dispatch_sla_review,10
444,7a67c85e85bb2ce8582c35f2203ad736,SP,PA,19,2304.81,3,315.97,0.8940850389863547,16.75406128167641,4.368421052631579,0.05263157894736842,0.15789473684210525,0.05336527209460539,carrier_lane_capacity_review,10
445,88460e8ebdecbfecb5f9601833981930,PR,RS,19,2134.6000000000004,3,367.6,6.7837499999999995,19.3620772417154,3.5789473684210527,0.2631578947368421,0.15789473684210525,0.350362717559275,seller_dispatch_sla_review,10
446,855668e0971d4dfd7bef1b6a4133b41b,SP,RS,19,2021.99,3,1065.99,6.831228679337232,21.638489278752434,4.111111111111111,0.05555555555555555,0.15789473684210525,0.3156980411772575,carrier_lane_capacity_review,10
447,2d50d6282f8aa2257819a77bfaa0efe0,SP,SP,19,1359.79,3,309.0,2.471896320662768,12.774776437621831,4.0,0.15789473684210525,0.15789473684210525,0.19349820583810853,carrier_lane_capacity_review,10
448,cc419e0650a3c5ba77189a1882b7556a,SP,MA,19,1176.79,3,198.97,3.3400828460038987,20.47491288986355,3.736842105263158,0.21052631578947367,0.15789473684210525,0.16313050336138246,carrier_lane_capacity_review,10
449,8b321bb669392f5163d04c59e235e066,SP,GO,19,371.3,3,49.2,2.0380847953216374,15.675014619883042,3.8947368421052633,0.21052631578947367,0.15789473684210525,0.13002123728397802,carrier_lane_capacity_review,10
450,634964b17796e64304cadf1ad3050fb7,RJ,PR,20,4491.8,3,847.9,3.182644097222222,14.961121527777777,3.3,0.4,0.15,0.21272764152828522,carrier_lane_capacity_review,10
451,955fee9216a65b617aa5c0531780ce60,SP,CE,20,4118.49,3,629.9,1.8503680555555555,22.950250578703702,3.8,0.25,0.15,0.08062517876264816,carrier_lane_capacity_review,10
452,955fee9216a65b617aa5c0531780ce60,SP,ES,20,2438.9,3,804.0,1.4703067129629628,13.323520254629631,4.1,0.15,0.15,0.11035422207220824,carrier_lane_capacity_review,10
453,66922902710d126a0e7d26b0e3805106,MG,RJ,20,1935.8,3,295.0,2.7868472222222223,13.554859953703703,4.15,0.15,0.15,0.20559764038438108,carrier_lane_capacity_review,10
454,3d871de0142ce09b7081e2b9d1733cb1,SP,GO,20,1870.0,3,247.0,3.3401765046296297,18.892708333333335,3.8,0.2,0.15,0.17679712435598194,carrier_lane_capacity_review,10
455,54a1852d1b8f10312c55e906355666ee,SP,MG,20,1607.8,3,167.97,1.3007934027777777,9.713366898148148,4.35,0.1,0.15,0.1339178697168099,carrier_lane_capacity_review,10
456,85d9eb9ddc5d00ca9336a2219c97bb13,MG,SC,20,619.42,3,102.69999999999999,8.321045717592593,21.138283564814817,3.95,0.2,0.15,0.39364812625766715,seller_dispatch_sla_review,10
457,850f4f8af5ea87287ac68de36e29107f,SP,RJ,21,4321.59,3,707.99,0.9362279541446209,13.737510471781304,3.9047619047619047,0.19047619047619047,0.14285714285714285,0.0681512094980935,carrier_lane_capacity_review,10
458,e5a38146df062edaf55c38afa99e42dc,SP,RJ,21,2119.13,3,308.26,2.605589175485009,13.659408068783069,4.238095238095238,0.047619047619047616,0.14285714285714285,0.1907541792707525,carrier_lane_capacity_review,10
459,06a2c3af7b3aee5d69171b0e14f0ee87,MA,PE,21,1895.78,3,353.96999999999997,3.4516848544973544,15.397517085537919,4.05,0.15,0.14285714285714285,0.22417152293595058,carrier_lane_capacity_review,10
460,cfb1a033743668a192316f3c6d1d2671,SP,MG,21,1872.7,3,396.0,3.9204585537918875,13.495511463844796,4.095238095238095,0.09523809523809523,0.14285714285714285,0.29050092427360075,carrier_lane_capacity_review,10
461,7008613ea464bad5cb9b83456e1e6a8f,SC,RJ,21,1229.7,3,117.0,2.0325512566137567,15.835610670194004,4.35,0.1,0.14285714285714285,0.12835319704086004,carrier_lane_capacity_review,10
462,8444e55c1f13cd5c179851e5ca5ebd00,MG,MG,22,6503.99,3,1367.9,12.485361952861952,21.929714330808082,3.3181818181818183,0.36363636363636365,0.13636363636363635,0.5693353668233526,seller_dispatch_sla_review,10
463,850f4f8af5ea87287ac68de36e29107f,SP,MG,22,6496.54,3,257.0,1.474686973905724,10.79359901094276,4.238095238095238,0.047619047619047616,0.13636363636363635,0.13662606628342017,carrier_lane_capacity_review,10
464,1025f0e2d44d7041d6cf58b6550e0bfa,SP,ES,22,4237.3,3,471.8,3.665845433501683,14.304770622895624,4.095238095238095,0.19047619047619047,0.13636363636363635,0.2562673341741169,carrier_lane_capacity_review,10
465,d1c281d3ae149232351cd8c8cc885f0d,SP,MG,22,2800.77,3,417.97,1.4062079124579123,13.369940551346803,4.0,0.18181818181818182,0.13636363636363635,0.1051768261090929,carrier_lane_capacity_review,10
466,4c498c7345e89aebad651544829beca0,SP,SP,22,2390.01,3,335.70000000000005,2.8992324284511786,5.524355008417508,4.181818181818182,0.09090909090909091,0.13636363636363635,0.524809217371728,seller_dispatch_sla_review,10
467,7040e82f899a04d1b434b795a43b4617,SP,MG,22,798.8,3,114.7,2.5064593855218855,14.684247685185186,3.772727272727273,0.22727272727272727,0.13636363636363635,0.17069035058913037,carrier_lane_capacity_review,10
468,c003204e1ab016dfa150abc119207b24,SP,RJ,23,3553.4,3,411.70000000000005,1.1056345611916263,14.078902475845412,4.043478260869565,0.13043478260869565,0.13043478260869565,0.07853130335184277,carrier_lane_capacity_review,10
469,7a67c85e85bb2ce8582c35f2203ad736,SP,DF,23,2248.58,3,177.97,1.3263838566827697,12.773569343800323,3.347826086956522,0.34782608695652173,0.13043478260869565,0.10383815368932355,carrier_lane_capacity_review,10
470,fa40cc5b934574b62717c68f3d678b6d,SP,RJ,23,1128.2,3,118.39,3.3851323470209342,13.847814009661835,4.260869565217392,0.08695652173913043,0.13043478260869565,0.24445247059637534,carrier_lane_capacity_review,10
471,f7ba60f8c3f99e7ee4042fdef03b70c4,SP,MG,24,8017.0,3,980.0,2.0730082947530866,10.866796874999999,4.208333333333333,0.125,0.125,0.19076534866702263,carrier_lane_capacity_review,10
472,3ab971ce71839580d2ae5b4e40fe8044,SP,SP,25,3670.6,3,343.0,1.6781569444444444,5.512857870370371,3.7083333333333335,0.25,0.12,0.30440780152594443,carrier_lane_capacity_review,10
473,86ccac0b835037332a596a33b6949ee1,SC,RJ,25,1825.16,3,255.09,2.332011111111111,13.828403240740741,3.8,0.2,0.12,0.16863921817383978,carrier_lane_capacity_review,10
474,16090f2ca825584b5a147ab24aa30c86,SP,PR,25,770.51,3,83.69999999999999,1.5942055555555554,10.651263425925926,4.48,0.08,0.12,0.1496729065657269,carrier_lane_capacity_review,10
475,1025f0e2d44d7041d6cf58b6550e0bfa,SP,BA,26,4962.22,3,511.99,3.6784067841880344,18.346615028490028,3.3461538461538463,0.34615384615384615,0.11538461538461539,0.20049512013392784,carrier_lane_capacity_review,10
476,fe2032dab1a61af8794248c8196565c9,SP,RJ,27,5707.2,3,659.7,1.6549322702331961,12.155405521262002,4.37037037037037,0.1111111111111111,0.1111111111111111,0.1361478452807206,carrier_lane_capacity_review,10
477,4869f7a5dfa277a7dca6462dcf3b52b2,SP,BA,27,5667.8,3,1207.9,1.8698388203017833,21.653291323731136,4.074074074074074,0.07407407407407407,0.1111111111111111,0.0863535613291507,carrier_lane_capacity_review,10
478,8e8a7ce9f2f970dc00e2acf6f6e199f6,RJ,SP,27,3756.0,3,559.0,2.0246326303155007,11.585669581618655,4.074074074074074,0.14814814814814814,0.1111111111111111,0.17475318245979493,carrier_lane_capacity_review,10
479,7aa4334be125fcdd2ba64b3180029f14,SP,MG,27,2045.75,3,222.85,5.0655062585733885,14.670591135116597,4.481481481481482,0.037037037037037035,0.1111111111111111,0.3452830367856291,carrier_lane_capacity_review,10
480,06579cb253ecd5a3a12a9e6eb6bf8f47,SP,SP,27,1885.5,3,196.70000000000002,1.5792794067215365,4.760109310699589,4.2592592592592595,0.1111111111111111,0.1111111111111111,0.3317737689703246,carrier_lane_capacity_review,10
481,d05ae8f7a5bd1d2a690a44cd079e4e27,RJ,SP,28,5134.0,3,551.0,2.3791501322751323,10.81182705026455,3.75,0.25,0.10714285714285714,0.22005070199646948,carrier_lane_capacity_review,10
482,391fc6631aebcf3004804e51b40bcf1e,SP,RS,28,2112.83,3,259.27,3.327655423280423,18.60762855489418,4.071428571428571,0.17857142857142858,0.10714285714285714,0.17883285951584535,carrier_lane_capacity_review,10
483,99eaacc9e6046db1c82b163c5f84869f,SP,SP,29,5473.6,3,687.9,3.122297653256705,11.02935464559387,4.0,0.20689655172413793,0.10344827586206896,0.2830897866271836,carrier_lane_capacity_review,10
484,6560211a19b47992c3666cc44a7e94c0,SP,MA,29,1862.0,3,182.0,0.8269763729246488,16.636583253512132,3.9655172413793105,0.13793103448275862,0.10344827586206896,0.04970830610606698,carrier_lane_capacity_review,10
485,ce248b21cb2adc36282ede306b7660e5,SC,SP,30,5677.29,3,686.79,1.7931018518518518,12.664009645061729,4.466666666666667,0.06666666666666667,0.1,0.14159037319993384,carrier_lane_capacity_review,10
486,77530e9772f57a62c906e1c21538ab82,PR,PR,30,4691.8,3,467.0,1.506142361111111,6.481435956790123,4.1,0.2,0.1,0.23237788217798197,carrier_lane_capacity_review,10
487,d673a59aac7a70d8b01e6902bf090a11,SP,SP,30,1753.04,3,94.55,1.4424579475308643,8.53410300925926,4.3,0.06666666666666667,0.1,0.16902279547901383,carrier_lane_capacity_review,10
488,5f1dc28029d2c244352a68107ec2b542,SP,SP,30,1568.4,3,179.5,3.6582820216049385,6.510858410493827,4.344827586206897,0.10344827586206896,0.1,0.5618739943274961,seller_dispatch_sla_review,10
489,ea8482cd71df3c1969d7b9473ff13abc,SP,ES,31,1083.3799999999999,3,100.97,2.744504181600956,15.41873730585424,4.103448275862069,0.10344827586206896,0.0967741935483871,0.17799798564302105,carrier_lane_capacity_review,10
490,ea8482cd71df3c1969d7b9473ff13abc,SP,PE,31,1025.95,3,83.97,2.2014340651135007,17.558090651135007,4.354838709677419,0.0967741935483871,0.0967741935483871,0.12538003754817117,carrier_lane_capacity_review,10
491,4869f7a5dfa277a7dca6462dcf3b52b2,SP,SC,32,6269.400000000001,3,603.9,2.2899247685185187,18.151665219907407,4.0625,0.125,0.09375,0.12615507948037175,carrier_lane_capacity_review,10
492,c8b0e2b0a7095e5d8219575d5e7e1181,SP,SP,32,4041.6800000000003,3,476.97,1.188138744212963,6.124238642939815,4.290322580645161,0.0967741935483871,0.09375,0.19400595134918214,carrier_lane_capacity_review,10
493,e9779976487b77c6d4ac45f75ec7afe9,SP,PR,32,2483.9700000000003,3,161.98000000000002,2.8670005063657404,15.24365162037037,4.161290322580645,0.0967741935483871,0.09375,0.18807832780267134,carrier_lane_capacity_review,10
494,688756f717c462a206ad854c5027a64a,SP,SP,32,2130.74,3,149.97,4.453649811921296,6.706830150462963,3.9375,0.15625,0.09375,0.6640469062145351,seller_dispatch_sla_review,10
495,116ccb1a1604bc88e4d234a8c23f33de,SP,SP,32,1176.8899999999999,3,54.0,1.1583054832175925,5.094457103587963,4.84375,0.0,0.09375,0.2273658330348512,carrier_lane_capacity_review,10
496,fd386aa7bed2af3c7035c65506c9b4a3,SP,SP,32,989.7,3,85.32,0.9505931712962963,3.1452184606481484,4.625,0.0625,0.09375,0.30223438631998983,carrier_lane_capacity_review,10
497,ef506c96320abeedfb894c34db06f478,SP,RJ,33,1044.4,3,105.88,2.728325266554433,13.919105990460158,3.9393939393939394,0.15151515151515152,0.09090909090909091,0.19601296724260636,carrier_lane_capacity_review,10
498,92eb0f42c21942b6552362b9b114707d,SP,MG,33,590.06,3,66.81,5.414866021324355,14.050129769921435,3.9393939393939394,0.15151515151515152,0.09090909090909091,0.38539615718827863,seller_dispatch_sla_review,10
499,aced59e9b31ef866a94f9e7f29d8d418,SP,SP,34,3871.2,3,257.0,2.444745029956427,6.675269948257081,4.529411764705882,0.029411764705882353,0.08823529411764706,0.3662391257442333,seller_dispatch_sla_review,10
500,f84a00e60c73a49e7e851c9bdca3a5bb,RJ,SP,34,2252.4,3,165.9,1.9674816176470586,10.078129765795207,3.9411764705882355,0.14705882352941177,0.08823529411764706,0.1952228898981453,carrier_lane_capacity_review,10
501,1bb2bdb95f4841f1bba2c0d2cd83d3c9,SP,SP,34,1979.83,3,297.88,5.723982502723311,8.409077478213508,4.705882352941177,0.029411764705882353,0.08823529411764706,0.6806908983242429,seller_dispatch_sla_review,10
502,8b321bb669392f5163d04c59e235e066,SP,SC,34,615.34,3,55.4,2.0338027641612197,14.271455610021787,3.735294117647059,0.23529411764705882,0.08823529411764706,0.142508432197556,carrier_lane_capacity_review,10
503,4e922959ae960d389249c378d1c939f5,SP,RS,36,3810.1,3,271.0,2.8556021733539096,16.167665895061727,3.6666666666666665,0.2777777777777778,0.08333333333333333,0.17662426919807445,carrier_lane_capacity_review,10
504,aaed1309374718fdd995ee4c58c9dfcd,SC,SP,36,3256.3,3,295.0,1.551821952160494,11.041512345679013,4.0,0.16666666666666666,0.08333333333333333,0.1405443297600246,carrier_lane_capacity_review,10
505,8f119a0aee85c0c8fc534629734e94fd,SP,SP,36,1798.61,3,128.89,3.518098636831276,6.791279899691358,3.9722222222222223,0.1111111111111111,0.08333333333333333,0.5180317537775408,seller_dispatch_sla_review,10
506,a1043bafd471dff536d0c462352beb48,MG,PR,37,5234.83,3,299.98,1.5919979354354354,14.443008946446446,4.297297297297297,0.05405405405405406,0.08108108108108109,0.11022619603286546,carrier_lane_capacity_review,10
507,001cca7ae9ae17fb1caed9dfb1094831,ES,RJ,37,5046.89,3,313.0,2.1296584084084085,12.049380943443444,3.864864864864865,0.1891891891891892,0.08108108108108109,0.17674421768258908,carrier_lane_capacity_review,10
508,de722cd6dad950a92b7d4f82673f8833,PE,RJ,38,7521.0,3,449.70000000000005,1.8688386330409357,13.954152351364524,3.972972972972973,0.16216216216216217,0.07894736842105263,0.13392706242441083,carrier_lane_capacity_review,10
509,7c67e1448b00f6e969d365cea6b010ab,SP,PR,39,9853.26,3,769.91,12.009469669990503,21.64568880579297,3.58974358974359,0.20512820512820512,0.07692307692307693,0.5548203976200768,seller_dispatch_sla_review,10
510,701938c450705b8ae65fc923b70f35c7,SP,SP,39,6747.36,3,427.88,2.8388476377018046,10.902154558404558,3.8684210526315788,0.15789473684210525,0.07692307692307693,0.26039326653219336,carrier_lane_capacity_review,10
511,f27e33c6d29b5138fa9967bcd445b6d5,SP,SP,40,3178.0,3,189.70000000000002,3.1412306134259262,6.894286168981482,4.2,0.15,0.075,0.45562811528753117,seller_dispatch_sla_review,10
512,48436dade18ac8b2bce089ec2a041202,SP,SP,40,3167.93,3,194.20000000000002,3.6444725115740737,14.649930266203702,4.35,0.075,0.075,0.24877063885973577,carrier_lane_capacity_review,10
513,edb1ef5e36e0c8cd84eb3c9b003e486d,RJ,SP,41,25448.65,3,1728.95,1.1229575993676602,10.35000733965673,4.414634146341464,0.0975609756097561,0.07317073170731707,0.10849824183843569,carrier_lane_capacity_review,10
514,87142160b41353c4e5fca2360caf6f92,RS,RJ,41,4197.2,3,182.9,2.178700598464318,11.23125,4.6,0.025,0.07317073170731707,0.19398558472692873,carrier_lane_capacity_review,10
515,900ba814c251a692506d7834c1218441,SP,SP,42,13168.18,3,1102.52,3.1444064153439153,6.707478229717814,4.333333333333333,0.047619047619047616,0.07142857142857142,0.4687911473812121,seller_dispatch_sla_review,10
516,827f8f69dfa529c561901c4f2e0f332f,PR,SP,42,1447.6,3,89.69999999999999,5.681638833774251,11.964219301146384,4.451219512195122,0.07317073170731707,0.07142857142857142,0.4748858818752887,seller_dispatch_sla_review,10
517,8b321bb669392f5163d04c59e235e066,SP,RS,43,861.29,3,39.95,1.6348161606373814,14.174009474590871,3.9069767441860463,0.18604651162790697,0.06976744186046512,0.11533900577448075,carrier_lane_capacity_review,10
518,77530e9772f57a62c906e1c21538ab82,PR,MG,44,6622.1,3,295.0,1.9413368055555558,14.523915193602694,4.090909090909091,0.1590909090909091,0.06818181818181818,0.1336648403462622,carrier_lane_capacity_review,10
519,e9779976487b77c6d4ac45f75ec7afe9,SP,MG,45,2921.79,3,122.36,2.5834786522633744,10.71905401234568,4.444444444444445,0.06666666666666667,0.06666666666666667,0.24101741154469886,carrier_lane_capacity_review,10
520,f3da5b2ff499efb8d4a6d371d175d7dd,SP,SP,45,1992.04,3,267.06,1.9629637345679012,5.314208333333333,4.2727272727272725,0.09090909090909091,0.06666666666666667,0.3693802748106854,seller_dispatch_sla_review,10
521,cd68562d3f44870c08922d380acae552,SP,SP,46,7304.1,3,313.0,2.9103255837359097,9.709241394927536,4.021739130434782,0.15217391304347827,0.06521739130434782,0.2997479890917503,carrier_lane_capacity_review,10
522,537eb890efff034a88679788b647c564,RJ,RJ,47,1444.8999999999999,3,98.6,1.367992513790386,4.44974438534279,4.361702127659575,0.06382978723404255,0.06382978723404255,0.30743170737997383,carrier_lane_capacity_review,10
523,1a3df491d1c4f1589fc2b934ada68bf2,SC,SP,48,6146.8,3,448.70000000000005,3.4893224344135803,13.555353973765433,4.3125,0.08333333333333333,0.0625,0.25741285997892016,carrier_lane_capacity_review,10
524,537eb890efff034a88679788b647c564,RJ,SP,48,1429.8,3,73.69999999999999,1.3947171585648148,8.451917197145063,4.3125,0.08333333333333333,0.0625,0.1650178445945886,carrier_lane_capacity_review,10
525,897060da8b9a21f655304d50fd935913,SP,MG,49,2822.99,3,140.51,2.787880054799698,14.123640873015873,3.6122448979591835,0.24489795918367346,0.061224489795918366,0.19739103251528597,carrier_lane_capacity_review,10
526,7008613ea464bad5cb9b83456e1e6a8f,SC,SP,50,3080.6,3,117.0,2.7128921296296293,13.562468287037037,4.3,0.08,0.06,0.20002938050904812,carrier_lane_capacity_review,10
527,0adac9fbd9a2b63cccaac4f8756c1ca8,SP,SP,51,8382.48,3,189.4,3.1536803286129262,9.483403231663036,3.9607843137254903,0.17647058823529413,0.058823529411764705,0.33254731994137593,carrier_lane_capacity_review,10
528,85d9eb9ddc5d00ca9336a2219c97bb13,MG,RJ,52,1512.8999999999999,3,95.69999999999999,6.776959579772081,14.372235799501425,4.269230769230769,0.07692307692307693,0.057692307692307696,0.47153133822137644,seller_dispatch_sla_review,10
529,f84fa566034f5e8e880a07ec624c56af,SP,SP,53,2880.75,3,142.95,3.644536381900769,6.9767308700209645,4.566037735849057,0.03773584905660377,0.05660377358490566,0.5223845451114294,seller_dispatch_sla_review,10
530,c33847515fa6305ce6feb1e818569f13,SC,SP,56,7371.39,3,456.0,1.3451204943783068,7.810325727513228,3.767857142857143,0.25,0.05357142857142857,0.17222335422450902,carrier_lane_capacity_review,10
531,a3e9a2c700480d9bb01fba070ba80a0e,SP,SP,57,6064.9,3,371.0,2.055855466211826,9.355577282326186,4.4375,0.07142857142857142,0.05263157894736842,0.2197465110031836,carrier_lane_capacity_review,10
532,cc419e0650a3c5ba77189a1882b7556a,SP,DF,57,4035.4,3,311.96,2.4796554174788823,12.26437134502924,4.06140350877193,0.14035087719298245,0.05263157894736842,0.20218365440181235,carrier_lane_capacity_review,10
533,17a053fcb14bd219540cbde0df490be0,SP,SP,65,20074.8,3,1309.6,2.797408475783476,6.094693732193733,4.28125,0.078125,0.046153846153846156,0.4589908203273363,seller_dispatch_sla_review,10
534,7d76b645482be4a332374e8223836592,SP,SP,65,1478.51,3,49.699999999999996,3.281219373219373,7.775119836182336,4.15625,0.125,0.046153846153846156,0.4220152798095631,seller_dispatch_sla_review,10
535,6560211a19b47992c3666cc44a7e94c0,SP,RS,66,4132.0,3,159.0,1.2955031214927049,12.043960963804714,4.015384615384615,0.13846153846153847,0.045454545454545456,0.10756454005339557,carrier_lane_capacity_review,10
536,ceaec5548eefc6e23e6607c5435102e7,SP,SP,67,20121.65,3,745.0,3.0204411967938087,7.2600779090657825,4.2272727272727275,0.12121212121212122,0.04477611940298507,0.4160342677620763,seller_dispatch_sla_review,10
537,669ae81880e08f269a64487cfb287169,SC,SP,67,5569.63,3,245.0,1.2257813363736871,10.396697070204533,4.181818181818182,0.13636363636363635,0.04477611940298507,0.1179010341550302,carrier_lane_capacity_review,10
538,1e8b33f18b4f7598d87f5cbee2282cc2,SP,SP,69,9964.41,3,414.70000000000005,1.4717409755770263,4.929201053408481,4.567164179104478,0.07462686567164178,0.043478260869565216,0.2985759679166131,carrier_lane_capacity_review,10
539,25c5c91f63607446a97b143d2d535d31,MG,SP,71,24073.07,3,474.78,4.5663393322900365,12.659010498174231,3.823943661971831,0.22535211267605634,0.04225352112676056,0.36071850425818236,seller_dispatch_sla_review,10
540,0c8380b62e38e8a1e6adbeba7eb9688c,MG,SP,71,6197.8,3,209.3,2.901791210224309,11.682763106416274,3.942857142857143,0.15714285714285714,0.04225352112676056,0.24838226914235897,carrier_lane_capacity_review,10
541,1f50f920176fa81dab994f9023523100,SP,PR,71,5664.9,3,228.7,3.31383607198748,14.235507140062598,4.323943661971831,0.11267605633802817,0.04225352112676056,0.2327866537793685,carrier_lane_capacity_review,10
542,cc419e0650a3c5ba77189a1882b7556a,SP,RS,85,5250.04,3,231.97,2.208550517429194,13.671540032679738,4.317647058823529,0.11764705882352941,0.03529411764705882,0.16154365288401962,carrier_lane_capacity_review,10
543,de722cd6dad950a92b7d4f82673f8833,PE,SP,87,13478.9,3,449.70000000000005,1.6334658365261814,11.46426245210728,4.413793103448276,0.08045977011494253,0.034482758620689655,0.14248329042972402,carrier_lane_capacity_review,10
544,3c7c4a49ec3c6550809089c6a2ca9370,SP,SP,91,2647.9500000000003,3,64.69,1.8915233262108262,5.833026683964184,3.912087912087912,0.21978021978021978,0.03296703296703297,0.32427818844218415,carrier_lane_capacity_review,10
545,dc4a0fc896dc34b0d5bfec8438291c80,SP,SP,98,10404.9,3,501.13,3.6715576577853364,10.153921367157974,3.9183673469387754,0.17346938775510204,0.030612244897959183,0.3615901211979727,seller_dispatch_sla_review,10
546,7a67c85e85bb2ce8582c35f2203ad736,SP,RS,108,13610.73,3,434.78,1.6174068715706449,11.859395040294926,4.453703703703703,0.027777777777777776,0.027777777777777776,0.13638190363632768,carrier_lane_capacity_review,10
547,f262cbc1c910c83959f849465454ddd3,SP,SP,116,6220.12,3,214.97000000000003,1.2275044899425287,4.665806693007663,4.258620689655173,0.12931034482758622,0.02586206896551724,0.26308515776748936,carrier_lane_capacity_review,10
548,9b013e03b2ab786505a1d3b5c0756754,SP,SP,119,5758.68,3,315.0,2.1058722377840025,5.636549369747899,4.254237288135593,0.11016949152542373,0.025210084033613446,0.3736101823371752,seller_dispatch_sla_review,10
549,4b9750c8ad28220fe6702d4ecb7c898f,SP,SP,120,8072.95,3,147.7,1.7305516975308641,4.610507619598765,4.55,0.03333333333333333,0.025,0.3753494930090729,seller_dispatch_sla_review,10
550,46dc3b2cc0980fb8ec44634e21d2718e,RJ,RJ,123,32513.73,3,1049.97,2.8767200203252035,6.572824638663054,4.4033613445378155,0.09243697478991597,0.024390243902439025,0.43766876167722363,seller_dispatch_sla_review,10
551,7ddcbb64b5bc1ef36ca8c151f6ec77df,SP,SP,123,17953.760000000002,3,316.97,1.896079211833785,6.2208803824149355,4.256198347107438,0.09917355371900827,0.024390243902439025,0.30479274560455866,carrier_lane_capacity_review,10
552,4d6d651bd7684af3fffabd5f08d12e5a,SP,SP,164,18849.5,3,291.8,3.3301833502710023,9.009215644760614,4.337423312883436,0.07975460122699386,0.018292682926829267,0.36964187356395434,seller_dispatch_sla_review,10
553,a1043bafd471dff536d0c462352beb48,MG,MG,187,26517.12,3,398.99,1.6424234997029115,8.68846665181224,4.524064171122995,0.0481283422459893,0.016042780748663103,0.1890349086349241,carrier_lane_capacity_review,10
554,6560211a19b47992c3666cc44a7e94c0,SP,MG,199,14275.96,3,285.0,1.2145904871580124,8.935063221198586,4.060913705583756,0.1218274111675127,0.01507537688442211,0.13593529861953033,carrier_lane_capacity_review,10
555,6e386f64c84e482f0b9abf960797ee1b,SP,SP,10,3855.6,2,986.4,0.7100601851851852,4.71712962962963,4.777777777777778,0.0,0.2,0.15052802041417213,carrier_lane_capacity_review,10
556,17e34d8224d27a541263c4c64b11a56b,SP,SC,10,3747.63,2,376.51000000000005,2.7085659722222224,16.25156134259259,3.888888888888889,0.2222222222222222,0.2,0.16666496929889005,carrier_lane_capacity_review,10
557,5b8154610ebb21fb90eb587365e673df,SP,RJ,10,3285.4,2,654.98,1.8429050925925927,17.45671875,3.9,0.2,0.2,0.10556995956600336,carrier_lane_capacity_review,10
558,612170e34b97004b3ba37eae81836b4c,RS,RJ,10,2629.2,2,353.8,4.580443287037037,12.317246527777778,4.0,0.1,0.2,0.37187233986973056,seller_dispatch_sla_review,10
559,d650b663c3b5f6fb392b6326366efa9a,SP,RJ,10,2608.9,2,548.0,1.1671087962962963,16.112403935185185,3.8,0.1,0.2,0.0724354231057752,carrier_lane_capacity_review,10
560,4aba391bc3b88717ce08eb11e44937b2,BA,RJ,10,2106.9,2,458.0,1.2428599537037037,19.55525462962963,3.9,0.2,0.2,0.0635563165626365,carrier_lane_capacity_review,10
561,cd68562d3f44870c08922d380acae552,SP,RS,10,1984.0,2,1160.0,3.0819710648148146,25.24746875,4.0,0.2,0.2,0.12207049725786133,carrier_lane_capacity_review,10
562,7ad32824caee82087b3e2e5f33b1bf32,SP,PR,10,1939.4,2,498.0,1.846383101851852,12.339068287037037,3.9,0.1,0.2,0.14963715727155777,carrier_lane_capacity_review,10
563,218d46b86c1881d022bce9c68a7d4b15,SP,BA,10,1638.69,2,163.61,1.232025462962963,22.479697916666666,4.5,0.1,0.2,0.05480613963453341,carrier_lane_capacity_review,10
564,59fb871bf6f4522a87ba567b42dafecf,SP,BA,10,1629.9,2,439.98,1.2208055555555555,18.301871527777777,3.7,0.2,0.2,0.06670386433992122,carrier_lane_capacity_review,10
565,1e8b33f18b4f7598d87f5cbee2282cc2,SP,RS,10,1559.49,2,268.89,1.2164537037037035,15.210162037037037,3.6,0.3,0.2,0.07997638031347827,carrier_lane_capacity_review,10
566,4e17c65a516f69d023a2ae78b84f28d6,SP,RJ,10,1452.2,2,228.4,8.066298611111112,21.083045138888888,3.4,0.4,0.2,0.3825964682982327,seller_dispatch_sla_review,10
567,5f2684dab12e59f83bef73ae57724e45,SP,RJ,10,1333.0,2,319.8,1.3348194444444443,18.112137731481482,2.9,0.5,0.2,0.0736975096056352,carrier_lane_capacity_review,10
568,2e90cb1677d35cfe24eef47d441b7c87,SP,RS,10,1268.3,2,201.8,1.9737662037037036,15.322359953703705,3.4,0.3,0.2,0.12881607074023912,carrier_lane_capacity_review,10
569,955fee9216a65b617aa5c0531780ce60,SP,PA,10,1258.49,2,129.9,1.6048101851851855,21.915415509259258,3.9,0.2,0.2,0.07322745874962551,carrier_lane_capacity_review,10
570,c3867b4666c7d76867627c2f7fb22e21,SP,BA,10,1221.9,2,193.0,1.9954421296296296,23.224863425925925,3.8,0.2,0.2,0.08591835796985212,carrier_lane_capacity_review,10
571,a420f60ff1aa9acc80d0e42959f2b313,SP,RJ,10,1188.0,2,268.0,1.1159409722222222,19.807309027777777,3.3,0.3,0.2,0.056339857708951085,carrier_lane_capacity_review,10
572,1f50f920176fa81dab994f9023523100,SP,PA,10,1110.2,2,323.4,2.984392361111111,25.94391087962963,4.111111111111111,0.2222222222222222,0.2,0.11503247813938357,carrier_lane_capacity_review,10
573,4a3ca9315b744ce9f8e9374361493884,SP,MS,10,1064.4,2,135.8,1.3868726851851854,16.910401620370372,3.85,0.2,0.2,0.08201299509732224,carrier_lane_capacity_review,10
574,70a12e78e608ac31179aea7f8422044b,SP,PE,10,976.0,2,278.0,2.9529212962962963,20.539644675925928,4.0,0.2,0.2,0.14376691237299502,carrier_lane_capacity_review,10
575,d91fb3b7d041e83b64a00a3edfb37e4f,SP,ES,10,849.36,2,117.9,1.9753055555555554,15.155746527777776,3.9,0.1,0.2,0.13033376824659698,carrier_lane_capacity_review,10
576,855668e0971d4dfd7bef1b6a4133b41b,SP,PR,10,748.98,2,211.99,3.360936342592592,15.2003125,3.7,0.3,0.2,0.22110968722469304,carrier_lane_capacity_review,10
577,56642bcb79900e777d68e91915cb4267,SP,RJ,10,724.0,2,116.0,1.616810185185185,16.38890162037037,3.4,0.2,0.2,0.09865274822173514,carrier_lane_capacity_review,10
578,1dfe5347016252a7884b694d4f10f5c4,SP,SP,10,723.0,2,120.0,2.3428368055555557,13.640973379629632,4.0,0.1,0.2,0.17174997270020084,carrier_lane_capacity_review,10
579,1f50f920176fa81dab994f9023523100,SP,SE,10,704.9,2,167.7,4.697626157407408,24.240537037037036,3.7,0.2,0.2,0.19379216517480286,carrier_lane_capacity_review,10
580,2646baaf662d4d92ac48f047e35db92d,SP,SP,10,678.2,2,80.2,1.3778194444444445,4.682590277777778,4.2,0.2,0.2,0.2942430071200502,carrier_lane_capacity_review,10
581,1f50f920176fa81dab994f9023523100,SP,MA,10,663.2,2,108.9,3.146505787037037,23.030334490740742,2.6,0.6,0.2,0.13662440674937126,carrier_lane_capacity_review,10
582,2c9e548be18521d1c43cde1c582c6de8,SP,SC,10,605.3,2,159.5,2.2453993055555554,17.14293055555556,4.1,0.2,0.2,0.13098106524312336,carrier_lane_capacity_review,10
583,1900267e848ceeba8fa32d80c1a5f5a8,SP,DF,10,603.75,2,226.9,2.2718831018518517,15.66903935185185,4.2,0.2,0.2,0.14499185628654054,carrier_lane_capacity_review,10
584,4c2b230173bb36f9b240f2b8ac11786e,SP,RS,10,543.6999999999999,2,71.8,4.744798611111111,17.18576736111111,3.4,0.4,0.2,0.2760888420873135,carrier_lane_capacity_review,10
585,8bb48dc19fccaa8613b6229bf7f452a2,SP,RJ,10,499.79,2,62.4,2.019971064814815,16.605324074074076,4.4,0.1,0.2,0.12164598870844077,carrier_lane_capacity_review,10
586,1da3aeb70d7989d1e6d9b0e887f97c23,SP,PR,10,441.90000000000003,2,149.98,1.4726643518518518,15.654449074074074,3.4,0.3,0.2,0.0940732148977882,carrier_lane_capacity_review,10
587,b2479f944e1b90cf8a5de1bbfde284d6,SP,RJ,10,411.89,2,64.97999999999999,2.5658414351851855,18.35046527777778,3.6,0.3,0.2,0.13982432577839823,carrier_lane_capacity_review,10
588,2953ce3a88f5e3c3b696d77fc9e4c8eb,SP,SP,10,320.0,2,75.0,2.1717511574074075,5.290233796296297,5.0,0.0,0.2,0.4105208278182062,seller_dispatch_sla_review,10
589,562fc2f2c2863ab7e79a9e4388a58a14,SP,ES,10,319.9,2,59.98,1.8375590277777778,15.750466435185185,3.3,0.2,0.2,0.11666695937796669,carrier_lane_capacity_review,10
590,8b321bb669392f5163d04c59e235e066,SP,MT,10,226.2,2,30.45,2.147508101851852,19.88441087962963,3.4,0.4,0.2,0.10799958393798045,carrier_lane_capacity_review,10
591,ccc4bbb5f32a6ab2b7066a4130f114e3,PR,AL,11,5130.55,2,734.0,2.6393160774410775,26.559795875420875,4.181818181818182,0.18181818181818182,0.18181818181818182,0.09937260398464015,carrier_lane_capacity_review,10
592,05f51e13da97139648b8125c31e5f51b,MG,MG,11,3360.0699999999997,2,595.8,4.2865382996633,8.780819654882155,4.0,0.18181818181818182,0.18181818181818182,0.4881706341935829,seller_dispatch_sla_review,10
593,ceaec5548eefc6e23e6607c5435102e7,SP,PE,11,2364.92,2,419.98,2.2629040404040404,19.84976851851852,4.2,0.1,0.18181818181818182,0.11400153297973731,carrier_lane_capacity_review,10
594,2eb70248d66e0e3ef83659f71b244378,SP,PR,11,2360.3199999999997,2,844.8,9.161699284511784,17.9499515993266,2.4545454545454546,0.5454545454545454,0.18181818181818182,0.5104024506035709,seller_dispatch_sla_review,10
595,7c67e1448b00f6e969d365cea6b010ab,SP,MT,11,2125.25,2,360.87,10.740174663299662,29.485555555555553,3.3636363636363638,0.2727272727272727,0.18181818181818182,0.3642520705795567,seller_dispatch_sla_review,10
596,4869f7a5dfa277a7dca6462dcf3b52b2,SP,MS,11,2111.0,2,393.9,2.221440446127946,19.27508207070707,3.909090909090909,0.09090909090909091,0.18181818181818182,0.11524933787461983,carrier_lane_capacity_review,10
597,09f952a5f58d2285b0372551ae8f9b01,SP,SP,11,2062.98,2,264.0,2.3882207491582492,12.289087752525251,4.0,0.18181818181818182,0.18181818181818182,0.19433669913110518,carrier_lane_capacity_review,10
598,7ad32824caee82087b3e2e5f33b1bf32,SP,MG,11,1512.9,2,173.0,0.983280723905724,10.342022306397306,3.8181818181818183,0.18181818181818182,0.18181818181818182,0.09507625247505917,carrier_lane_capacity_review,10
599,adbc26658d6c7b4b6219f9d934598091,PR,PR,11,1396.6,2,278.0,3.0299779040404045,10.349654882154882,4.363636363636363,0.0,0.18181818181818182,0.2927612503548078,carrier_lane_capacity_review,10
600,431af27f296bc6519d890aa5a05fdb11,SP,MG,11,1296.9,2,283.8,4.793677398989899,17.266325757575757,3.6363636363636362,0.2727272727272727,0.18181818181818182,0.2776315856827055,carrier_lane_capacity_review,10
601,8160255418d5aaa7dbdc9f4c64ebda44,SP,BA,11,1216.9,2,232.8,2.543395412457912,19.301816077441075,3.3636363636363638,0.2727272727272727,0.18181818181818182,0.13176974654890097,carrier_lane_capacity_review,10
602,b4a476fbd28de64b1e347abf9089366a,SP,SP,11,1169.65,2,288.25,3.383593223905724,9.447474747474747,4.0,0.09090909090909091,0.18181818181818182,0.3581478981788375,seller_dispatch_sla_review,10
603,6fd52c528dcb38be2eea044946b811f8,SP,RJ,11,1151.9499999999998,2,188.56,12.023285984848485,23.130728114478114,3.5454545454545454,0.2727272727272727,0.18181818181818182,0.5197971255095426,seller_dispatch_sla_review,10
604,8b28d096634035667e8263d57ba3368c,SP,MG,11,1150.79,2,54.79,2.3670401936026937,14.98431818181818,3.727272727272727,0.18181818181818182,0.18181818181818182,0.15796782775707716,carrier_lane_capacity_review,10
605,323ce52b5b81df2cd804b017b7f09aa7,SP,SP,11,970.0,2,199.8,3.746027988215488,11.155749158249158,4.545454545454546,0.0,0.18181818181818182,0.3357934940160854,carrier_lane_capacity_review,10
606,670c26e0f1bf8d0576271d5cfaec6d2b,PR,RJ,11,945.1,2,154.8,1.3329829545454546,21.52299031986532,4.0,0.18181818181818182,0.18181818181818182,0.06193298118594311,carrier_lane_capacity_review,10
607,ececbfcff9804a2d6b40f589df8eef2b,SP,RJ,11,866.41,2,114.48,0.9099705387205387,16.274632786195287,4.0,0.09090909090909091,0.18181818181818182,0.055913429855843355,carrier_lane_capacity_review,10
608,8648b1e89e9b349e32d3741b30ec737e,SP,RJ,11,725.2,2,140.0,0.7557912457912458,17.126807659932663,3.8181818181818183,0.18181818181818182,0.18181818181818182,0.04412913724484586,carrier_lane_capacity_review,10
609,318f287a62ab7ac10b703ac37435a231,SP,MG,11,704.0,2,78.0,4.3236773989899,12.448550084175084,4.090909090909091,0.18181818181818182,0.18181818181818182,0.3473237742350629,carrier_lane_capacity_review,10
610,5a413ade68e8f8d93071a7f52a64cb9e,SP,SP,11,613.9,2,104.9,0.4990730218855219,2.846021675084175,4.545454545454546,0.09090909090909091,0.18181818181818182,0.17535812402790682,carrier_lane_capacity_review,10
611,53e4c6e0f4312d4d2107a8c9cddf45cd,SP,SC,11,603.3,2,169.94,4.998339646464647,18.548517466329965,4.545454545454546,0.0,0.18181818181818182,0.26947380865008963,carrier_lane_capacity_review,10
612,f84a00e60c73a49e7e851c9bdca3a5bb,RJ,MG,11,575.25,2,79.7,2.1256660353535355,14.569867424242425,4.0,0.09090909090909091,0.18181818181818182,0.14589467243996296,carrier_lane_capacity_review,10
613,7e3f87d16fb353f408d467e74fbd8014,SP,MG,11,568.48,2,131.8,1.5202693602693602,10.353011363636362,4.545454545454546,0.09090909090909091,0.18181818181818182,0.14684320405646548,carrier_lane_capacity_review,10
614,897060da8b9a21f655304d50fd935913,SP,BA,11,466.87,2,92.9,2.016299452861953,16.31587857744108,4.454545454545454,0.0,0.18181818181818182,0.12357896899586891,carrier_lane_capacity_review,10
615,d2374cbcbb3ca4ab1086534108cc3ab7,SP,ES,11,368.79999999999995,2,44.8,3.2808459595959594,19.54926557239057,3.0454545454545454,0.45454545454545453,0.18181818181818182,0.16782451225326328,carrier_lane_capacity_review,10
616,85d9eb9ddc5d00ca9336a2219c97bb13,MG,MA,11,324.32,2,54.22,4.999244528619529,21.472806186868688,4.181818181818182,0.09090909090909091,0.18181818181818182,0.23281747551359763,carrier_lane_capacity_review,10
617,5dceca129747e92ff8ef7a997dc4f8ca,SP,BA,12,5188.28,2,1199.8899999999999,1.8461766975308642,20.115722415123457,3.4166666666666665,0.3333333333333333,0.16666666666666666,0.09177779745771729,carrier_lane_capacity_review,10
618,17a053fcb14bd219540cbde0df490be0,SP,MG,12,5007.3,2,479.79999999999995,4.252106481481482,16.258079668209877,3.75,0.25,0.16666666666666666,0.2615380517414863,carrier_lane_capacity_review,10
619,ccc4bbb5f32a6ab2b7066a4130f114e3,PR,PE,12,4919.3,2,699.8,3.0911255787037035,15.565225694444445,4.363636363636363,0.09090909090909091,0.16666666666666666,0.19859176085104832,carrier_lane_capacity_review,10
620,f7ba60f8c3f99e7ee4042fdef03b70c4,SP,PE,12,3616.0,2,346.0,1.8196286651234566,15.274651813271605,4.416666666666667,0.08333333333333333,0.16666666666666666,0.11912734164862897,carrier_lane_capacity_review,10
621,7ddcbb64b5bc1ef36ca8c151f6ec77df,SP,PE,12,3520.88,2,1171.98,1.6277932098765433,18.75761477623457,4.333333333333333,0.0,0.16666666666666666,0.08678039448485299,carrier_lane_capacity_review,10
622,1025f0e2d44d7041d6cf58b6550e0bfa,SP,MS,12,1837.4,2,500.0,4.019800347222222,16.375396412037038,3.5833333333333335,0.3333333333333333,0.16666666666666666,0.24547804804697082,carrier_lane_capacity_review,10
623,a416b6a846a11724393025641d4edd5e,SP,BA,12,1700.29,2,162.8,3.5677208719135804,19.654152199074073,3.4166666666666665,0.3333333333333333,0.16666666666666666,0.18152504548538398,carrier_lane_capacity_review,10
624,897060da8b9a21f655304d50fd935913,SP,PR,12,1571.1,2,84.9,2.9526417824074076,14.950898919753087,3.909090909090909,0.2727272727272727,0.16666666666666666,0.1974892478542802,carrier_lane_capacity_review,10
625,bd23da7354813347129d751591d1a6e2,SP,RJ,12,1456.9,2,369.79999999999995,1.7696614583333332,13.623422067901236,4.083333333333333,0.16666666666666666,0.16666666666666666,0.129898453524604,carrier_lane_capacity_review,10
626,634964b17796e64304cadf1ad3050fb7,RJ,RS,12,1226.8,2,245.0,2.9798302469135804,15.77146412037037,4.166666666666667,0.16666666666666666,0.16666666666666666,0.18893808616441907,carrier_lane_capacity_review,10
627,6d66611d7c44cc30ce351abc49a68421,SP,RJ,12,1124.7,2,513.8,3.9729938271604937,19.451185378086418,3.9,0.2,0.16666666666666666,0.20425458654239362,carrier_lane_capacity_review,10
628,a36b125ac6d5fdbc7f50de85c9157bdc,SP,SP,12,1068.8600000000001,2,74.97999999999999,3.218664158950617,11.479235146604937,3.6666666666666665,0.25,0.16666666666666666,0.2803901233700713,carrier_lane_capacity_review,10
629,ad420dd0c4f92f8af951ac24b86d0cf5,MG,RJ,12,1012.4300000000001,2,209.99,1.6855488040123456,18.18473186728395,4.0,0.18181818181818182,0.16666666666666666,0.09269033034492012,carrier_lane_capacity_review,10
630,dbd66278cbfe1aa1000f90a217ca4695,SP,RJ,12,817.3,2,127.5,1.0262249228395062,12.811586612654322,4.333333333333333,0.08333333333333333,0.16666666666666666,0.08010131405784497,carrier_lane_capacity_review,10
631,f8db351d8c4c4c22c6835c19a46f01b0,SP,ES,12,768.5,2,240.6,0.8607937885802469,14.43833526234568,4.083333333333333,0.08333333333333333,0.16666666666666666,0.05961863143773548,carrier_lane_capacity_review,10
632,dd7ddc04e1b6c2c614352b383efe2d36,SP,MG,12,654.69,2,63.699999999999996,5.227393904320988,14.086846064814814,4.083333333333333,0.16666666666666666,0.16666666666666666,0.37108334117298436,seller_dispatch_sla_review,10
633,cc419e0650a3c5ba77189a1882b7556a,SP,MS,12,611.85,2,80.98,2.2997337962962963,16.419472415123455,3.3333333333333335,0.3333333333333333,0.16666666666666666,0.14006136970503902,carrier_lane_capacity_review,10
634,d2374cbcbb3ca4ab1086534108cc3ab7,SP,BA,12,421.3,2,61.8,3.2944319058641973,19.66697048611111,3.1666666666666665,0.3333333333333333,0.16666666666666666,0.16751089895572566,carrier_lane_capacity_review,10
635,6d988d6174a2c27441597174f8905515,PR,SP,12,216.44,2,37.9,13.592997685185184,20.015969328703704,3.9166666666666665,0.25,0.16666666666666666,0.6791076396031582,seller_dispatch_sla_review,10
636,610f72e407cdd7caaa2f8167b0163fd8,SP,SP,13,10314.16,2,2706.5299999999997,8.141031873219374,10.49670227920228,3.769230769230769,0.3076923076923077,0.15384615384615385,0.7755799542252112,seller_dispatch_sla_review,10
637,7d13fca15225358621be4086e1eb0964,SP,PE,13,3402.24,2,633.0,2.992279202279202,20.57057781339031,3.076923076923077,0.38461538461538464,0.15384615384615385,0.14546403263069224,carrier_lane_capacity_review,10
638,fe2032dab1a61af8794248c8196565c9,SP,CE,13,3160.3,2,429.0,1.4506668447293447,17.64738514957265,4.538461538461538,0.07692307692307693,0.15384615384615385,0.0822029344536901,carrier_lane_capacity_review,10
639,c8b0e2b0a7095e5d8219575d5e7e1181,SP,RJ,13,2077.89,2,188.99,0.5771946225071225,12.908433048433048,3.8461538461538463,0.23076923076923078,0.15384615384615385,0.04471453818921794,carrier_lane_capacity_review,10
640,4d6d651bd7684af3fffabd5f08d12e5a,SP,ES,13,1993.7,2,268.7,4.463790954415955,15.698980591168091,4.230769230769231,0.0,0.15384615384615385,0.2843363572872488,carrier_lane_capacity_review,10
641,6d803cb79cc31c41c4c789a75933b3c7,SP,RJ,13,1937.5,2,194.9,1.3238595085470086,16.562370014245012,3.5384615384615383,0.3076923076923077,0.15384615384615385,0.07993176745890712,carrier_lane_capacity_review,10
642,ff063b022a9a0aab91bad2c9088760b7,SP,MG,13,1409.5,2,243.0,1.7550329415954415,11.926673789173789,4.076923076923077,0.15384615384615385,0.15384615384615385,0.14715191952248574,carrier_lane_capacity_review,10
643,f457c46070d02cadd8a68551231220dd,PR,SC,13,1335.1000000000001,2,284.9,1.7224474715099716,18.693060007122508,4.384615384615385,0.07692307692307693,0.15384615384615385,0.09214368706106317,carrier_lane_capacity_review,10
644,f27e33c6d29b5138fa9967bcd445b6d5,SP,MG,13,1183.6000000000001,2,349.8,5.338338675213675,13.06653044871795,3.8461538461538463,0.23076923076923078,0.15384615384615385,0.4085505862604451,seller_dispatch_sla_review,10
645,cc419e0650a3c5ba77189a1882b7556a,SP,RN,13,854.87,2,134.98000000000002,2.933400997150997,19.494250356125356,4.153846153846154,0.15384615384615385,0.15384615384615385,0.15047518850753258,carrier_lane_capacity_review,10
646,d2374cbcbb3ca4ab1086534108cc3ab7,SP,DF,13,427.2,2,63.8,4.900922364672365,15.477537393162395,3.769230769230769,0.23076923076923078,0.15384615384615385,0.31664742524463063,carrier_lane_capacity_review,10
647,6b15924333bd1a741595fe981ea04822,SP,SP,13,385.12,2,50.599999999999994,0.688093839031339,5.182410078347578,4.615384615384615,0.0,0.15384615384615385,0.13277487281568792,carrier_lane_capacity_review,10
648,70eea00b476a314817cefde4aad4f89a,SP,RJ,14,4887.09,2,499.9,2.6682564484126985,14.859325396825398,4.571428571428571,0.07142857142857142,0.14285714285714285,0.17956780521023888,carrier_lane_capacity_review,10
649,f7496d659ca9fdaf323c0aae84176632,SP,SP,14,3288.5,2,309.8,6.524550264550264,10.138108465608466,4.357142857142857,0.14285714285714285,0.14285714285714285,0.643566823799875,seller_dispatch_sla_review,10
650,46dc3b2cc0980fb8ec44634e21d2718e,RJ,DF,14,2789.86,2,749.98,3.4928753306878306,16.729381613756612,4.071428571428571,0.14285714285714285,0.14285714285714285,0.20878687636700394,carrier_lane_capacity_review,10
651,8581055ce74af1daba164fdbd55a40de,SP,RS,14,2316.38,2,202.8,2.6411243386243384,15.339835482804233,4.428571428571429,0.07142857142857142,0.14285714285714285,0.17217422843843444,carrier_lane_capacity_review,10
652,17e34d8224d27a541263c4c64b11a56b,SP,BA,14,2219.4700000000003,2,443.00000000000006,2.064619708994709,19.130223214285714,4.357142857142857,0.07142857142857142,0.14285714285714285,0.10792449653451669,carrier_lane_capacity_review,10
653,8f2ce03f928b567e3d56181ae20ae952,SP,RS,14,1778.5,2,299.8,4.705223214285715,15.59415343915344,4.428571428571429,0.14285714285714285,0.14285714285714285,0.30172995492477,carrier_lane_capacity_review,10
654,001cca7ae9ae17fb1caed9dfb1094831,ES,RS,14,1712.68,2,218.0,2.811539351851852,17.63296378968254,4.285714285714286,0.07142857142857142,0.14285714285714285,0.1594479172864263,carrier_lane_capacity_review,10
655,1f50f920176fa81dab994f9023523100,SP,DF,14,1183.2,2,99.8,4.18203621031746,16.20450066137566,3.857142857142857,0.14285714285714285,0.14285714285714285,0.25807868429328273,carrier_lane_capacity_review,10
656,50c9975695009e5e6473912e83a6d1da,MG,SP,14,1160.6,2,126.0,2.6160482804232807,15.063967427248675,3.642857142857143,0.21428571428571427,0.14285714285714285,0.17366263522922945,carrier_lane_capacity_review,10
657,4b9750c8ad28220fe6702d4ecb7c898f,SP,MG,14,1078.5,2,184.8,2.40937748015873,13.035181878306878,3.7857142857142856,0.14285714285714285,0.14285714285714285,0.18483650651383784,carrier_lane_capacity_review,10
658,9f505651f4a6abe901a56cdc21508025,SP,DF,14,1026.91,2,118.99,0.8891187169312168,8.538730985449735,4.785714285714286,0.0,0.14285714285714285,0.1041277349580755,carrier_lane_capacity_review,10
659,dbc22125167c298ef99da25668e1011f,MG,BA,14,956.28,2,101.8,1.4977471891534393,18.97989914021164,4.428571428571429,0.07142857142857142,0.14285714285714285,0.07891228388986783,carrier_lane_capacity_review,10
660,813348c996469b40f2e028d5429d3495,SP,RJ,14,791.0,2,74.2,2.1635499338624338,14.743456514550264,4.0,0.14285714285714285,0.14285714285714285,0.14674645200921738,carrier_lane_capacity_review,10
661,e9779976487b77c6d4ac45f75ec7afe9,SP,DF,14,735.36,2,219.98000000000002,1.4423470568783068,10.281979993386242,4.214285714285714,0.14285714285714285,0.14285714285714285,0.14027911528772463,carrier_lane_capacity_review,10
662,e8f6dc8e6a1dcde89d20e3995c8d90b3,SP,SP,14,722.54,2,139.8,5.967224702380952,10.568378802910052,4.285714285714286,0.07142857142857142,0.14285714285714285,0.5646300926247884,seller_dispatch_sla_review,10
663,d2374cbcbb3ca4ab1086534108cc3ab7,SP,SC,14,662.89,2,58.8,3.1167700066137565,18.56462632275132,3.7142857142857144,0.21428571428571427,0.14285714285714285,0.1678875702870514,carrier_lane_capacity_review,10
664,b94cc9f10ddc85e4ba73a6f7974e7101,RJ,SP,15,10048.5,2,1549.8,2.193133487654321,10.288655092592592,4.133333333333334,0.2,0.13333333333333333,0.2131603662400236,carrier_lane_capacity_review,10
665,7e93a43ef30c4f03f38b393420bc753a,SP,SC,15,6474.61,2,1299.75,3.2940979938271604,14.26391512345679,4.466666666666667,0.06666666666666667,0.13333333333333333,0.23093925933491197,carrier_lane_capacity_review,10
666,dc317f341ab0e22f39acbd9dbf9b4a1f,RS,RJ,15,4126.7,2,499.8,1.4773202160493826,16.086435956790123,3.3333333333333335,0.4,0.13333333333333333,0.09183639060992888,carrier_lane_capacity_review,10
667,fa1c13f2614d7b5c4749cbc52fecda94,SP,SC,15,3439.1800000000003,2,352.05,2.026621141975309,14.004024691358024,3.933333333333333,0.2,0.13333333333333333,0.14471705003676194,carrier_lane_capacity_review,10
668,76d5af76d0271110f9af36c92573f765,SP,RJ,15,3152.29,2,42.0,2.4534205246913583,14.38575925925926,3.533333333333333,0.3333333333333333,0.13333333333333333,0.17054508423754117,carrier_lane_capacity_review,10
669,db2956745b3a8e9f3785c99f34b5d25e,SP,SP,15,2573.0,2,326.0,5.190155864197531,9.116327932098764,3.6666666666666665,0.2,0.13333333333333333,0.5693252703122815,seller_dispatch_sla_review,10
670,7178f9f4dd81dcef02f62acdf8151e01,SC,RS,15,2283.7,2,128.9,4.215735339506173,15.951779320987653,3.466666666666667,0.26666666666666666,0.13333333333333333,0.26427994361478896,carrier_lane_capacity_review,10
671,6973a06f484aacf400ece213dbf3d946,SP,RJ,15,1527.79,2,179.44,4.606989969135802,18.83196527777778,3.8666666666666667,0.2,0.13333333333333333,0.24463670685354189,carrier_lane_capacity_review,10
672,2a84855fd20af891be03bc5924d2b453,MG,RJ,15,1443.6000000000001,2,149.8,1.3134197530864198,13.647781635802469,4.266666666666667,0.13333333333333333,0.13333333333333333,0.0962368675097279,carrier_lane_capacity_review,10
673,aac29b1b99776be73c3049939652091d,MG,RJ,15,1105.0900000000001,2,102.37,4.711077932098765,17.275614969135802,3.7333333333333334,0.2,0.13333333333333333,0.2727010263029978,carrier_lane_capacity_review,10
674,dee656f0f566ed1aa85bd137c943f08f,SP,RJ,15,934.05,2,78.8,1.3728086419753087,14.056872685185185,4.4,0.06666666666666667,0.13333333333333333,0.09766102836103359,carrier_lane_capacity_review,10
675,18a349e75d307f4b4cc646a691ed4216,SP,RJ,15,857.48,2,89.7,3.063160493827161,13.437921296296297,3.533333333333333,0.26666666666666666,0.13333333333333333,0.22794898305226838,carrier_lane_capacity_review,10
676,d98eec89afa3380e14463da2aabaea72,RS,PR,15,509.87,2,74.98,2.3305354938271607,9.550213734567901,4.214285714285714,0.14285714285714285,0.13333333333333333,0.24402966871742016,carrier_lane_capacity_review,10
677,ea00f977a203ff88adf7057cb7806998,SP,SP,15,313.76,2,89.89,2.2760416666666665,4.733359567901235,4.2,0.06666666666666667,0.13333333333333333,0.48085120811471765,seller_dispatch_sla_review,10
678,12b9676b00f60f3b700e83af21824c0e,RS,RJ,16,3212.0,2,398.0,3.185612702546296,15.863734085648147,3.9375,0.1875,0.125,0.20081102503024847,carrier_lane_capacity_review,10
679,2089a6d640999f9b9141ac719b2af596,SP,SP,16,2917.16,2,850.39,8.883444733796296,15.176392505787037,4.0,0.1875,0.125,0.5853462692407879,seller_dispatch_sla_review,10
680,25e6ffe976bd75618accfe16cefcbd0d,SP,RJ,16,2605.78,2,156.75,1.6717346643518518,12.627113715277778,4.375,0.125,0.125,0.13239246133731963,carrier_lane_capacity_review,10
681,dc4a0fc896dc34b0d5bfec8438291c80,SP,RS,16,1316.63,2,153.26,3.748523582175926,18.94867476851852,3.3125,0.375,0.125,0.19782510534212944,carrier_lane_capacity_review,10
682,5c6d4016c2a288f074fa0848a2b653d2,SP,SP,16,1296.4,2,191.8,2.1701331018518517,6.5465285011574075,4.1875,0.125,0.125,0.33149372243138914,carrier_lane_capacity_review,10
683,715bbd5ba4e6b74cb0d2f29eb45058b0,SP,RJ,16,1279.9,2,89.9,1.0273661747685185,15.123294270833334,3.9375,0.125,0.125,0.06793269749104128,carrier_lane_capacity_review,10
684,827f8f69dfa529c561901c4f2e0f332f,PR,MG,16,536.4,2,62.8,7.330919415509259,17.39562138310185,4.0625,0.1875,0.125,0.42142325669553443,seller_dispatch_sla_review,10
685,ef506c96320abeedfb894c34db06f478,SP,SC,16,533.66,2,86.98,3.7374464699074075,16.148286313657408,4.266666666666667,0.0,0.125,0.23144539286168486,carrier_lane_capacity_review,10
686,2138ccb85b11a4ec1e37afbd1c8eda1f,SP,SC,16,400.2,2,79.88,1.8489279513888888,14.963628472222222,3.75,0.25,0.125,0.12356147139185872,carrier_lane_capacity_review,10
687,e8b4225284fbb02d16f200513f1f395d,SP,SP,17,3466.34,2,325.39,1.1280964052287583,8.723929738562092,4.294117647058823,0.0,0.11764705882352941,0.12931057895185377,carrier_lane_capacity_review,10
688,44073f8b7e41514de3b7815dd0237f4f,DF,RJ,17,3022.6,2,368.0,2.1509517973856207,15.346269744008714,3.6875,0.25,0.11764705882352941,0.14016121398005316,carrier_lane_capacity_review,10
689,5b179e9e8cc7ab6fd113a46ca584da81,SP,SP,17,2540.2000000000003,2,261.9,8.322527233115467,11.62210716230937,3.2941176470588234,0.29411764705882354,0.11764705882352941,0.7160945185659208,seller_dispatch_sla_review,10
690,7ddcbb64b5bc1ef36ca8c151f6ec77df,SP,SC,17,2430.83,2,522.98,1.9095213779956428,15.83569308278867,3.588235294117647,0.29411764705882354,0.11764705882352941,0.12058337882735573,carrier_lane_capacity_review,10
691,a7f13822ceb966b076af67121f87b063,SP,RJ,17,2423.28,2,286.92,8.892833605664489,18.441060049019608,3.3529411764705883,0.29411764705882354,0.11764705882352941,0.4822300660605063,seller_dispatch_sla_review,10
692,7d13fca15225358621be4086e1eb0964,SP,ES,17,2288.18,2,300.0,3.085659722222222,17.041406590413942,4.235294117647059,0.058823529411764705,0.11764705882352941,0.1810683704922547,carrier_lane_capacity_review,10
693,f61c63d13f7cd800549d5acdd390ae72,SP,SP,17,2182.9,2,182.0,3.055587554466231,9.466190767973856,4.0588235294117645,0.11764705882352941,0.11764705882352941,0.3227895601685882,carrier_lane_capacity_review,10
694,7b07b3c7487f0ea825fc6df75abd658b,SP,RJ,17,2093.96,2,232.36,1.6426599945533769,13.323816721132898,3.9411764705882355,0.29411764705882354,0.11764705882352941,0.12328749553781798,carrier_lane_capacity_review,10
695,070d165398b553f3b4b851c216b8a358,SP,SP,17,2057.34,2,101.98,3.5272426470588236,8.096887254901961,3.3529411764705883,0.29411764705882354,0.11764705882352941,0.43562946302894173,seller_dispatch_sla_review,10
696,06a2c3af7b3aee5d69171b0e14f0ee87,MA,RS,17,1923.83,2,180.98,2.84516339869281,18.800321350762527,4.176470588235294,0.11764705882352941,0.11764705882352941,0.15133589185045565,carrier_lane_capacity_review,10
697,c31eff8334d6b3047ed34bebd4d62c36,SP,RJ,17,1913.59,2,169.89,4.186590413943356,16.714146241830065,3.9411764705882355,0.11764705882352941,0.11764705882352941,0.2504818585029299,carrier_lane_capacity_review,10
698,8160255418d5aaa7dbdc9f4c64ebda44,SP,PR,17,1801.3,2,146.8,3.281492374727669,14.200164079520697,4.176470588235294,0.11764705882352941,0.11764705882352941,0.23108834210304635,carrier_lane_capacity_review,10
699,972d0f9cf61b499a4812cf0bfa3ad3c4,SC,MG,17,1618.96,2,164.43,4.26839596949891,15.839020288671025,2.8125,0.5,0.11764705882352941,0.2694861103594843,carrier_lane_capacity_review,10
700,3fd1e727ba94cfe122d165e176ce7967,SP,SP,17,1487.3000000000002,2,76.8,1.9665420751633989,9.06167211328976,4.352941176470588,0.11764705882352941,0.11764705882352941,0.21701757143466796,carrier_lane_capacity_review,10
701,48436dade18ac8b2bce089ec2a041202,SP,MG,17,1401.3,2,178.8,4.101002859477124,15.49331563180828,3.6470588235294117,0.23529411764705882,0.11764705882352941,0.26469497923721585,carrier_lane_capacity_review,10
702,6cd68b3ed6d59aaa9fece558ad360c0a,MG,RJ,17,1210.98,2,197.8,1.7050081699346407,12.800183142701526,4.352941176470588,0.058823529411764705,0.11764705882352941,0.13320185742083002,carrier_lane_capacity_review,10
703,65febd49fd28ec955651299159b1f527,SP,SP,17,1102.8700000000001,2,194.99,0.8539583333333334,3.814421296296296,4.882352941176471,0.0,0.11764705882352941,0.2238762493703841,carrier_lane_capacity_review,10
704,9f505651f4a6abe901a56cdc21508025,SP,SC,17,1023.8199999999999,2,166.99,0.9545663126361655,12.938223039215686,3.588235294117647,0.23529411764705882,0.11764705882352941,0.07377878011090705,carrier_lane_capacity_review,10
705,2138ccb85b11a4ec1e37afbd1c8eda1f,SP,BA,17,539.72,2,75.88,3.549620098039216,16.56806985294118,2.9411764705882355,0.4117647058823529,0.11764705882352941,0.21424463619152861,carrier_lane_capacity_review,10
706,53243585a1d6dc2643021fd1853d8905,BA,PE,18,9564.630000000001,2,1750.0,3.3709818672839504,17.45066679526749,4.5,0.05555555555555555,0.1111111111111111,0.19317209518882908,carrier_lane_capacity_review,10
707,620c87c171fb2a6dd6e8bb4dec959fc6,RJ,SC,18,2681.7999999999997,2,319.8,1.6246746399176955,15.473219521604939,4.529411764705882,0.058823529411764705,0.1111111111111111,0.10499913335096135,carrier_lane_capacity_review,10
708,701938c450705b8ae65fc923b70f35c7,SP,RJ,18,2651.47,2,213.94,3.420761316872428,14.28290702160494,4.277777777777778,0.05555555555555555,0.1111111111111111,0.2395003560338268,carrier_lane_capacity_review,10
709,e2aee0892199b1d92530e371abd825bf,PR,SP,18,2546.66,2,159.8,3.976966306584362,14.21639017489712,3.9444444444444446,0.2222222222222222,0.1111111111111111,0.27974515736116834,carrier_lane_capacity_review,10
710,a1043bafd471dff536d0c462352beb48,MG,GO,18,2518.92,2,377.99,1.268020190329218,19.066212062757202,3.8333333333333335,0.16666666666666666,0.1111111111111111,0.06650614113361787,carrier_lane_capacity_review,10
711,b92e3c8f9738272ff7c59e111e108d7c,MG,SP,18,2155.9,2,279.8,6.520522119341564,14.77178497942387,4.055555555555555,0.2222222222222222,0.1111111111111111,0.4414173458674239,seller_dispatch_sla_review,10
712,d5ba419e26d246a0719437cf37d9b46d,SP,SP,18,2082.4,2,210.0,2.2759207818930043,4.967034465020576,4.235294117647059,0.11764705882352941,0.1111111111111111,0.4582051519716154,seller_dispatch_sla_review,10
713,834f8533b2ecb6598dd004ff3de7203a,SP,SP,18,1944.6799999999998,2,240.84,5.991898791152263,10.73218621399177,4.111111111111111,0.1111111111111111,0.1111111111111111,0.5583111093749474,seller_dispatch_sla_review,10
714,95f83f51203c626648c875dd41874c7f,MG,MG,18,1198.42,2,139.8,3.720893132716049,9.267086548353909,4.0,0.2222222222222222,0.1111111111111111,0.4015170370214124,seller_dispatch_sla_review,10
715,282f23a9769b2690c5dda22e316f9941,MG,RJ,18,780.8,2,154.45999999999998,2.8405703446502057,14.506141332304528,4.222222222222222,0.1111111111111111,0.1111111111111111,0.1958184660950726,carrier_lane_capacity_review,10
716,e9d99831abad74458942f21e16f33f92,SP,MG,18,758.17,2,55.0,3.371443544238683,11.476929655349794,3.4444444444444446,0.2777777777777778,0.1111111111111111,0.2937583173795212,carrier_lane_capacity_review,10
717,624f4ece8da4aafb77699233d480f8ef,SP,SP,19,3280.0,2,378.0,3.179868421052632,7.459985989278752,4.2105263157894735,0.15789473684210525,0.10526315789473684,0.426256621074441,seller_dispatch_sla_review,10
718,1a3df491d1c4f1589fc2b934ada68bf2,SC,PR,19,2960.1000000000004,2,238.9,4.179234892787524,13.454043615984405,4.421052631578948,0.10526315789473684,0.10526315789473684,0.3106303957437957,carrier_lane_capacity_review,10
719,5343d0649eca2a983820bfe93fc4d17e,SP,SP,19,2351.37,2,270.0,1.0326053849902534,4.765712110136453,4.315789473684211,0.10526315789473684,0.10526315789473684,0.21667389072746313,carrier_lane_capacity_review,10
720,e9779976487b77c6d4ac45f75ec7afe9,SP,SC,19,1475.56,2,65.38,2.7932419590643276,12.602624878167642,4.105263157894737,0.15789473684210525,0.10526315789473684,0.22163969697322697,carrier_lane_capacity_review,10
721,966cb4760537b1404caedd472cc610a5,SP,SP,20,13782.89,2,1387.0,1.6542326388888888,5.417283564814815,4.3,0.05,0.1,0.3053620175309094,carrier_lane_capacity_review,10
722,04308b1ee57b6625f47df1d56f00eedf,SC,MG,20,13758.0,2,1065.8,5.785010416666667,18.093775462962963,3.7,0.25,0.1,0.3197237872498357,carrier_lane_capacity_review,10
723,96493fab2fbb13a14d0c0e8772eef5c3,SP,SP,20,6063.0,2,608.0,4.766415509259259,7.365615162037036,3.85,0.2,0.1,0.6471170980837747,seller_dispatch_sla_review,10
724,fa1c13f2614d7b5c4749cbc52fecda94,SP,BA,20,5827.13,2,567.9,2.103495949074074,17.51666724537037,4.5,0.05,0.1,0.12008539750220036,carrier_lane_capacity_review,10
725,2eb70248d66e0e3ef83659f71b244378,SP,MG,20,3609.2400000000002,2,214.8,12.93505613425926,19.982328703703704,2.2,0.6,0.1,0.647324760094741,seller_dispatch_sla_review,10
726,f181738b150df1f37cb0bd72e705b193,SP,SP,20,2804.1,2,253.9,1.2336799768518518,4.226305555555556,4.6,0.0,0.1,0.2919050600187099,carrier_lane_capacity_review,10
727,238fac594e170b59c6d228f5a4f4f1d9,SP,SP,20,2324.0,2,357.0,1.8111302083333332,10.097153935185187,3.8947368421052633,0.15789473684210525,0.1,0.17937036713109358,carrier_lane_capacity_review,10
728,17ca9b9e9b9ef8fdb529001b49ebb50f,MG,MG,20,1946.31,2,169.94,1.6845659722222224,5.337572916666667,4.05,0.15,0.1,0.31560523828389025,carrier_lane_capacity_review,10
729,5a8e7d5003a1f221f9e1d6e411de7c23,SP,RJ,20,1697.1,2,299.5,2.2564652777777776,12.014696759259259,4.0,0.15,0.1,0.18780875813938522,carrier_lane_capacity_review,10
730,d3f39f05462b79a4562d35893a28f159,SP,SP,20,1482.1,2,156.0,1.0626822916666667,7.9635619212962965,3.65,0.35,0.1,0.13344308767472796,carrier_lane_capacity_review,10
731,b1fc4f64df5a0e8b6913ab38803c57a9,RJ,RJ,20,1478.12,2,165.0,4.503504050925926,8.467266203703705,3.65,0.3,0.1,0.5318722646225564,seller_dispatch_sla_review,10
732,1835b56ce799e6a4dc4eddc053f04066,SP,SC,20,1306.83,2,110.98,1.5880677083333334,15.08176215277778,3.473684210526316,0.3157894736842105,0.1,0.10529722536705308,carrier_lane_capacity_review,10
733,7040e82f899a04d1b434b795a43b4617,SP,RJ,20,1026.5,2,179.8,1.6670057870370372,11.18253414351852,3.263157894736842,0.3157894736842105,0.1,0.14907227339012832,carrier_lane_capacity_review,10
734,5f3ae9136c875522250f8184f253413a,SP,SP,20,612.25,2,44.4,1.2373315972222223,4.525119212962963,4.6,0.0,0.1,0.27343624311104964,carrier_lane_capacity_review,10
735,37515688008a7a40ac93e3b2e4ab203f,SP,MG,20,527.5,2,44.4,4.536475115740741,15.639578703703705,4.05,0.05,0.1,0.2900637671695357,carrier_lane_capacity_review,10
736,4869f7a5dfa277a7dca6462dcf3b52b2,SP,CE,21,5043.39,2,408.0,2.824614197530864,21.149281856261023,4.3,0.05,0.09523809523809523,0.1335560335678569,carrier_lane_capacity_review,10
737,165fc07beebdcb6190fba8a06db2a449,PR,SP,21,5013.3,2,308.9,3.09588955026455,10.17084766313933,3.9047619047619047,0.19047619047619047,0.09523809523809523,0.30438854781834124,carrier_lane_capacity_review,10
738,ce7d1888639e6fb06b2749cbfdac1ff7,MG,RJ,21,3324.0,2,276.0,2.083979828042328,14.084803791887127,3.857142857142857,0.23809523809523808,0.09523809523809523,0.14795945040020395,carrier_lane_capacity_review,10
739,1c68394e931a64f90ea236c5ea590300,PR,RJ,21,2666.71,2,221.31,4.579636794532628,22.43558201058201,3.380952380952381,0.3333333333333333,0.09523809523809523,0.20412382403864485,carrier_lane_capacity_review,10
740,3db66a856d18a9cba7c9241fc5221c50,MG,MG,21,1932.9,2,149.8,4.038923059964726,9.810469025573193,3.761904761904762,0.23809523809523808,0.09523809523809523,0.4116952053399654,seller_dispatch_sla_review,10
741,41b39e28db005d9731d9d485a83b4c38,SP,MG,21,1580.9,2,159.8,4.806644069664903,14.551208112874779,3.8095238095238093,0.3333333333333333,0.09523809523809523,0.330326116730612,carrier_lane_capacity_review,10
742,95e03ca3d4146e4011985981aeb959b9,RJ,MG,21,1388.92,2,74.9,2.085644841269841,13.023505842151675,3.9,0.2,0.09523809523809523,0.1601446543310539,carrier_lane_capacity_review,10
743,cca3071e3e9bb7d12640c9fbe2301306,SP,SC,21,1350.65,2,129.8,2.3922966269841273,14.996172288359787,3.619047619047619,0.19047619047619047,0.09523809523809523,0.1595271500608897,carrier_lane_capacity_review,10
744,fa1c13f2614d7b5c4749cbc52fecda94,SP,PR,22,6490.18,2,428.70000000000005,3.232007575757576,16.007479482323234,4.571428571428571,0.047619047619047616,0.09090909090909091,0.2019060889209087,carrier_lane_capacity_review,10
745,8581055ce74af1daba164fdbd55a40de,SP,PR,22,3671.0,2,256.3,2.304481271043771,19.095422979797977,4.363636363636363,0.045454545454545456,0.09090909090909091,0.1206823893600995,carrier_lane_capacity_review,10
746,31da954dc0855f2495c6310f70a2f931,SP,SP,22,2940.0,2,598.0,1.1795401936026937,5.101480955387205,4.2727272727272725,0.09090909090909091,0.09090909090909091,0.23121524982997135,carrier_lane_capacity_review,10
747,1554a68530182680ad5c8b042c3ab563,MG,MG,22,2728.96,2,75.4,2.2244228745791244,12.592061763468013,4.2272727272727275,0.13636363636363635,0.09090909090909091,0.17665279255797503,carrier_lane_capacity_review,10
748,c013e57c075a06e5b5c48ee03c525719,SP,SP,22,1008.77,2,176.97,1.1014157196969696,6.701707702020202,4.318181818181818,0.045454545454545456,0.09090909090909091,0.16434851662732955,carrier_lane_capacity_review,10
749,cce6ab8d1682639fe45ab70234f1665f,SP,SP,22,903.9,2,80.0,7.15874053030303,14.74067918771044,4.636363636363637,0.0,0.09090909090909091,0.48564522971718943,seller_dispatch_sla_review,10
750,92eb0f42c21942b6552362b9b114707d,SP,PR,22,319.39,2,31.65,3.8733017676767676,14.989663299663299,4.318181818181818,0.09090909090909091,0.09090909090909091,0.2583981834844663,carrier_lane_capacity_review,10
751,2eb70248d66e0e3ef83659f71b244378,SP,RJ,23,5481.6900000000005,2,779.8,11.562035024154591,20.097619263285022,3.272727272727273,0.3181818181818182,0.08695652173913043,0.575293763539271,seller_dispatch_sla_review,10
752,4a3ca9315b744ce9f8e9374361493884,SP,PE,23,3906.9,2,379.9,2.8453990539452496,20.379710648148148,3.782608695652174,0.2608695652173913,0.08695652173913043,0.13961920770468858,carrier_lane_capacity_review,10
753,004c9cd9d87a3c30c522c48c4fc07416,SP,RJ,23,3071.75,2,284.8,1.2350860507246377,16.805455414653785,3.5217391304347827,0.30434782608695654,0.08695652173913043,0.07349316161034736,carrier_lane_capacity_review,10
754,ea566164622c6b439516ab18062c42cd,SP,SP,23,2397.84,2,204.9,4.188655897745571,7.221781400966184,4.130434782608695,0.17391304347826086,0.08695652173913043,0.5800031412173707,seller_dispatch_sla_review,10
755,3df020b72d3d44b3af9d110fa3940b65,SP,SP,23,2195.6,2,149.7,1.1022690217391304,7.792190519323672,4.173913043478261,0.08695652173913043,0.08695652173913043,0.14145817135831562,carrier_lane_capacity_review,10
756,669ae81880e08f269a64487cfb287169,SC,RJ,23,1747.97,2,152.99,1.3388295088566828,13.453919585346215,4.043478260869565,0.17391304347826086,0.08695652173913043,0.0995122276719205,carrier_lane_capacity_review,10
757,620c87c171fb2a6dd6e8bb4dec959fc6,RJ,GO,24,4471.6,2,189.8,2.638525752314815,15.008020351080248,4.208333333333333,0.125,0.08333333333333333,0.17580771418163083,carrier_lane_capacity_review,10
758,87142160b41353c4e5fca2360caf6f92,RS,MG,24,2823.9,2,284.0,2.7071363811728393,12.465511670524691,4.208333333333333,0.125,0.08333333333333333,0.21717009720298885,carrier_lane_capacity_review,10
759,66922902710d126a0e7d26b0e3805106,MG,MG,24,2049.6,2,166.0,2.8138975694444444,5.742010030864197,4.875,0.0,0.08333333333333333,0.49005445032650713,seller_dispatch_sla_review,10
760,56642bcb79900e777d68e91915cb4267,SP,SP,24,1955.64,2,199.92000000000002,2.906310763888889,9.766574074074073,4.041666666666667,0.16666666666666666,0.08333333333333333,0.2975773021170091,carrier_lane_capacity_review,10
761,34056b8b55c1775a22af2331670a799c,SP,SP,24,1578.9,2,177.7,1.4456471836419753,7.203216145833333,4.041666666666667,0.16666666666666666,0.08333333333333333,0.20069468337114987,carrier_lane_capacity_review,10
762,1900267e848ceeba8fa32d80c1a5f5a8,SP,RS,24,1270.62,2,112.99000000000001,2.4914515817901237,16.078703221450617,3.9583333333333335,0.125,0.08333333333333333,0.15495351506123176,carrier_lane_capacity_review,10
763,a888faf2d1baececa6baf9c3d603ee1f,PR,SP,25,8417.6,2,529.8,7.075905092592593,14.322531944444444,4.28,0.08,0.08,0.49404009849929226,seller_dispatch_sla_review,10
764,59b22a78efb79a4797979612b885db36,MG,MG,25,6634.9,2,808.0,1.996298148148148,9.24155,3.88,0.24,0.08,0.21601334712771647,carrier_lane_capacity_review,10
765,02f623a8eb246f3c5f7c2f96462654e6,SP,SP,25,3713.0,2,268.0,0.6456282407407408,5.97062037037037,4.64,0.04,0.08,0.10813419723429696,carrier_lane_capacity_review,10
766,adbc26658d6c7b4b6219f9d934598091,PR,SP,25,3319.0,2,269.0,3.175094907407407,13.421018055555555,4.48,0.08,0.08,0.23657630846365596,carrier_lane_capacity_review,10
767,ef0ace09169ac090589d85746e3e036f,RJ,RJ,25,3275.7000000000003,2,239.60000000000002,2.4040805555555558,8.079576388888889,4.52,0.08,0.08,0.29755032192797515,carrier_lane_capacity_review,10
768,994f04b3718c2bab35c2adfa8afecd2a,SP,SP,25,2035.3,2,219.8,2.9537814814814816,11.49609675925926,4.32,0.08,0.08,0.2569377714311971,carrier_lane_capacity_review,10
769,9f505651f4a6abe901a56cdc21508025,SP,RS,25,1617.74,2,114.98,1.0421523148148149,13.40855324074074,4.4,0.08,0.08,0.07772295012770836,carrier_lane_capacity_review,10
770,e63e8bfa530fb16910dd6956e592bb81,SP,SP,25,782.4,2,57.8,1.6912805555555557,7.4504675925925925,4.48,0.04,0.08,0.22700327657784344,carrier_lane_capacity_review,10
771,c3cfdc648177fdbbbb35635a37472c53,PR,RJ,26,4581.69,2,218.8,1.4996216168091168,12.377449252136753,4.16,0.16,0.07692307692307693,0.1211575653643042,carrier_lane_capacity_review,10
772,a2e874074c877c5a05abae80ad6e488f,SP,SP,26,3986.43,2,427.22,7.507055733618234,14.392140758547008,4.115384615384615,0.11538461538461539,0.07692307692307693,0.5216079983903747,seller_dispatch_sla_review,10
773,1a3df491d1c4f1589fc2b934ada68bf2,SC,RJ,26,3446.7000000000003,2,148.9,3.2457469729344726,17.060249287749286,4.3076923076923075,0.038461538461538464,0.07692307692307693,0.19025202493759547,carrier_lane_capacity_review,10
774,3078096983cf766a32a06257648502d1,SP,SP,26,3312.4700000000003,2,789.98,1.5065638354700857,10.015930822649572,4.346153846153846,0.11538461538461539,0.07692307692307693,0.1504167572786356,carrier_lane_capacity_review,10
775,e067ad2c1c0b48758eb1b5228bcf7a68,SP,SP,26,2372.3,2,252.9,5.863115206552706,11.30920851139601,4.461538461538462,0.038461538461538464,0.07692307692307693,0.5184372717723429,seller_dispatch_sla_review,10
776,6edacfd9f9074789dad6d62ba7950b9c,SP,RJ,26,1699.3,2,182.8,1.8624697293447292,12.730688212250714,4.230769230769231,0.11538461538461539,0.07692307692307693,0.14629764693730216,carrier_lane_capacity_review,10
777,318f287a62ab7ac10b703ac37435a231,SP,SP,26,1073.98,2,109.0,4.140438924501424,7.763916488603988,4.076923076923077,0.11538461538461539,0.07692307692307693,0.53329256317721,seller_dispatch_sla_review,10
778,080102cd0a76b09e0dcf55fcacc60e05,MG,MG,26,983.06,2,64.69,0.9009713319088318,5.631127136752137,4.576923076923077,0.038461538461538464,0.07692307692307693,0.1599983999701496,carrier_lane_capacity_review,10
779,e9bc59e7b60fc3063eb2290deda4cced,PR,MG,27,4496.9,2,817.0,5.903314900548697,16.52956747256516,3.962962962962963,0.14814814814814814,0.07407407407407407,0.35713668311930635,seller_dispatch_sla_review,10
780,3d871de0142ce09b7081e2b9d1733cb1,SP,ES,27,2559.0,2,148.0,3.5031155692729765,14.43565800754458,3.740740740740741,0.2222222222222222,0.07407407407407407,0.2426710003411085,carrier_lane_capacity_review,10
781,d2374cbcbb3ca4ab1086534108cc3ab7,SP,RS,27,797.79,2,78.7,4.868772290809328,19.457490997942386,4.074074074074074,0.14814814814814814,0.07407407407407407,0.25022611041290965,carrier_lane_capacity_review,10
782,37be5a7c751166fbc5f8ccba4119e043,SP,RJ,28,5758.95,2,358.0,3.1855869708994713,13.19897445436508,4.185185185185185,0.14814814814814814,0.07142857142857142,0.2413510975351539,carrier_lane_capacity_review,10
783,23d7c96d4a1160db1c726b248601b25a,SP,SP,28,5619.1,2,339.8,3.39018890542328,8.285976769179895,4.076923076923077,0.19230769230769232,0.07142857142857142,0.4091477685567811,seller_dispatch_sla_review,10
784,7c67e1448b00f6e969d365cea6b010ab,SP,SC,28,5158.36,2,466.95,11.507692212301588,24.869802414021166,3.357142857142857,0.25,0.07142857142857142,0.46271747642891403,seller_dispatch_sla_review,10
785,70c27847eca8195c983ed7e798c56743,RJ,SP,28,4730.24,2,296.0,5.742734788359789,12.627218088624337,3.9642857142857144,0.25,0.07142857142857142,0.454790180074052,seller_dispatch_sla_review,10
786,7ea5bfa6c340f58f8e71fc1f0412b0d6,MG,SP,28,3299.33,2,249.48000000000002,2.0198247354497356,10.347378885582012,4.464285714285714,0.03571428571428571,0.07142857142857142,0.19520158271812676,carrier_lane_capacity_review,10
787,d91fb3b7d041e83b64a00a3edfb37e4f,SP,PR,28,2882.05,2,231.7,2.5036565806878306,11.839344824735448,4.285714285714286,0.03571428571428571,0.07142857142857142,0.21146918328259562,carrier_lane_capacity_review,10
788,41b39e28db005d9731d9d485a83b4c38,SP,RJ,28,2257.09,2,123.80000000000001,3.3908920304232804,13.65065021494709,3.892857142857143,0.17857142857142858,0.07142857142857142,0.24840516583674133,carrier_lane_capacity_review,10
789,8e6cc767478edae941d9bd9eb778d77a,MG,SP,28,1421.53,2,199.0,6.383640873015873,14.160802744708993,4.0,0.18518518518518517,0.07142857142857142,0.45079653944060766,seller_dispatch_sla_review,10
790,fe2032dab1a61af8794248c8196565c9,SP,MG,29,7211.4,2,653.9,1.80226093550447,10.640190772669222,4.0,0.1724137931034483,0.06896551724137931,0.16938238928326574,carrier_lane_capacity_review,10
791,5dceca129747e92ff8ef7a997dc4f8ca,SP,RJ,29,5837.27,2,549.8,1.9403424329501915,12.179082056194126,4.2592592592592595,0.14814814814814814,0.06896551724137931,0.1593176254168809,carrier_lane_capacity_review,10
792,620c87c171fb2a6dd6e8bb4dec959fc6,RJ,BA,30,4977.650000000001,2,189.8,2.564863040123457,16.374999228395062,4.466666666666667,0.06666666666666667,0.06666666666666667,0.15663286479280297,carrier_lane_capacity_review,10
793,440dd6ab244315c632130ecfb63827b1,SP,SP,30,4092.7000000000003,2,366.9,2.2956122685185187,10.917726466049382,3.933333333333333,0.16666666666666666,0.06666666666666667,0.21026468062349193,carrier_lane_capacity_review,10
794,0241d4d5d36f10f80c644447315af0bd,PR,MG,30,3408.7000000000003,2,169.0,1.724224151234568,11.84574575617284,4.533333333333333,0.06666666666666667,0.06666666666666667,0.14555640368493233,carrier_lane_capacity_review,10
795,81a1104df0f08b59c68aa5b03cfe398e,PR,SP,30,3338.82,2,199.8,1.6984124228395063,9.912059413580247,4.464285714285714,0.03571428571428571,0.06666666666666667,0.17134808741284954,carrier_lane_capacity_review,10
796,0c8380b62e38e8a1e6adbeba7eb9688c,MG,RJ,30,3077.7000000000003,2,322.9,2.9907461419753085,11.194432484567901,4.3,0.1,0.06666666666666667,0.26716371250603416,carrier_lane_capacity_review,10
797,70a12e78e608ac31179aea7f8422044b,SP,MG,30,2848.85,2,300.0,3.9570038580246916,13.446743441358025,3.7333333333333334,0.16666666666666666,0.06666666666666667,0.2942722805176881,carrier_lane_capacity_review,10
798,45d33f715e24d15a6ccf5c17b3a23e3c,SP,SP,30,2773.03,2,214.8,2.8491145833333333,7.710643132716049,4.233333333333333,0.06666666666666667,0.06666666666666667,0.3695041430778475,seller_dispatch_sla_review,10
799,91f848e9f4be368f4318775aac733370,SP,SP,30,2698.04,2,124.89000000000001,1.204539351851852,8.432345293209876,4.433333333333334,0.06666666666666667,0.06666666666666667,0.14284748903982905,carrier_lane_capacity_review,10
800,6b90f847357d8981edd79a1eb1bf0acb,SP,SP,30,2042.19,2,109.89,0.747190200617284,3.597764274691358,4.366666666666666,0.06666666666666667,0.06666666666666667,0.2076818111384975,carrier_lane_capacity_review,10
801,a17f621c590ea0fab3d5d883e1630ec6,SP,SP,30,1134.81,2,31.659999999999997,1.7130385802469135,7.655299382716049,4.137931034482759,0.13793103448275862,0.06666666666666667,0.2237715985497015,carrier_lane_capacity_review,10
802,e9bc59e7b60fc3063eb2290deda4cced,PR,RJ,31,4556.360000000001,2,246.9,5.896376941457587,15.043474462365591,4.161290322580645,0.12903225806451613,0.06451612903225806,0.3919557916097515,seller_dispatch_sla_review,10
803,b6d44737c043328708f6749c2dbe50bd,SP,SP,31,2523.1,2,121.9,1.5327355884109917,4.891675253882915,4.612903225806452,0.06451612903225806,0.06451612903225806,0.313335515720169,carrier_lane_capacity_review,10
804,b14db04aa7881970e83ffa9426897925,SP,SP,31,2113.9,2,74.8,5.341826836917563,11.457380899044205,4.0,0.14285714285714285,0.06451612903225806,0.4662345508093554,seller_dispatch_sla_review,10
805,dee656f0f566ed1aa85bd137c943f08f,SP,SP,31,2109.66,2,124.88999999999999,1.391867532855436,8.493346774193547,4.290322580645161,0.0967741935483871,0.06451612903225806,0.16387739366589035,carrier_lane_capacity_review,10
806,1eade46fba20122dc4aefb379f8c636b,SP,SP,31,1663.52,2,161.98,1.4465064964157708,5.81201986260454,4.870967741935484,0.0,0.06451612903225806,0.24888189142690711,carrier_lane_capacity_review,10
807,d6b1ce66b035a475f00c017792ff9769,SP,SP,32,4415.8,2,268.0,2.1649808304398146,5.808470775462963,4.21875,0.0625,0.0625,0.3727281954461164,seller_dispatch_sla_review,10
808,6fd52c528dcb38be2eea044946b811f8,SP,SP,32,3758.99,2,298.87,12.443105830439816,15.568444733796296,3.6451612903225805,0.3225806451612903,0.0625,0.7992516942574276,seller_dispatch_sla_review,10
809,ceaec5548eefc6e23e6607c5435102e7,SP,RJ,33,7737.2300000000005,2,480.0,2.8094770622895626,12.967758838383839,3.9393939393939394,0.21212121212121213,0.06060606060606061,0.21665093385093406,carrier_lane_capacity_review,10
810,7ddcbb64b5bc1ef36ca8c151f6ec77df,SP,MG,33,7383.66,2,209.98000000000002,1.9183989197530864,9.970648498877665,4.090909090909091,0.15151515151515152,0.06060606060606061,0.19240462844207465,carrier_lane_capacity_review,10
811,9e6229250fedbe05838fef417b74e7fb,SP,SP,33,5656.7,2,339.8,2.89672278338945,9.073874508978676,3.909090909090909,0.12121212121212122,0.06060606060606061,0.31923769504671,carrier_lane_capacity_review,10
812,643214e62b870443ccbe55ab29a4dccf,SP,SP,33,1990.05,2,69.69999999999999,1.797025462962963,5.220796857463524,4.606060606060606,0.0,0.06060606060606061,0.3442052069875079,carrier_lane_capacity_review,10
813,85d9eb9ddc5d00ca9336a2219c97bb13,MG,BA,33,1118.02,2,59.8,5.454177890011223,16.39270728114478,4.0,0.12121212121212122,0.06060606060606061,0.33271977571909234,carrier_lane_capacity_review,10
814,ef506c96320abeedfb894c34db06f478,SP,MG,35,1108.38,2,58.98,3.058575396825397,9.826415013227512,4.235294117647059,0.08823529411764706,0.05714285714285714,0.3112605556256472,carrier_lane_capacity_review,10
815,128639473a139ac0f3e5f5ade55873a5,PR,SC,35,799.62,2,57.699999999999996,2.6488869047619046,14.580181216931216,4.3428571428571425,0.11428571428571428,0.05714285714285714,0.1816772278307411,carrier_lane_capacity_review,10
816,0432ead42b6c8a0bdf68154add917fdf,SP,SP,36,3636.1000000000004,2,339.8,1.075429848251029,4.71674029063786,4.388888888888889,0.1111111111111111,0.05555555555555555,0.22800276928234162,carrier_lane_capacity_review,10
817,3d871de0142ce09b7081e2b9d1733cb1,SP,SC,36,3113.1,2,158.0,3.044942772633745,16.773262602880656,4.457142857142857,0.05714285714285714,0.05555555555555555,0.1815355095025343,carrier_lane_capacity_review,10
818,1336efc61c316ddf92c899eb817f7cae,SP,SP,36,1917.4,2,143.0,3.4038143004115224,8.575025077160495,4.277777777777778,0.08333333333333333,0.05555555555555555,0.39694511325425186,seller_dispatch_sla_review,10
819,5c243662ce92d84573bfaff24c3e3700,SP,SP,37,12250.5,2,669.98,2.8141184934934937,7.709056556556557,4.135135135135135,0.05405405405405406,0.05405405405405406,0.3650405821838321,seller_dispatch_sla_review,10
820,527801b552d0077ffd170872eb49683b,SP,SP,38,9166.1,2,704.8,2.0220671905458087,7.0173623294346985,4.684210526315789,0.05263157894736842,0.05263157894736842,0.28815202858546163,carrier_lane_capacity_review,10
821,3be634553519fb6536a03e1358e9fdc7,SP,SP,38,2404.03,2,95.98,2.2034652168615985,5.266649610136452,4.105263157894737,0.13157894736842105,0.05263157894736842,0.4183808265164824,seller_dispatch_sla_review,10
822,9f505651f4a6abe901a56cdc21508025,SP,MG,38,2064.68,2,97.99,0.9380872319688108,9.593928788986355,4.131578947368421,0.15789473684210525,0.05263157894736842,0.09777925734092553,carrier_lane_capacity_review,10
823,ececbfcff9804a2d6b40f589df8eef2b,SP,SP,39,2764.42,2,108.49000000000001,1.4076471984805319,7.304949548907882,4.282051282051282,0.07692307692307693,0.05128205128205128,0.1926977303615985,carrier_lane_capacity_review,10
824,06a2c3af7b3aee5d69171b0e14f0ee87,MA,RJ,41,3399.58,2,129.98,2.8810360207768744,16.199243450767842,4.375,0.075,0.04878048780487805,0.1778500353755912,carrier_lane_capacity_review,10
825,d566c37fa119d5e66c4e9052e83ee4ea,SP,SP,41,3071.2999999999997,2,137.7,0.9323949864498644,3.3622004855465217,4.6,0.05,0.04878048780487805,0.2773168912615586,carrier_lane_capacity_review,10
826,8b321bb669392f5163d04c59e235e066,SP,PR,41,755.52,2,27.3,1.8992344173441733,12.263967366757,4.2439024390243905,0.0975609756097561,0.04878048780487805,0.15486297056630163,carrier_lane_capacity_review,10
827,c826c40d7b19f62a09e2d7c5e7295ee2,SP,MG,44,5539.26,2,282.76,2.57074757996633,12.038825757575758,4.5,0.022727272727272728,0.045454545454545456,0.2135380668956536,carrier_lane_capacity_review,10
828,7c67e1448b00f6e969d365cea6b010ab,SP,RS,46,7722.7300000000005,2,329.59000000000003,9.980892210144928,25.078662439613527,3.9456521739130435,0.10869565217391304,0.043478260869565216,0.39798343449048545,seller_dispatch_sla_review,10
829,18a349e75d307f4b4cc646a691ed4216,SP,SP,46,3164.98,2,74.95,2.565792069243156,5.775527123590981,3.6956521739130435,0.2391304347826087,0.043478260869565216,0.44425244905574157,seller_dispatch_sla_review,10
830,dbd66278cbfe1aa1000f90a217ca4695,SP,SP,46,2542.6,2,53.8,0.9399074074074073,4.97437877415459,4.543478260869565,0.021739130434782608,0.043478260869565216,0.1889497061001647,carrier_lane_capacity_review,10
831,2ff97219cb8622eaf3cd89b7d9c09824,SP,SP,46,2294.1,2,169.9,1.1892753623188406,4.167532206119163,4.6521739130434785,0.021739130434782608,0.043478260869565216,0.2853668078611689,carrier_lane_capacity_review,10
832,7299e27ed73d2ad986de7f7c77d919fa,MG,RJ,48,3896.7,2,239.99,1.0118793402777777,11.720156008873458,4.3125,0.0625,0.041666666666666664,0.08633667841210244,carrier_lane_capacity_review,10
833,4c2b230173bb36f9b240f2b8ac11786e,SP,MG,48,3265.2999999999997,2,99.8,5.128877555941358,12.55089699074074,3.6666666666666665,0.25,0.041666666666666664,0.40864629513931316,seller_dispatch_sla_review,10
834,955fee9216a65b617aa5c0531780ce60,SP,PR,49,5640.77,2,238.9,1.5828611583522296,10.670340844671202,4.0,0.14285714285714285,0.04081632653061224,0.1483421365253496,carrier_lane_capacity_review,10
835,59fb871bf6f4522a87ba567b42dafecf,SP,SP,50,8876.5,2,359.98,2.284208101851852,6.182450462962963,4.38,0.04,0.04,0.3694664624546197,seller_dispatch_sla_review,10
836,1835b56ce799e6a4dc4eddc053f04066,SP,MG,50,5027.34,2,129.79000000000002,1.4854944444444445,11.765091898148148,3.59,0.26,0.04,0.12626288492300383,carrier_lane_capacity_review,10
837,128639473a139ac0f3e5f5ade55873a5,PR,MG,50,1146.5,2,38.8,2.1317791666666666,14.755570138888888,4.18,0.08,0.04,0.14447284290616993,carrier_lane_capacity_review,10
838,7a67c85e85bb2ce8582c35f2203ad736,SP,BA,51,6556.4800000000005,2,249.98000000000002,1.590305918663762,15.32642361111111,4.0588235294117645,0.13725490196078433,0.0392156862745098,0.10376236224547826,carrier_lane_capacity_review,10
839,87142160b41353c4e5fca2360caf6f92,RS,RS,52,5350.49,2,204.8,2.617501558048433,6.07086761039886,4.6923076923076925,0.0,0.038461538461538464,0.4311577398862864,seller_dispatch_sla_review,10
840,79ebd9a61bac3eaf882805ed4ecfa12a,PR,SP,54,5266.09,2,199.8,4.91164609053498,13.50626521776406,3.8333333333333335,0.16666666666666666,0.037037037037037035,0.3636568667461792,seller_dispatch_sla_review,10
841,ce27a3cc3c8cc1ea79d11e561e9bebb6,SP,SP,55,2446.24,2,25.98,2.6298449074074073,6.65487037037037,4.127272727272727,0.12727272727272726,0.03636363636363636,0.39517597805004967,seller_dispatch_sla_review,10
842,7299e27ed73d2ad986de7f7c77d919fa,MG,MG,57,6524.43,2,339.97,1.1542771280051982,7.712049017218973,4.719298245614035,0.017543859649122806,0.03508771929824561,0.14967191279879077,carrier_lane_capacity_review,10
843,53e4c6e0f4312d4d2107a8c9cddf45cd,SP,MG,58,4067.9,2,91.99,3.6936847461685822,13.700205739144318,4.086206896551724,0.1724137931034483,0.034482758620689655,0.269607976441913,carrier_lane_capacity_review,10
844,b76dba6c951ab00dc4edf0a1aa88037e,SP,SP,62,1054.52,2,46.98,1.6324718115292711,5.92361335125448,4.370967741935484,0.08064516129032258,0.03225806451612903,0.27558716525337573,carrier_lane_capacity_review,10
845,8a32e327fe2c1b3511609d81aaf9f042,SP,SP,63,2898.94,2,137.92,2.244827858612581,6.567851998824221,3.967741935483871,0.16129032258064516,0.031746031746031744,0.3417902624807092,carrier_lane_capacity_review,10
846,2c9e548be18521d1c43cde1c582c6de8,SP,SP,63,2776.47,2,218.8,1.2956542107583773,5.538587044385656,4.532258064516129,0.04838709677419355,0.031746031746031744,0.23393226474101433,carrier_lane_capacity_review,10
847,128639473a139ac0f3e5f5ade55873a5,PR,PR,63,1346.5,2,45.8,2.5768639770723105,9.923691945914168,4.344262295081967,0.04918032786885246,0.031746031746031744,0.25966787271477826,carrier_lane_capacity_review,10
848,46dc3b2cc0980fb8ec44634e21d2718e,RJ,MG,64,15628.27,2,599.98,3.2777360026041666,11.821683304398148,4.171875,0.140625,0.03125,0.27726474463959927,carrier_lane_capacity_review,10
849,9d4db00d65d7760644ac0c14edb5fd86,SP,SP,64,6114.06,2,85.78999999999999,1.1219558376736112,4.713306387442129,4.698412698412699,0.0,0.03125,0.23804008172752947,carrier_lane_capacity_review,10
850,ea8482cd71df3c1969d7b9473ff13abc,SP,PR,71,2511.13,2,57.98,2.706837832550861,11.650991947052686,4.154929577464789,0.11267605633802817,0.028169014084507043,0.23232681344660966,carrier_lane_capacity_review,10
851,1c68394e931a64f90ea236c5ea590300,PR,SP,72,12845.52,2,221.31,4.651805716306584,13.041058224022633,3.888888888888889,0.1527777777777778,0.027777777777777776,0.35670461985497465,seller_dispatch_sla_review,10
852,f45122a9ab94eb4f3f8953578bc0c560,SP,SP,73,6637.93,2,119.98,1.2110675101471335,7.243271182141045,4.082191780821918,0.1643835616438356,0.0273972602739726,0.16719897401234024,carrier_lane_capacity_review,10
853,6d66611d7c44cc30ce351abc49a68421,SP,SP,73,5831.3,2,139.8,3.2142538685946223,7.272117897006596,3.9315068493150687,0.1643835616438356,0.0273972602739726,0.4419969414849143,seller_dispatch_sla_review,10
854,86ccac0b835037332a596a33b6949ee1,SC,SP,74,6198.84,2,147.5,2.5777114614614614,11.227014045295295,4.27027027027027,0.10810810810810811,0.02702702702702703,0.22959902348582675,carrier_lane_capacity_review,10
855,7178f9f4dd81dcef02f62acdf8151e01,SC,SP,76,12993.359999999999,2,324.9,4.891896929824561,13.299956444931775,4.253333333333333,0.09333333333333334,0.02631578947368421,0.3678130037552657,seller_dispatch_sla_review,10
856,2e1c9f22be269ef4643f826c9e650a52,SP,SP,80,5120.68,2,62.980000000000004,1.7245133101851853,5.11828978587963,4.3924050632911396,0.08860759493670886,0.025,0.3369315498592486,carrier_lane_capacity_review,10
857,850f4f8af5ea87287ac68de36e29107f,SP,SP,81,17723.89,2,188.99,0.9782808927754916,4.8211964163237315,4.45679012345679,0.06172839506172839,0.024691358024691357,0.20291247406208193,carrier_lane_capacity_review,10
858,0ea22c1cfbdc755f86b9b54b39c16043,MG,SP,81,3854.7,2,74.8,1.4073746856424325,9.419957847508002,4.405063291139241,0.06329113924050633,0.024691358024691357,0.149403501419568,carrier_lane_capacity_review,10
859,cbd996ad3c1b7dc71fd0e5f5df9087e2,SP,SP,81,3662.49,2,124.95,1.6396410608139003,9.111154692501142,4.271604938271605,0.09876543209876543,0.024691358024691357,0.17995974343003887,carrier_lane_capacity_review,10
860,0be8ff43f22e456b4e0371b2245e4d01,SP,SP,84,6251.0,2,119.69999999999999,2.2755599647266314,5.618212907848324,4.226190476190476,0.13095238095238096,0.023809523809523808,0.40503270382434303,seller_dispatch_sla_review,10
861,a3a38f4affed601eb87a97788c949667,SC,SP,88,9014.17,2,134.8,1.504286747685185,10.001269202441078,4.443181818181818,0.07954545454545454,0.022727272727272728,0.15040958474730623,carrier_lane_capacity_review,10
862,1554a68530182680ad5c8b042c3ab563,MG,SP,88,8910.31,2,469.79999999999995,2.0962419770622898,9.977004156144782,4.392045454545454,0.07954545454545454,0.022727272727272728,0.21010735730436936,carrier_lane_capacity_review,10
863,cca3071e3e9bb7d12640c9fbe2301306,SP,MG,88,7553.47,2,147.75,3.2886553886735572,13.190313845822565,3.942528735632184,0.1839080459770115,0.022727272727272728,0.24932351323202895,carrier_lane_capacity_review,10
864,1c129092bf23f28a5930387c980c0dfc,SP,SP,88,4276.34,2,91.8,3.7958875210437713,7.312455545033671,4.375,0.06818181818181818,0.022727272727272728,0.5190988851373992,seller_dispatch_sla_review,10
865,e26901d5ab434ce92fd9b5c256820a4e,SP,SP,96,5683.6,2,124.80000000000001,2.5673579764660492,6.9139092640817905,4.239583333333333,0.07291666666666667,0.020833333333333332,0.3713323213255981,seller_dispatch_sla_review,10
866,f457c46070d02cadd8a68551231220dd,PR,SP,97,9427.9,2,153.8,2.046129367124857,11.386840039137073,3.9123711340206184,0.18556701030927836,0.020618556701030927,0.17969246604784292,carrier_lane_capacity_review,10
867,813348c996469b40f2e028d5429d3495,SP,SP,99,5889.12,2,119.8,1.5210497334455668,5.760668139730639,4.239583333333333,0.125,0.020202020202020204,0.26404050650914407,carrier_lane_capacity_review,10
868,37be5a7c751166fbc5f8ccba4119e043,SP,SP,101,20159.57,2,268.0,3.1216475293362667,6.362474445361202,4.297029702970297,0.10891089108910891,0.019801980198019802,0.49063419525593843,seller_dispatch_sla_review,10
869,c3cfdc648177fdbbbb35635a37472c53,PR,SP,112,17403.02,2,216.9,1.5509815228174604,8.193924851190477,4.553571428571429,0.0625,0.017857142857142856,0.1892843235671269,carrier_lane_capacity_review,10
870,2bf6a2c1e71bbd29a4ad64e6d3c3629f,RJ,SP,10,15887.6,1,1999.9,1.7176608796296295,13.548883101851851,4.2,0.1,0.1,0.12677509036850876,carrier_lane_capacity_review,10
871,7bac63f6603d382cc8d0832eb6c100a8,SP,SP,10,3514.98,1,578.0,2.0766539351851856,8.104143518518518,4.6,0.0,0.1,0.25624594757482894,carrier_lane_capacity_review,10
872,b33e7c55446eabf8fe1a42d037ac7d6d,SP,BA,10,3505.6,1,146.0,2.3167939814814815,20.50487037037037,3.6,0.3,0.1,0.11298749709870194,carrier_lane_capacity_review,10
873,af4a0e4cfe1d9c26b6712b1be25a72e5,MG,SP,10,3333.99,1,225.91,3.9769675925925925,10.504695601851852,3.6,0.3,0.1,0.37858951304514726,seller_dispatch_sla_review,10
874,f7ba60f8c3f99e7ee4042fdef03b70c4,SP,BA,10,3285.0,1,325.0,2.3236921296296296,15.737662037037037,4.5,0.0,0.1,0.1476516730478167,carrier_lane_capacity_review,10
875,9c0e69c7bf2619675bbadf47b43f655a,SP,RS,10,2853.96,1,351.82,3.1355092592592593,30.119243055555557,4.3,0.1,0.1,0.10410318922941551,carrier_lane_capacity_review,10
876,96493fab2fbb13a14d0c0e8772eef5c3,SP,MG,10,2648.0,1,269.0,4.419189814814815,14.068819444444443,4.4,0.0,0.1,0.31411234128531546,carrier_lane_capacity_review,10
877,1da366cade6d8276e7d8beea7af5d4bf,MG,MG,10,2605.6,1,429.0,8.818234953703705,13.91008101851852,3.4444444444444446,0.2222222222222222,0.1,0.6339456213061571,seller_dispatch_sla_review,10
878,46dc3b2cc0980fb8ec44634e21d2718e,RJ,PE,10,2369.91,1,249.99,2.6531527777777777,15.48039351851852,4.4,0.0,0.1,0.17138794143727204,carrier_lane_capacity_review,10
879,48162d548f5b1b11b9d29d1e01f75a61,SP,MG,10,2050.6,1,146.9,0.8720879629629629,10.969033564814815,4.0,0.1,0.1,0.07950453955764569,carrier_lane_capacity_review,10
880,1025f0e2d44d7041d6cf58b6550e0bfa,SP,DF,10,2035.8,1,460.0,3.514116898148148,11.598480324074075,4.3,0.1,0.1,0.3029808043778085,carrier_lane_capacity_review,10
881,c864036feaab8c1659f65ea4faebe1da,PR,RJ,10,1999.0,1,199.9,1.3299016203703704,16.69215625,3.9,0.2,0.1,0.0796722484772074,carrier_lane_capacity_review,10
882,db2956745b3a8e9f3785c99f34b5d25e,SP,MG,10,1973.0,1,208.0,7.016765046296297,13.510832175925927,4.2,0.2,0.1,0.5193436610661936,seller_dispatch_sla_review,10
883,7d13fca15225358621be4086e1eb0964,SP,CE,10,1791.79,1,123.0,3.167158564814815,22.000096064814816,4.3,0.1,0.1,0.14396112432800298,carrier_lane_capacity_review,10
884,8581055ce74af1daba164fdbd55a40de,SP,BA,10,1768.04,1,69.0,2.9319409722222223,18.45095717592593,3.5,0.2,0.1,0.15890454594126432,carrier_lane_capacity_review,10
885,7a67c85e85bb2ce8582c35f2203ad736,SP,RN,10,1677.9,1,229.99,1.5631724537037037,20.659126157407407,4.4,0.1,0.1,0.07566498417181225,carrier_lane_capacity_review,10
886,b494891378bd8f4560abe576c52deacd,SP,SP,10,1657.9,1,418.8,0.6457581018518519,2.728693287037037,5.0,0.0,0.1,0.23665470389053914,carrier_lane_capacity_review,10
887,440dd6ab244315c632130ecfb63827b1,SP,RS,10,1621.2,1,99.9,4.51225,21.31872800925926,3.8,0.2,0.1,0.21165662407439206,carrier_lane_capacity_review,10
888,de23c3b98a88888289c6f5cc1209054a,SP,MG,10,1578.6599999999999,1,139.99,1.8146886574074075,9.330789351851852,4.7,0.0,0.1,0.19448393795828775,carrier_lane_capacity_review,10
889,5058e8c1e82653974541e83690655b4a,SP,RJ,10,1476.85,1,139.98,15.265625,30.678465277777775,3.5,0.3,0.1,0.49760067401604324,seller_dispatch_sla_review,10
890,4a3ca9315b744ce9f8e9374361493884,SP,PB,10,1453.3,1,86.9,2.0242569444444443,19.71155787037037,3.0,0.4444444444444444,0.1,0.10269390972325058,carrier_lane_capacity_review,10
891,0b90b6df587eb83608a64ea8b390cf07,PR,SC,10,1391.65,1,84.0,2.2576458333333336,15.483307870370371,4.1,0.2,0.1,0.14581159609011438,carrier_lane_capacity_review,10
892,a1043bafd471dff536d0c462352beb48,MG,PA,10,1385.94,1,119.0,1.2404907407407406,27.576167824074076,4.2,0.1,0.1,0.04498415982433167,carrier_lane_capacity_review,10
893,e89c4adbe7b1d0819dbb636e16461cf1,SP,SP,10,1331.7,1,159.0,3.0168553240740743,7.967980324074074,4.0,0.1,0.1,0.3786223360716758,seller_dispatch_sla_review,10
894,1b4c3a6f53068f0b6944d2d005c9fc89,SC,MG,10,1330.95,1,159.49,1.1001319444444444,13.55176273148148,4.1,0.2,0.1,0.08117998862899055,carrier_lane_capacity_review,10
895,8b2492b7ff4468839593fafeed55bad9,RJ,RJ,10,1203.88,1,70.65,1.3285381944444443,10.91645949074074,4.1,0.2,0.1,0.12170046484130688,carrier_lane_capacity_review,10
896,244c2f1bff6afe1f2eaf9bfe9b2aed38,SP,SP,10,1188.0,1,297.0,2.6135983796296296,7.92381712962963,4.1,0.0,0.1,0.3298408250559655,carrier_lane_capacity_review,10
897,cfe94489ddd337d1e29e12f2a7205d10,SP,SP,10,1188.0,1,297.0,2.217082175925926,4.091855324074073,4.4,0.0,0.1,0.5418280951630711,seller_dispatch_sla_review,10
898,b2ba3715d723d245138f291a6fe42594,SP,ES,10,1109.0,1,115.9,5.428577546296296,17.34760763888889,4.3,0.2,0.1,0.3129294632031461,carrier_lane_capacity_review,10
899,001cca7ae9ae17fb1caed9dfb1094831,ES,SC,10,1088.89,1,69.9,4.008023148148148,19.512863425925925,3.9,0.2,0.1,0.20540415113154817,carrier_lane_capacity_review,10
900,23a0ffca143a15b9b5bbdb7d552f626a,SP,SP,10,1083.05,1,85.5,1.157431712962963,8.235910879629628,4.2,0.2,0.1,0.14053475442840307,carrier_lane_capacity_review,10
901,4559697a8f7e637227c2eeaed843baff,SP,RJ,10,1059.2,1,250.0,2.4325046296296295,13.763672453703702,4.1,0.1,0.1,0.17673369064918867,carrier_lane_capacity_review,10
902,99002261c568a84cce14d43fcffb43ea,MT,SP,10,1045.0,1,120.0,6.529197916666666,15.74332986111111,3.4,0.2,0.1,0.41472788630281915,seller_dispatch_sla_review,10
903,955fee9216a65b617aa5c0531780ce60,SP,MT,10,950.59,1,69.9,1.4104513888888888,17.682547453703705,4.5,0.0,0.1,0.07976516916364684,carrier_lane_capacity_review,10
904,972d0f9cf61b499a4812cf0bfa3ad3c4,SC,RJ,10,934.95,1,138.4,4.632545138888888,18.557872685185185,2.7,0.6,0.1,0.24962694902994273,carrier_lane_capacity_review,10
905,55a5b51f93f2b70ea513f5a047b0262a,MG,SP,10,888.8,1,128.7,2.5434513888888888,14.263847222222221,3.9,0.1,0.1,0.17831454230148677,carrier_lane_capacity_review,10
906,8a130737016f838139d31878787a39c9,SP,RJ,10,887.65,1,54.4,1.3369965277777778,14.280503472222222,4.0,0.1,0.1,0.09362390691465759,carrier_lane_capacity_review,10
907,52f0fe436a347ddad7ed5f9aa4e27eaa,SP,SP,10,854.38,1,59.99,3.9510925925925933,9.413611111111111,3.8,0.2,0.1,0.4197212468155843,seller_dispatch_sla_review,10
908,23613d49c3ac2bd302259e55c06c050c,SP,RJ,10,797.0,1,15.9,5.984674768518518,17.858369212962963,4.5,0.1,0.1,0.3351187724450442,carrier_lane_capacity_review,10
909,7aa4334be125fcdd2ba64b3180029f14,SP,RS,10,756.16,1,101.4,6.206024305555555,21.116394675925925,3.1,0.3,0.1,0.2938960178003696,carrier_lane_capacity_review,10
910,855668e0971d4dfd7bef1b6a4133b41b,SP,SC,10,722.97,1,109.99,5.150673611111111,17.905849537037035,4.3,0.1,0.1,0.28765312701066165,carrier_lane_capacity_review,10
911,8d956fec2e4337affcb520f56fd8cbfd,SP,BA,10,655.09,1,99.95,1.700528935185185,14.575359953703702,3.8,0.1,0.1,0.11667148808582725,carrier_lane_capacity_review,10
912,0ea22c1cfbdc755f86b9b54b39c16043,MG,SC,10,553.8,1,34.9,1.760988425925926,13.984340277777779,4.5,0.0,0.1,0.1259257420047391,carrier_lane_capacity_review,10
913,8cbac7e12637ed9cffa18c7875207478,SC,RJ,10,482.90000000000003,1,25.0,1.903440972222222,19.147156250000002,3.4,0.3,0.1,0.09941115784346419,carrier_lane_capacity_review,10
914,10076e5788b8ee532724bcd460baf762,SP,SP,10,412.74,1,38.8,1.9707962962962964,10.20708449074074,4.2,0.1,0.1,0.19308121707859727,carrier_lane_capacity_review,10
915,53e4c6e0f4312d4d2107a8c9cddf45cd,SP,PE,10,406.37,1,33.0,4.1047361111111105,19.459590277777778,4.6,0.1,0.1,0.2109364098892969,carrier_lane_capacity_review,10
916,343e716476e3748b069f980efbaa294e,SP,SP,10,377.0,1,22.9,4.994305555555555,8.575243055555555,4.7,0.0,0.1,0.5824097956407132,seller_dispatch_sla_review,10
917,b561927807645834b59ef0d16ba55a24,SP,MG,10,361.3,1,38.0,3.3175243055555557,14.494819444444445,4.1,0.1,0.1,0.22887655263805937,carrier_lane_capacity_review,10
918,11bfa66332777660bd0640ee84d47006,SP,MG,10,344.9,1,27.0,1.8629826388888886,14.130108796296295,4.2,0.1,0.1,0.13184488992591503,carrier_lane_capacity_review,10
919,d9442042130b7fe579d1295f9f4a248f,SP,SP,10,335.46999999999997,1,24.5,4.114065972222223,8.033064814814814,4.5,0.1,0.1,0.5121415134899623,seller_dispatch_sla_review,10
920,1464afc72f696af775557a821c2e253f,RJ,SP,10,334.18,1,42.9,0.6626909722222222,14.409356481481481,4.2,0.1,0.1,0.04599032393111343,carrier_lane_capacity_review,10
921,9b00ed88b7fdb95d6ff76e27c1b52d16,SP,MG,10,316.9,1,46.0,1.7505173611111111,10.578998842592593,4.5,0.1,0.1,0.16547098521868372,carrier_lane_capacity_review,10
922,562fc2f2c2863ab7e79a9e4388a58a14,SP,MT,10,311.9,1,24.99,1.64571875,15.216913194444444,3.9,0.1,0.1,0.10815063008973703,carrier_lane_capacity_review,10
923,b76dba6c951ab00dc4edf0a1aa88037e,SP,BA,10,186.32999999999998,1,25.97,1.2630555555555554,18.631843749999998,3.8,0.2,0.1,0.06779015391622503,carrier_lane_capacity_review,10
924,f62d7bb4a613ec758a03342d46b580b2,MG,SP,11,8500.0,1,750.0,4.942532617845118,12.714141414141414,3.8181818181818183,0.18181818181818182,0.09090909090909091,0.3887429325229735,seller_dispatch_sla_review,10
925,b4f8921fcc4ff77b66bea6dda43dcd51,RS,SP,11,7251.54,1,1999.98,1.031060606060606,7.530617634680135,4.636363636363637,0.09090909090909091,0.09090909090909091,0.13691580904497758,carrier_lane_capacity_review,10
926,edb1ef5e36e0c8cd84eb3c9b003e486d,RJ,PE,11,3930.1499999999996,1,914.65,1.6934511784511783,14.272631523569025,4.818181818181818,0.0,0.09090909090909091,0.11865024159382996,carrier_lane_capacity_review,10
927,94144541854e298c2d976cb893b81343,RS,RJ,11,3784.9,1,459.9,8.47639835858586,17.894357112794612,4.5,0.1,0.09090909090909091,0.4736911365496984,seller_dispatch_sla_review,10
928,f7ba60f8c3f99e7ee4042fdef03b70c4,SP,PB,11,3610.0,1,325.0,1.4265930134680136,15.167072811447811,4.454545454545454,0.09090909090909091,0.09090909090909091,0.09405855903792121,carrier_lane_capacity_review,10
929,82e0a475a88cc9595229d8029273f045,SP,RJ,11,3490.2000000000003,1,284.9,3.2366866582491585,12.382631523569023,4.0,0.2727272727272727,0.09090909090909091,0.26138924121972534,carrier_lane_capacity_review,10
930,2d2c62bef4c8ba0dd74e0e228e808539,SP,SP,11,2281.0,1,220.0,0.7387994528619527,8.806271043771044,4.090909090909091,0.18181818181818182,0.09090909090909091,0.08389469835640921,carrier_lane_capacity_review,10
931,1f9ab4708f3056ede07124aad39a2554,SP,MG,11,1929.0800000000002,1,169.9,2.6835300925925925,11.604031986531986,3.8181818181818183,0.09090909090909091,0.09090909090909091,0.2312584191173537,carrier_lane_capacity_review,10
932,7ddcbb64b5bc1ef36ca8c151f6ec77df,SP,PR,11,1853.89,1,176.99,1.544840067340067,11.548088173400673,3.727272727272727,0.18181818181818182,0.09090909090909091,0.13377452996058511,carrier_lane_capacity_review,10
933,1b4c3a6f53068f0b6944d2d005c9fc89,SC,RJ,11,1811.77,1,169.9,2.391691919191919,19.787123316498317,4.3,0.2,0.09090909090909091,0.12087112820476277,carrier_lane_capacity_review,10
934,fffd5413c0700ac820c7069d66d98c89,SP,MG,11,1798.2,1,178.6,1.6104377104377106,13.180568181818183,3.5454545454545454,0.2727272727272727,0.09090909090909091,0.12218272294658848,carrier_lane_capacity_review,10
935,8581055ce74af1daba164fdbd55a40de,SP,ES,11,1784.74,1,177.65,3.290350378787879,14.800405092592593,3.727272727272727,0.2727272727272727,0.09090909090909091,0.22231488653203524,carrier_lane_capacity_review,10
936,8931a84a914b3fe9b1ddaa4d704947ca,SP,SP,11,1626.3,1,209.70000000000002,3.492834595959596,9.135818602693602,3.4545454545454546,0.2727272727272727,0.09090909090909091,0.3823231116836941,seller_dispatch_sla_review,10
937,de722cd6dad950a92b7d4f82673f8833,PE,CE,11,1616.6000000000001,1,40.0,1.2902914562289562,10.872640993265993,4.181818181818182,0.18181818181818182,0.09090909090909091,0.11867323284454095,carrier_lane_capacity_review,10
938,7142540dd4c91e2237acb7e911c4eba2,SP,RS,11,1593.8999999999999,1,99.9,3.2780208333333336,19.290809132996632,4.454545454545454,0.09090909090909091,0.09090909090909091,0.16992655988318964,carrier_lane_capacity_review,10
939,17e34d8224d27a541263c4c64b11a56b,SP,RS,11,1567.32,1,154.08,2.835960648148148,19.219046717171718,4.7272727272727275,0.0,0.09090909090909091,0.1475599018974386,carrier_lane_capacity_review,10
940,ce7d1888639e6fb06b2749cbfdac1ff7,MG,MG,11,1538.0,1,165.0,1.8182123316498318,12.795507154882154,4.818181818181818,0.0,0.09090909090909091,0.142097715209052,carrier_lane_capacity_review,10
941,cc5a78bbad32776dc4e3af205218368c,MG,SP,11,1490.03,1,55.23,1.604842171717172,8.950922769360268,4.363636363636363,0.09090909090909091,0.09090909090909091,0.17929348884683446,carrier_lane_capacity_review,10
942,7d456afc660226829370f3173d14520c,SP,MG,11,1422.0,1,216.0,1.434682239057239,9.462074915824916,4.2727272727272725,0.09090909090909091,0.09090909090909091,0.1516244853079523,carrier_lane_capacity_review,10
943,b8555308bfdb4ca1ed54325a58da9a97,SP,SP,11,1258.9,1,94.9,1.702183291245791,6.8384343434343435,3.3636363636363638,0.2727272727272727,0.09090909090909091,0.24891418207152577,carrier_lane_capacity_review,10
944,5cf13accae3222c70a9cac40818ae839,MG,BA,11,1161.5,1,99.9,1.0084343434343435,14.868253367003366,4.0,0.18181818181818182,0.09090909090909091,0.06782466766892264,carrier_lane_capacity_review,10
945,3d871de0142ce09b7081e2b9d1733cb1,SP,MT,11,1114.6,1,109.0,2.4919728535353536,16.568143939393938,4.454545454545454,0.0,0.09090909090909091,0.15040748454690875,carrier_lane_capacity_review,10
946,669ae81880e08f269a64487cfb287169,SC,SC,11,965.0,1,115.0,2.22945180976431,10.61411931818182,3.909090909090909,0.2727272727272727,0.09090909090909091,0.210045859004552,carrier_lane_capacity_review,10
947,f45122a9ab94eb4f3f8953578bc0c560,SP,SC,11,928.72,1,29.9,1.420648148148148,15.99106691919192,4.181818181818182,0.0,0.09090909090909091,0.08884011025200174,carrier_lane_capacity_review,10
948,f8db351d8c4c4c22c6835c19a46f01b0,SP,PE,11,926.9,1,99.9,1.632628367003367,20.871208964646463,4.363636363636363,0.0,0.09090909090909091,0.07822394810807846,carrier_lane_capacity_review,10
949,a3a38f4affed601eb87a97788c949667,SC,SC,11,923.26,1,49.9,1.0403840488215488,8.085268308080808,4.454545454545454,0.0,0.09090909090909091,0.12867650264391828,carrier_lane_capacity_review,10
950,54a1852d1b8f10312c55e906355666ee,SP,RS,11,884.89,1,49.99,0.875256734006734,19.749756944444442,4.545454545454546,0.09090909090909091,0.09090909090909091,0.044317342054831795,carrier_lane_capacity_review,10
951,516e7738bd8f735ac19a010ee5450d8d,RJ,RJ,11,872.5,1,67.0,1.3706218434343436,6.41793244949495,4.818181818181818,0.0,0.09090909090909091,0.21356127603714536,carrier_lane_capacity_review,10
952,609e1a9a6c2539919b8205cf7c4e6ff0,SC,RS,11,824.49,1,147.8,0.8721401515151516,13.127441077441079,3.6,0.3,0.09090909090909091,0.0664364171486464,carrier_lane_capacity_review,10
953,dbc22125167c298ef99da25668e1011f,MG,SC,11,804.91,1,52.9,0.8073895202020203,16.810855429292932,4.1,0.1,0.09090909090909091,0.048027866493643344,carrier_lane_capacity_review,10
954,bbad7e518d7af88a0897397ffdca1979,SP,MG,11,804.7,1,35.9,4.912320075757576,13.019932659932662,3.090909090909091,0.36363636363636365,0.09090909090909091,0.3772922797730493,seller_dispatch_sla_review,10
955,669ae81880e08f269a64487cfb287169,SC,RS,11,785.0,1,45.0,2.1008691077441077,11.63774095117845,4.454545454545454,0.09090909090909091,0.09090909090909091,0.18052207181423569,carrier_lane_capacity_review,10
956,259f7b5e6e482c230e5bfaa670b6bb8f,SP,MG,11,779.9,1,39.9,1.8442098063973065,11.980980639730639,3.6363636363636362,0.2727272727272727,0.09090909090909091,0.15392811839472004,carrier_lane_capacity_review,10
957,2e1a7d075abe038c1b2743005fe42ff1,SP,SP,11,712.8000000000001,1,127.8,2.67809132996633,7.147446338383839,4.545454545454546,0.09090909090909091,0.09090909090909091,0.3746920512832969,seller_dispatch_sla_review,10
958,aafe36600ce604f205b86b5084d3d767,SC,SC,11,670.9,1,47.9,1.509638047138047,5.271474116161617,4.545454545454546,0.09090909090909091,0.09090909090909091,0.2863787270641629,carrier_lane_capacity_review,10
959,1dc2de47ee26a0a5b12dc14fd6dc0dea,SP,SP,11,647.9,1,55.9,2.4044223484848484,11.412349537037038,4.545454545454546,0.09090909090909091,0.09090909090909091,0.2106860064776024,carrier_lane_capacity_review,10
960,f918546be4bec7104d117789ba758b2b,SP,SP,11,605.0,1,55.0,1.8258249158249158,6.739829545454546,4.545454545454546,0.0,0.09090909090909091,0.270900755502976,carrier_lane_capacity_review,10
961,2709af9587499e95e803a6498a5a56e9,SP,SP,11,571.78,1,31.799999999999997,2.6360627104377103,6.262363215488216,4.4,0.1,0.09090909090909091,0.4209373713613642,seller_dispatch_sla_review,10
962,04e38a233f726ef161074ab1c9b0399a,SP,SP,11,565.5,1,21.9,4.54860585016835,7.064512836700336,4.2727272727272725,0.09090909090909091,0.09090909090909091,0.6438668815970181,seller_dispatch_sla_review,10
963,4830e40640734fc1c52cd21127c341d4,SP,SC,11,533.0,1,30.0,1.3680723905723906,12.909814814814816,4.090909090909091,0.18181818181818182,0.09090909090909091,0.10597149612110954,carrier_lane_capacity_review,10
964,b56906f7fd1696e043f1bcce164c487b,SP,SP,11,520.68,1,65.5,2.601707702020202,7.33047138047138,4.090909090909091,0.2727272727272727,0.09090909090909091,0.3549168350825621,seller_dispatch_sla_review,10
965,4830e40640734fc1c52cd21127c341d4,SP,PR,11,467.75,1,45.99,1.767777777777778,12.293151304713804,4.090909090909091,0.09090909090909091,0.09090909090909091,0.14380184006194768,carrier_lane_capacity_review,10
966,e5a3438891c0bfdb9394643f95273d8e,SP,RS,11,427.9,1,27.3,2.970457702020202,18.721518308080807,3.727272727272727,0.2727272727272727,0.09090909090909091,0.15866542729806574,carrier_lane_capacity_review,10
967,f7720c4fa8e3aba4546301ab80ea1f1b,PR,RJ,11,372.9,1,18.75,2.0332954545454545,14.69393308080808,4.0,0.09090909090909091,0.09090909090909091,0.1383765288274768,carrier_lane_capacity_review,10
968,562fc2f2c2863ab7e79a9e4388a58a14,SP,PE,11,343.89,1,29.99,2.125590277777778,16.992420033670033,4.2,0.1,0.09090909090909091,0.12509049761987856,carrier_lane_capacity_review,10
969,20cb7c2fde3e5bf10f0bbe7394e1c6a9,PR,SP,11,338.0,1,33.8,1.6400189393939393,8.35781776094276,3.4545454545454546,0.2727272727272727,0.09090909090909091,0.19622573574862745,carrier_lane_capacity_review,10
970,eb5b6204dde3a6e03b5f1bb8479f055b,SP,SP,11,276.71,1,19.9,2.0298369107744105,7.350644991582491,4.2727272727272725,0.0,0.09090909090909091,0.276144054446767,carrier_lane_capacity_review,10
971,ff69aa92bb6b1bf9b8b7a51c2ed9cf8b,SP,SP,12,12900.9,1,899.0,1.096441936728395,5.602172067901235,4.25,0.16666666666666666,0.08333333333333333,0.19571729026508813,carrier_lane_capacity_review,10
972,6061155addc1e54b4cfb51c1c2a32ad8,SP,SP,12,6539.4,1,1240.0,0.9253867669753086,3.6952806712962967,4.833333333333333,0.0,0.08333333333333333,0.2504239459165858,carrier_lane_capacity_review,10
973,7e93a43ef30c4f03f38b393420bc753a,SP,BA,12,5748.48,1,529.0,1.585121527777778,16.425973186728395,4.166666666666667,0.16666666666666666,0.08333333333333333,0.09650092020474622,carrier_lane_capacity_review,10
974,46dc3b2cc0980fb8ec44634e21d2718e,RJ,GO,12,3309.86,1,279.99,1.9890422453703704,13.849842785493827,4.5,0.08333333333333333,0.08333333333333333,0.14361478871469005,carrier_lane_capacity_review,10
975,6a51fc556dab5f766ced6fbc860bc613,SP,RJ,12,3073.17,1,236.9,4.308287037037037,14.928090277777777,4.166666666666667,0.08333333333333333,0.08333333333333333,0.28860269176228326,carrier_lane_capacity_review,10
976,59fb871bf6f4522a87ba567b42dafecf,SP,RJ,12,2099.88,1,189.99,2.4586236496913583,12.841670524691358,4.583333333333333,0.0,0.08333333333333333,0.1914566835338154,carrier_lane_capacity_review,10
977,e06f09ec0a4aca210779cf1cfc63cf19,SP,SP,12,2044.6,1,139.9,8.74608989197531,12.779091435185185,3.4583333333333335,0.25,0.08333333333333333,0.6844062378248855,seller_dispatch_sla_review,10
978,bacb1f0ed56ad24198f5810d2b3fe9a5,SP,SP,12,1872.3500000000001,1,161.9,1.7507195216049383,5.164574652777778,4.545454545454546,0.09090909090909091,0.08333333333333333,0.3389861971814678,carrier_lane_capacity_review,10
979,276677b5d08786d5dce7c2149dcce48b,MG,SP,12,1830.8999999999999,1,329.9,0.5276630015432099,10.038415316358025,4.083333333333333,0.16666666666666666,0.08333333333333333,0.05256437245462046,carrier_lane_capacity_review,10
980,55f7a3319d80f7fdf078b8f03e6725fe,SP,SP,12,1576.88,1,126.49,1.2510368441358024,3.652441165123457,4.083333333333333,0.16666666666666666,0.08333333333333333,0.3425207382070221,carrier_lane_capacity_review,10
981,7c67e1448b00f6e969d365cea6b010ab,SP,PE,12,1528.99,1,159.94,13.20092110339506,28.682498070987652,3.5,0.25,0.08333333333333333,0.4602430747392882,seller_dispatch_sla_review,10
982,ac3508719a1d8f5b7614b798f70af136,RS,RS,12,1518.6000000000001,1,119.9,1.5974787808641977,4.4295428240740735,4.75,0.0,0.08333333333333333,0.3606419091789965,seller_dispatch_sla_review,10
983,c826c40d7b19f62a09e2d7c5e7295ee2,SP,DF,12,1497.78,1,49.77,2.8783429783950614,12.075500578703704,4.75,0.0,0.08333333333333333,0.23836220781366974,carrier_lane_capacity_review,10
984,01fdefa7697d26ad920e9e0346d4bd1b,PR,RS,12,1410.17,1,89.9,1.065870949074074,12.068963155864198,3.5833333333333335,0.16666666666666666,0.08333333333333333,0.08831503877416158,carrier_lane_capacity_review,10
985,750303a20e9c56b2a6bc45cdce0b897d,GO,SP,12,1283.5,1,34.9,0.8500183256172841,12.488045910493826,4.416666666666667,0.08333333333333333,0.08333333333333333,0.06806655994938371,carrier_lane_capacity_review,10
986,4e922959ae960d389249c378d1c939f5,SP,PE,12,1246.9,1,39.0,3.082101658950618,19.37891010802469,4.166666666666667,0.16666666666666666,0.08333333333333333,0.1590441176397396,carrier_lane_capacity_review,10
987,411f3b52d857390502ee4e4d5ceabc2d,SP,SP,12,1200.04,1,97.32,1.3435069444444443,4.094224537037037,4.7,0.0,0.08333333333333333,0.3281468645138675,carrier_lane_capacity_review,10
988,ff063b022a9a0aab91bad2c9088760b7,SP,RJ,12,1176.0,1,79.5,1.6676957947530864,12.89813464506173,3.75,0.25,0.08333333333333333,0.12929744033890916,carrier_lane_capacity_review,10
989,b14db04aa7881970e83ffa9426897925,SP,RS,12,992.0,1,69.0,4.6133574459876545,17.413047839506174,3.75,0.16666666666666666,0.08333333333333333,0.2649368156860521,carrier_lane_capacity_review,10
990,f80edd2c5aaa505cc4b0a3b219abf4b8,SP,MG,12,990.6,1,119.8,3.954796489197531,14.808276427469137,4.25,0.08333333333333333,0.08333333333333333,0.267066630513558,carrier_lane_capacity_review,10
991,4371b634e0efc0e22b09b52907d9d469,SP,MG,12,967.0,1,96.0,1.4245987654320986,9.101384066358024,4.666666666666667,0.0,0.08333333333333333,0.15652550810353405,carrier_lane_capacity_review,10
992,d3674f271c91f824f82d24d92011f669,DF,SP,12,949.1,1,39.9,1.7515065586419754,12.825577739197529,3.9166666666666665,0.16666666666666666,0.08333333333333333,0.1365635602744835,carrier_lane_capacity_review,10
993,86ccac0b835037332a596a33b6949ee1,SC,RS,12,947.27,1,36.62,2.2899739583333334,10.828471257716048,4.458333333333333,0.08333333333333333,0.08333333333333333,0.21147712394781173,carrier_lane_capacity_review,10
994,6d66611d7c44cc30ce351abc49a68421,SP,BA,12,878.8000000000001,1,175.9,3.90659625771605,14.990148533950617,3.4166666666666665,0.4166666666666667,0.08333333333333333,0.2606109104835185,carrier_lane_capacity_review,10
995,897060da8b9a21f655304d50fd935913,SP,SC,12,784.44,1,37.8,2.415939429012346,21.23603973765432,2.909090909090909,0.36363636363636365,0.08333333333333333,0.11376600622613096,carrier_lane_capacity_review,10
996,0ed6ce5d87fd9c69eaacaeb778d67235,SP,RJ,12,757.8000000000001,1,69.9,3.227300347222222,12.039588155864196,4.5,0.0,0.08333333333333333,0.2680573708536933,carrier_lane_capacity_review,10
997,b74d1c09cb380e1d03a6f859c6f4224b,RJ,SP,12,718.86,1,29.99,0.747008101851852,7.554076003086419,4.333333333333333,0.08333333333333333,0.08333333333333333,0.09888808393596277,carrier_lane_capacity_review,10
998,4830e40640734fc1c52cd21127c341d4,SP,RS,12,643.95,1,69.0,2.095174575617284,17.232080439814816,4.25,0.08333333333333333,0.08333333333333333,0.12158570074779665,carrier_lane_capacity_review,10
999,3c7c4a49ec3c6550809089c6a2ca9370,SP,RJ,12,394.66,1,13.99,1.6628317901234568,14.47681327160494,2.5,0.5,0.08333333333333333,0.11486172812527481,carrier_lane_capacity_review,10
1000,562fc2f2c2863ab7e79a9e4388a58a14,SP,GO,12,387.88,1,19.99,1.2847067901234566,14.02985725308642,4.083333333333333,0.08333333333333333,0.08333333333333333,0.09156948406163111,carrier_lane_capacity_review,10
1001,6a8b085f816a1f75f92dbac6eb545f8f,SP,RJ,12,377.7,1,61.5,1.5979378858024689,14.778693094135802,4.0,0.08333333333333333,0.08333333333333333,0.10812443804226045,carrier_lane_capacity_review,10
1002,85d9eb9ddc5d00ca9336a2219c97bb13,MG,PA,12,366.21999999999997,1,31.9,7.753703703703704,25.72250675154321,4.666666666666667,0.08333333333333333,0.08333333333333333,0.3014365504341261,carrier_lane_capacity_review,10
1003,fa1c13f2614d7b5c4749cbc52fecda94,SP,GO,13,3833.39,1,229.9,2.2271509971509973,17.249853098290597,4.461538461538462,0.07692307692307693,0.07692307692307693,0.12911130225055079,carrier_lane_capacity_review,10
1004,710e3548e02bc1d2831dfc4f1b5b14d4,PR,RJ,13,3069.86,1,109.99,4.061152065527066,18.995532407407406,2.9166666666666665,0.4166666666666667,0.07692307692307693,0.2137951165792752,carrier_lane_capacity_review,10
1005,31344c16881c08a8a72c6d2eb29918c1,MG,MG,13,2838.7,1,249.9,3.464124821937322,10.375918803418804,4.461538461538462,0.07692307692307693,0.07692307692307693,0.33386198249700194,carrier_lane_capacity_review,10
1006,056b4ada5bbc2c50cc7842547dda6b51,RJ,MG,13,2730.88,1,142.0,1.723502492877493,9.973351139601139,4.153846153846154,0.07692307692307693,0.07692307692307693,0.17281077029705588,carrier_lane_capacity_review,10
1007,37be5a7c751166fbc5f8ccba4119e043,SP,BA,13,2513.89,1,185.0,3.2132914886039887,16.54409366096866,4.3076923076923075,0.07692307692307693,0.07692307692307693,0.19422590046046984,carrier_lane_capacity_review,10
1008,575df70bde3f9f2b30bf8d2e9910d725,SP,SP,13,2422.6,1,325.0,4.067554309116809,6.632157229344729,4.384615384615385,0.07692307692307693,0.07692307692307693,0.6133078828589068,seller_dispatch_sla_review,10
1009,13d058e4eeac2ce8217660b2f8a05812,SP,SP,13,2199.87,1,229.99,3.2490420227920227,6.668073361823361,4.230769230769231,0.15384615384615385,0.07692307692307693,0.48725349084995423,seller_dispatch_sla_review,10
1010,5b8154610ebb21fb90eb587365e673df,SP,SP,13,2166.86,1,248.96999999999997,1.8115197649572647,6.422961182336182,4.615384615384615,0.0,0.07692307692307693,0.28203809948892955,carrier_lane_capacity_review,10
1011,70c27847eca8195c983ed7e798c56743,RJ,MG,13,2081.58,1,134.0,4.5013051994302,10.30653311965812,4.6923076923076925,0.07692307692307693,0.07692307692307693,0.43674290347397765,seller_dispatch_sla_review,10
1012,de722cd6dad950a92b7d4f82673f8833,PE,DF,13,1938.7,1,149.9,0.9689538817663818,11.510516381766383,4.384615384615385,0.07692307692307693,0.07692307692307693,0.08417987947971521,carrier_lane_capacity_review,10
1013,5343d0649eca2a983820bfe93fc4d17e,SP,RJ,13,1879.22,1,146.7,1.29767094017094,14.70607638888889,3.5384615384615383,0.3076923076923077,0.07692307692307693,0.08824045964778134,carrier_lane_capacity_review,10
1014,54965bbe3e4f07ae045b90b0b8541f52,PR,RS,13,1873.1,1,279.9,5.461888354700855,16.266659544159545,3.8461538461538463,0.15384615384615385,0.07692307692307693,0.3357719721048638,carrier_lane_capacity_review,10
1015,c0563dd588b775f2e37747ef6ad6c92c,SP,SP,13,1788.7,1,139.9,2.812716346153846,7.099844195156695,4.6923076923076925,0.07692307692307693,0.07692307692307693,0.3961659254540541,seller_dispatch_sla_review,10
1016,1025f0e2d44d7041d6cf58b6550e0bfa,SP,CE,13,1673.99,1,229.0,2.8866185897435903,17.239194266381766,3.4615384615384617,0.3076923076923077,0.07692307692307693,0.16744509894947926,carrier_lane_capacity_review,10
1017,066a6914e1ebf3ea95a216c73a986b91,PR,RJ,13,1587.6399999999999,1,132.5,3.1144355413105416,16.542982549857552,4.076923076923077,0.15384615384615385,0.07692307692307693,0.18826324285383225,carrier_lane_capacity_review,10
1018,7ad32824caee82087b3e2e5f33b1bf32,SP,RS,13,1434.0,1,199.0,1.211318554131054,14.605689992877492,3.8461538461538463,0.15384615384615385,0.07692307692307693,0.08293470248387834,carrier_lane_capacity_review,10
1019,16090f2ca825584b5a147ab24aa30c86,SP,RS,13,1425.74,1,649.49,1.532531160968661,14.440043625356127,3.6923076923076925,0.23076923076923078,0.07692307692307693,0.10613064618984937,carrier_lane_capacity_review,10
1020,5a8e7d5003a1f221f9e1d6e411de7c23,SP,SC,13,1337.8,1,59.9,2.6143438390313394,15.623122329059829,4.230769230769231,0.07692307692307693,0.07692307692307693,0.1673381148765969,carrier_lane_capacity_review,10
1021,6560211a19b47992c3666cc44a7e94c0,SP,RN,13,1304.0,1,95.0,1.4837134971509973,13.75025284900285,3.8333333333333335,0.16666666666666666,0.07692307692307693,0.10790445189948593,carrier_lane_capacity_review,10
1022,b335c59ab742f751a85db9c411a86739,MG,SP,13,1258.82,1,142.0,4.60946047008547,13.05054042022792,3.6153846153846154,0.15384615384615385,0.07692307692307693,0.35320073511599215,seller_dispatch_sla_review,10
1023,54a1852d1b8f10312c55e906355666ee,SP,RJ,13,1165.87,1,109.99,1.428983262108262,14.158995726495728,4.0,0.15384615384615385,0.07692307692307693,0.10092405490554714,carrier_lane_capacity_review,10
1024,77a515caa36327151d1cc6c32a9f00e1,SP,SP,13,1088.39,1,98.0,1.0793963675213676,3.2025356125356126,4.769230769230769,0.0,0.07692307692307693,0.33704429805442626,carrier_lane_capacity_review,10
1025,a5a1bfcf728ab0e19182959cf0771ee4,SP,SP,13,992.78,1,46.9,1.2292423433048432,7.4705297364672365,4.6923076923076925,0.0,0.07692307692307693,0.1645455391609409,carrier_lane_capacity_review,10
1026,6b243f80ed07b10f0e8aa0f21a205f3c,PR,RJ,13,962.6,1,124.9,1.4119355413105412,15.456301638176637,3.923076923076923,0.23076923076923078,0.07692307692307693,0.09135015441359527,carrier_lane_capacity_review,10
1027,5a8e7d5003a1f221f9e1d6e411de7c23,SP,MG,13,958.3,1,49.9,2.364604700854701,11.608542556980057,3.923076923076923,0.07692307692307693,0.07692307692307693,0.2036952261016519,carrier_lane_capacity_review,10
1028,412a4720f3e9431b4afa1476a1acddbe,SP,SP,13,825.1999999999999,1,51.8,0.9997970085470086,8.092582799145298,3.923076923076923,0.15384615384615385,0.07692307692307693,0.12354485994911324,carrier_lane_capacity_review,10
1029,391fc6631aebcf3004804e51b40bcf1e,SP,DF,13,781.5200000000001,1,49.7,2.770002670940171,13.960897435897435,3.730769230769231,0.23076923076923078,0.07692307692307693,0.19841150496655802,carrier_lane_capacity_review,10
1030,4c2b230173bb36f9b240f2b8ac11786e,SP,PR,13,764.0,1,45.9,4.8891328347578344,12.473196225071225,4.615384615384615,0.07692307692307693,0.07692307692307693,0.39197113125909444,seller_dispatch_sla_review,10
1031,fa40cc5b934574b62717c68f3d678b6d,SP,RS,13,678.15,1,42.99,2.7993144586894587,14.353274572649571,4.6923076923076925,0.07692307692307693,0.07692307692307693,0.19502967385739306,carrier_lane_capacity_review,10
1032,093805f8f2aeb63881444571e1f48f30,SP,SP,13,588.75,1,37.8,2.080365918803419,6.231411146723646,4.3076923076923075,0.07692307692307693,0.07692307692307693,0.3338514936375583,carrier_lane_capacity_review,10
1033,7c5b05cbdb5542049f38d90d7815b97d,SP,SP,13,497.56,1,19.99,2.2235033831908835,5.575278668091168,4.538461538461538,0.07692307692307693,0.07692307692307693,0.39881475268969,seller_dispatch_sla_review,10
1034,daeb5653dd96c1b11860f72209795012,MG,SP,13,377.7,1,10.9,2.6508110754985754,11.177987891737892,4.153846153846154,0.15384615384615385,0.07692307692307693,0.23714563847916656,carrier_lane_capacity_review,10
1035,db4350fd57ae30082dec7acbaacc17f9,SP,MG,13,285.7,1,21.9,1.4385710470085469,10.591719195156696,4.538461538461538,0.07692307692307693,0.07692307692307693,0.13582035366518838,carrier_lane_capacity_review,10
1036,8b321bb669392f5163d04c59e235e066,SP,PE,13,209.03,1,14.99,2.6157549857549856,16.243542556980056,4.333333333333333,0.08333333333333333,0.07692307692307693,0.16103352926735567,carrier_lane_capacity_review,10
1037,7e93a43ef30c4f03f38b393420bc753a,SP,CE,14,6712.02,1,159.0,2.7442840608465606,15.356794808201059,4.285714285714286,0.07142857142857142,0.07142857142857142,0.17870161678405824,carrier_lane_capacity_review,10
1038,fe2032dab1a61af8794248c8196565c9,SP,RS,14,3521.5099999999998,1,308.0,2.058856646825397,14.116484788359788,4.357142857142857,0.14285714285714285,0.07142857142857142,0.14584768642425025,carrier_lane_capacity_review,10
1039,c3867b4666c7d76867627c2f7fb22e21,SP,SC,14,2908.7,1,125.0,2.9783953373015875,18.4087640542328,4.214285714285714,0.14285714285714285,0.07142857142857142,0.16179224898136238,carrier_lane_capacity_review,10
1040,9e6229250fedbe05838fef417b74e7fb,SP,RJ,14,2738.4,1,179.9,3.357349537037037,13.23217509920635,4.571428571428571,0.07142857142857142,0.07142857142857142,0.2537262023715517,carrier_lane_capacity_review,10
1041,b410bdd36d5db7a65dcd42b7ead933b8,GO,SP,14,2506.0,1,179.0,1.0564500661375662,8.207712466931216,4.714285714285714,0.0,0.07142857142857142,0.12871431234878072,carrier_lane_capacity_review,10
1042,da8622b14eb17ae2831f4ac5b9dab84a,SP,MT,14,2427.9,1,29.9,1.4557060185185187,16.824461805555554,3.9285714285714284,0.21428571428571427,0.07142857142857142,0.0865231848330408,carrier_lane_capacity_review,10
1043,620c87c171fb2a6dd6e8bb4dec959fc6,RJ,ES,14,2395.6,1,57.9,2.2970767195767197,13.629077380952381,4.5,0.07142857142857142,0.07142857142857142,0.1685423492265918,carrier_lane_capacity_review,10
1044,001cca7ae9ae17fb1caed9dfb1094831,ES,BA,14,2247.0,1,112.0,2.9363078703703707,12.498559027777777,4.214285714285714,0.07142857142857142,0.07142857142857142,0.23493171203532262,carrier_lane_capacity_review,10
1045,1a3df491d1c4f1589fc2b934ada68bf2,SC,SC,14,2045.6000000000001,1,148.9,2.7904761904761908,9.073297784391533,4.5,0.07142857142857142,0.07142857142857142,0.30754817672539597,carrier_lane_capacity_review,10
1046,8f2ce03f928b567e3d56181ae20ae952,SP,MG,14,1784.5,1,169.9,3.012318948412698,14.316884093915345,4.214285714285714,0.07142857142857142,0.07142857142857142,0.21040325036178295,carrier_lane_capacity_review,10
1047,c003204e1ab016dfa150abc119207b24,SP,RS,14,1610.6000000000001,1,108.9,0.9495130621693122,11.648444113756613,4.357142857142857,0.07142857142857142,0.07142857142857142,0.08151415355531934,carrier_lane_capacity_review,10
1048,3b872fd4747f01cc56206f2934198618,SP,SP,14,1450.32,1,119.9,1.7619419642857144,9.810847387566138,4.357142857142857,0.07142857142857142,0.07142857142857142,0.17959121110361237,carrier_lane_capacity_review,10
1049,79ebd9a61bac3eaf882805ed4ecfa12a,PR,PR,14,1398.6,1,114.9,4.621438492063492,11.043362268518518,4.285714285714286,0.07142857142857142,0.07142857142857142,0.4184811092576305,seller_dispatch_sla_review,10
1050,f615fe7efbef0f4f08fd3086bc7a3e60,SP,SP,14,1321.09,1,109.8,0.9156853505291005,4.4014723875661375,4.642857142857143,0.07142857142857142,0.07142857142857142,0.20804068954649127,carrier_lane_capacity_review,10
1051,8b9d6eec4a7eb7d0f9d579ce0b38324d,RJ,SP,14,1273.8999999999999,1,74.99,1.7380729166666669,8.78895916005291,3.642857142857143,0.2857142857142857,0.07142857142857142,0.19775639925219582,carrier_lane_capacity_review,10
1052,0be8ff43f22e456b4e0371b2245e4d01,SP,RJ,14,1146.5,1,99.9,2.210376984126984,12.343708664021165,3.5714285714285716,0.21428571428571427,0.07142857142857142,0.17906911482524554,carrier_lane_capacity_review,10
1053,ba143b05f0110f0dc71ad71b4466ce92,SP,MG,14,1006.85,1,57.89,2.1845659722222224,11.494454365079365,4.357142857142857,0.14285714285714285,0.07142857142857142,0.19005390798357732,carrier_lane_capacity_review,10
1054,cc419e0650a3c5ba77189a1882b7556a,SP,PB,14,928.86,1,84.99,2.4852050264550267,16.129823908730156,4.142857142857143,0.14285714285714285,0.07142857142857142,0.15407514927115395,carrier_lane_capacity_review,10
1055,cc419e0650a3c5ba77189a1882b7556a,SP,MT,14,925.85,1,49.99,2.480091765873016,17.48895337301587,3.7142857142857144,0.21428571428571427,0.07142857142857142,0.14180904442798786,carrier_lane_capacity_review,10
1056,8a432f4e5b471f8da497d7dc517666e2,SP,RJ,14,850.0,1,39.0,0.9119783399470899,9.690939153439155,3.7857142857142856,0.21428571428571427,0.07142857142857142,0.09410629099073889,carrier_lane_capacity_review,10
1057,0be8ff43f22e456b4e0371b2245e4d01,SP,MG,14,664.3,1,39.9,2.435229828042328,12.463723544973545,4.285714285714286,0.07142857142857142,0.07142857142857142,0.19538541746815494,carrier_lane_capacity_review,10
1058,c66dccfb3f109511246da627dd5a2498,SP,SP,15,3776.35,1,129.9,1.8289945987654321,7.759433641975308,4.466666666666667,0.13333333333333333,0.06666666666666667,0.2357123835522392,carrier_lane_capacity_review,10
1059,056b4ada5bbc2c50cc7842547dda6b51,RJ,SP,15,3460.8500000000004,1,659.99,1.6050015432098765,16.58803086419753,4.266666666666667,0.06666666666666667,0.06666666666666667,0.09675660458734749,carrier_lane_capacity_review,10
1060,080199a181c46c657dc5aa235411be3b,SP,DF,15,3006.33,1,179.49,1.6018317901234567,9.61683101851852,4.6,0.0,0.06666666666666667,0.16656545041073417,carrier_lane_capacity_review,10
1061,218d46b86c1881d022bce9c68a7d4b15,SP,RS,15,2891.46,1,117.0,1.6828155864197532,15.52298225308642,4.2,0.06666666666666667,0.06666666666666667,0.10840800813807286,carrier_lane_capacity_review,10
1062,634964b17796e64304cadf1ad3050fb7,RJ,SC,15,2801.9,1,137.0,2.9411481481481485,14.080925925925925,4.0,0.13333333333333333,0.06666666666666667,0.2088746268264135,carrier_lane_capacity_review,10
1063,76d5af76d0271110f9af36c92573f765,SP,RS,15,2680.22,1,42.0,2.5834799382716045,15.909041666666667,3.8,0.2,0.06666666666666667,0.16239067018628953,carrier_lane_capacity_review,10
1064,c33847515fa6305ce6feb1e818569f13,SC,MG,15,2324.92,1,149.0,1.7349089506172841,12.113971450617283,3.8,0.2,0.06666666666666667,0.14321553899063214,carrier_lane_capacity_review,10
1065,7a67c85e85bb2ce8582c35f2203ad736,SP,MA,15,1930.8500000000001,1,129.99,2.2773842592592595,17.493518518518517,4.066666666666666,0.13333333333333333,0.06666666666666667,0.13018445985285557,carrier_lane_capacity_review,10
1066,0cbcee27c791afa0cdcb08587a2013a8,MG,SP,15,1829.15,1,139.0,2.21477237654321,10.947622685185186,4.066666666666666,0.06666666666666667,0.06666666666666667,0.20230623946697937,carrier_lane_capacity_review,10
1067,fde0cc9ea29c8ccfc0a2c22256a58c71,PR,SP,15,1713.0,1,99.0,1.4738510802469136,9.46990200617284,4.066666666666666,0.2,0.06666666666666667,0.15563530428152286,carrier_lane_capacity_review,10
1068,4d6d651bd7684af3fffabd5f08d12e5a,SP,SC,15,1575.5,1,119.9,2.82329475308642,17.600835648148145,3.8,0.2,0.06666666666666667,0.16040685848819175,carrier_lane_capacity_review,10
1069,e333046ce6517bd8bb510291d44f0130,SP,MG,15,1519.0,1,39.0,1.7306990740740742,10.314669753086418,4.333333333333333,0.06666666666666667,0.06666666666666667,0.167790061679503,carrier_lane_capacity_review,10
1070,3361277dc30b7cccdb0c286b24219756,PR,SP,15,1485.46,1,71.78,2.3785686728395063,11.538366512345679,4.666666666666667,0.0,0.06666666666666667,0.2061443160342077,carrier_lane_capacity_review,10
1071,f8db351d8c4c4c22c6835c19a46f01b0,SP,DF,15,1428.5,1,89.9,1.4478217592592593,11.217054783950617,3.6666666666666665,0.2,0.06666666666666667,0.12907325382156512,carrier_lane_capacity_review,10
1072,a3e9a2c700480d9bb01fba070ba80a0e,SP,MG,15,1384.0,1,76.0,2.960210648148148,11.368058641975308,4.428571428571429,0.0,0.06666666666666667,0.2603972007338083,carrier_lane_capacity_review,10
1073,c8b3445d737de6befde0c88ede534a5e,SP,SP,15,1379.69,1,119.99,1.9130277777777778,6.326996913580247,4.4,0.13333333333333333,0.06666666666666667,0.3023595244169727,carrier_lane_capacity_review,10
1074,33a6f4b1e7cdc205511e76ba1b6e0186,SP,RJ,15,1373.85,1,115.0,1.498679012345679,13.397529320987655,4.266666666666667,0.06666666666666667,0.06666666666666667,0.11186234240950313,carrier_lane_capacity_review,10
1075,8b28d096634035667e8263d57ba3368c,SP,RJ,15,1117.17,1,49.89,1.663418209876543,9.901623456790125,4.733333333333333,0.0,0.06666666666666667,0.167994492735011,carrier_lane_capacity_review,10
1076,e38db885400cd35c71dfd162f2c1dbcf,DF,SP,15,1103.3000000000002,1,64.9,3.0253773148148144,11.050552469135802,4.666666666666667,0.0,0.06666666666666667,0.27377611420466935,carrier_lane_capacity_review,10
1077,6edacfd9f9074789dad6d62ba7950b9c,SP,PR,15,949.4,1,76.9,1.2765007716049381,8.067185956790123,4.866666666666666,0.0,0.06666666666666667,0.15823371104152023,carrier_lane_capacity_review,10
1078,aafe36600ce604f205b86b5084d3d767,SC,RJ,15,931.6,1,89.9,1.7280378086419754,13.761263117283951,3.933333333333333,0.2,0.06666666666666667,0.12557261596659572,carrier_lane_capacity_review,10
1079,7722b1df1b0e383e000397b2c11e3e19,SP,RJ,15,889.35,1,49.9,1.573091049382716,10.676162037037038,3.8666666666666667,0.26666666666666666,0.06666666666666667,0.14734611969408595,carrier_lane_capacity_review,10
1080,d4e12e7884759a14fa0f5f896c791cae,SP,SP,15,811.3,1,26.9,1.5010532407407409,6.001935185185185,4.666666666666667,0.06666666666666667,0.06666666666666667,0.250094876806709,carrier_lane_capacity_review,10
1081,b499c00f28f4b7069ff6550af8c1348a,SP,MG,15,799.84,1,29.99,1.8691041666666668,10.728776234567901,4.266666666666667,0.06666666666666667,0.06666666666666667,0.17421410660467043,carrier_lane_capacity_review,10
1082,9b013e03b2ab786505a1d3b5c0756754,SP,RJ,15,728.41,1,37.49,1.7749097222222223,12.025195987654321,4.2,0.13333333333333333,0.06666666666666667,0.14759923447771123,carrier_lane_capacity_review,10
1083,1d4587203296c8f4ad134dc286fa6db0,SP,SP,15,723.5,1,95.9,1.3513919753086419,3.998775462962963,4.4,0.06666666666666667,0.06666666666666667,0.3379514523446896,carrier_lane_capacity_review,10
1084,7d76b645482be4a332374e8223836592,SP,PR,15,323.44,1,19.9,3.2019753086419755,11.695152006172838,4.071428571428571,0.07142857142857142,0.06666666666666667,0.2737865490719518,carrier_lane_capacity_review,10
1085,fa1c13f2614d7b5c4749cbc52fecda94,SP,CE,16,4676.75,1,284.8,2.3349703414351852,18.170735677083332,4.4375,0.0625,0.0625,0.12850169541456793,carrier_lane_capacity_review,10
1086,d1b65fc7debc3361ea86b5f14c68d2e2,SP,SP,16,4306.75,1,109.9,2.0046766493055554,5.374928385416666,4.625,0.0,0.0625,0.37296806683874584,seller_dispatch_sla_review,10
1087,7202e2ba20579a9bd1acb29e61fe71f6,SP,SP,16,3104.2999999999997,1,169.9,1.1578305844907408,6.0453913483796295,4.4375,0.0625,0.0625,0.19152285067551147,carrier_lane_capacity_review,10
1088,7c67e1448b00f6e969d365cea6b010ab,SP,PA,16,3041.32,1,169.9,9.806420717592593,29.136200086805555,2.933333333333333,0.4666666666666667,0.0625,0.3365717110802472,carrier_lane_capacity_review,10
1089,76d5af76d0271110f9af36c92573f765,SP,MG,16,2542.79,1,660.45,3.4750983796296295,12.50601779513889,4.0,0.1875,0.0625,0.27787409522001527,carrier_lane_capacity_review,10
1090,d94a40fd42351c259927028d163af842,MG,MG,16,2352.0,1,129.0,2.5301121238425925,10.195746527777779,4.8125,0.0,0.0625,0.2481536900656989,carrier_lane_capacity_review,10
1091,056b4ada5bbc2c50cc7842547dda6b51,RJ,RJ,16,2302.86,1,129.99,1.473820167824074,5.347667824074074,4.4375,0.125,0.0625,0.2756005451926625,carrier_lane_capacity_review,10
1092,df560393f3a51e74553ab94004ba5c87,PR,SP,16,1926.0900000000001,1,79.9,6.701081452546296,18.04576388888889,4.125,0.0625,0.0625,0.37133819847173527,seller_dispatch_sla_review,10
1093,0bf0150d5b9d60d9cd2906003332f085,SP,SP,16,1814.4,1,59.9,3.6567144097222224,6.380982349537037,4.25,0.0625,0.0625,0.5730644921761192,seller_dispatch_sla_review,10
1094,ccf8813e5a7d6c84d865cd38bfc2b130,SP,SP,16,1639.6,1,102.0,1.9274348958333334,7.699242621527778,4.125,0.1875,0.0625,0.2503408439739321,carrier_lane_capacity_review,10
1095,d91fb3b7d041e83b64a00a3edfb37e4f,SP,SC,16,1607.12,1,161.6,2.4396752025462964,11.712363281250001,3.8125,0.25,0.0625,0.20829914031542252,carrier_lane_capacity_review,10
1096,a3a38f4affed601eb87a97788c949667,SC,PR,16,1545.95,1,239.9,1.1572475405092593,11.048023003472222,4.375,0.125,0.0625,0.1047470248881229,carrier_lane_capacity_review,10
1097,516e7738bd8f735ac19a010ee5450d8d,RJ,MG,16,1525.4,1,166.0,0.652103587962963,8.136631221064816,4.875,0.0,0.0625,0.08014417395183657,carrier_lane_capacity_review,10
1098,cea729054f157f5870bdd321a958d994,SP,SP,16,1501.7,1,68.9,1.127849392361111,4.550985966435185,4.125,0.125,0.0625,0.24782528460411016,carrier_lane_capacity_review,10
1099,cca3071e3e9bb7d12640c9fbe2301306,SP,BA,16,1230.32,1,52.64,4.576077835648148,20.38355902777778,3.8666666666666667,0.2,0.0625,0.2244984710183378,carrier_lane_capacity_review,10
1100,5160d23075764e18e07c1f4a87fad743,SP,SP,16,1180.0,1,75.0,2.6179853877314816,6.062777054398149,4.25,0.125,0.0625,0.43181290755732216,seller_dispatch_sla_review,10
1101,febab0275244b9a49a623f0bd613ca2f,SP,MG,16,1093.25,1,229.5,1.0578732638888888,10.958508391203704,4.5625,0.0625,0.0625,0.09653442112049064,carrier_lane_capacity_review,10
1102,af3ef48d0e13835e529c29ac573c63e5,SP,SP,16,1086.18,1,53.0,1.7348263888888888,7.09835865162037,3.875,0.1875,0.0625,0.24439824388034737,carrier_lane_capacity_review,10
1103,36a968b544695394e4e9d7572688598f,SP,MG,16,1035.26,1,64.9,4.153825954861111,12.34583984375,3.125,0.375,0.0625,0.33645551922204453,carrier_lane_capacity_review,10
1104,640e21a7d01df7614a3b4923e990d40c,SP,RJ,16,892.6800000000001,1,26.4,1.1337738715277779,9.014448784722223,3.9375,0.1875,0.0625,0.12577295612897696,carrier_lane_capacity_review,10
1105,6860153b69cc696d5dcfe1cdaaafcf62,SP,MG,16,740.8,1,43.97,1.4055251736111112,11.443561921296297,4.4375,0.0625,0.0625,0.12282235053016578,carrier_lane_capacity_review,10
1106,e5a3438891c0bfdb9394643f95273d8e,SP,PR,16,562.3,1,47.6,3.2917201967592593,15.694421296296296,4.5,0.125,0.0625,0.20973823338972478,carrier_lane_capacity_review,10
1107,7d76b645482be4a332374e8223836592,SP,MG,16,367.65,1,24.9,3.7883883101851854,12.525081018518518,4.5625,0.0,0.0625,0.30246417604676545,carrier_lane_capacity_review,10
1108,8b321bb669392f5163d04c59e235e066,SP,DF,16,346.4,1,12.9,1.7892173032407408,12.496375144675925,4.5625,0.0,0.0625,0.1431789044843965,carrier_lane_capacity_review,10
1109,b76dba6c951ab00dc4edf0a1aa88037e,SP,RS,16,243.14,1,29.99,1.5086942997685184,11.706202256944445,4.533333333333333,0.06666666666666667,0.0625,0.128879910551137,carrier_lane_capacity_review,10
1110,53243585a1d6dc2643021fd1853d8905,BA,RS,17,11905.36,1,599.0,3.475504493464052,17.175247140522877,4.375,0.0,0.058823529411764705,0.2023554284272293,carrier_lane_capacity_review,10
1111,fa1c13f2614d7b5c4749cbc52fecda94,SP,PE,17,4648.46,1,378.9,2.203691448801743,17.52337962962963,4.647058823529412,0.058823529411764705,0.058823529411764705,0.12575721666587666,carrier_lane_capacity_review,10
1112,c33847515fa6305ce6feb1e818569f13,SC,RJ,17,2569.0,1,149.0,1.85630174291939,11.71782066993464,3.235294117647059,0.35294117647058826,0.058823529411764705,0.15841697831084353,carrier_lane_capacity_review,10
1113,c70c1b0d8ca86052f45a432a38b73958,SP,RJ,17,2549.62,1,95.0,3.3252267156862745,10.683142701525055,4.411764705882353,0.058823529411764705,0.058823529411764705,0.31125922479829715,carrier_lane_capacity_review,10
1114,8bd0f31cf0a614c658f6763bd02dea69,SP,SP,17,2533.86,1,37.99,1.1415475217864923,5.7316571350762535,4.25,0.125,0.058823529411764705,0.19916535390795062,carrier_lane_capacity_review,10
1115,7a67c85e85bb2ce8582c35f2203ad736,SP,PE,17,2123.83,1,129.99,1.8645915032679738,15.818738425925925,3.8823529411764706,0.17647058823529413,0.058823529411764705,0.11787232667126127,carrier_lane_capacity_review,10
1116,4e922959ae960d389249c378d1c939f5,SP,BA,17,1975.0,1,77.0,3.220367647058824,18.20752927559913,4.0,0.23529411764705882,0.058823529411764705,0.17687010677360868,carrier_lane_capacity_review,10
1117,850913d59ce317156b00f3705f1c3edb,SP,SP,17,1310.0,1,42.0,4.659385893246188,8.151215958605665,4.176470588235294,0.17647058823529413,0.058823529411764705,0.571618506601709,seller_dispatch_sla_review,10
1118,16090f2ca825584b5a147ab24aa30c86,SP,SC,17,1236.56,1,332.0,1.2335770697167756,11.219656862745099,3.8823529411764706,0.11764705882352941,0.058823529411764705,0.10994784286254525,carrier_lane_capacity_review,10
1119,4830e40640734fc1c52cd21127c341d4,SP,MG,17,1165.92,1,15.99,1.0667817265795208,10.048943355119826,3.6470588235294117,0.29411764705882354,0.058823529411764705,0.1061585968674017,carrier_lane_capacity_review,10
1120,e26901d5ab434ce92fd9b5c256820a4e,SP,RJ,17,848.2,1,34.9,2.2377750544662307,10.851937636165577,3.588235294117647,0.35294117647058826,0.058823529411764705,0.20620972304600582,carrier_lane_capacity_review,10
1121,562fc2f2c2863ab7e79a9e4388a58a14,SP,BA,17,596.8199999999999,1,29.99,0.8692769607843137,14.402514297385622,4.0588235294117645,0.17647058823529413,0.058823529411764705,0.060355917226348935,carrier_lane_capacity_review,10
1122,5656537e588803a555b8eb41f07a944b,DF,DF,17,596.4300000000001,1,25.89,1.3293171296296296,2.58479098583878,3.8823529411764706,0.17647058823529413,0.058823529411764705,0.51428418657931,seller_dispatch_sla_review,10
1123,ea8482cd71df3c1969d7b9473ff13abc,SP,MT,17,539.31,1,27.99,2.7216115196078436,16.493632216775598,3.764705882352941,0.17647058823529413,0.058823529411764705,0.16500983433107627,carrier_lane_capacity_review,10
1124,4ebdc7e6cd6102a022dadc49156d4ea8,SP,SP,17,538.8,1,34.0,3.748848720043573,7.5890509259259264,4.411764705882353,0.058823529411764705,0.058823529411764705,0.49398123120200077,seller_dispatch_sla_review,10
1125,537eb890efff034a88679788b647c564,RJ,MG,17,534.1,1,42.9,1.133197167755991,10.682254221132897,4.0588235294117645,0.17647058823529413,0.058823529411764705,0.1060822130140066,carrier_lane_capacity_review,10
1126,fa1c13f2614d7b5c4749cbc52fecda94,SP,DF,18,5441.79,1,228.8,2.658866383744856,12.286297582304526,4.444444444444445,0.05555555555555555,0.05555555555555555,0.2164090822262288,carrier_lane_capacity_review,10
1127,7d13fca15225358621be4086e1eb0964,SP,GO,18,3941.13,1,118.0,2.842775848765432,16.269867541152266,4.611111111111111,0.0,0.05555555555555555,0.1747264285695654,carrier_lane_capacity_review,10
1128,de722cd6dad950a92b7d4f82673f8833,PE,PE,18,2673.7000000000003,1,149.9,1.184875257201646,5.999894547325103,4.444444444444445,0.05555555555555555,0.05555555555555555,0.19748268037975633,carrier_lane_capacity_review,10
1129,c3867b4666c7d76867627c2f7fb22e21,SP,MG,18,2175.9,1,60.0,1.6544367283950616,15.100044367283951,4.222222222222222,0.1111111111111111,0.05555555555555555,0.1095650243240077,carrier_lane_capacity_review,10
1130,c70c1b0d8ca86052f45a432a38b73958,SP,MG,18,2144.7999999999997,1,110.32,2.7532124485596707,10.361298868312756,3.9444444444444446,0.2222222222222222,0.05555555555555555,0.26572078303615293,carrier_lane_capacity_review,10
1131,ac3508719a1d8f5b7614b798f70af136,RS,RJ,18,1982.8000000000002,1,129.8,1.0496354166666666,13.431666023662551,4.666666666666667,0.0,0.05555555555555555,0.07814633082876875,carrier_lane_capacity_review,10
1132,d66c305afaec317ebee552073a674429,MG,SP,18,1970.03,1,97.99,2.2913509516460904,8.47911908436214,4.5,0.05555555555555555,0.05555555555555555,0.2702345525341165,carrier_lane_capacity_review,10
1133,f789d2c4f2c2eb38fc4373e7a4b35264,MG,SP,18,1914.72,1,59.99,1.2795273919753087,7.967173353909465,4.333333333333333,0.1111111111111111,0.05555555555555555,0.1605999185831006,carrier_lane_capacity_review,10
1134,c68fb906c8f4b4b946d8386bfa6e5467,SP,SP,18,1651.25,1,69.88,1.025343364197531,7.078184799382716,4.333333333333333,0.1111111111111111,0.05555555555555555,0.14485964880246563,carrier_lane_capacity_review,10
1135,f680f85bee2d253556ac91be391d2c82,SP,SP,18,1539.44,1,34.99,1.2501800411522632,5.187186213991769,4.388888888888889,0.0,0.05555555555555555,0.24101314076214636,carrier_lane_capacity_review,10
1136,602044f2c16190c2c6e45eb35c2e21cb,SP,SP,18,1301.87,1,149.98,1.476215277777778,9.511650591563786,3.8333333333333335,0.2222222222222222,0.05555555555555555,0.15520074708033163,carrier_lane_capacity_review,10
1137,ce27a3cc3c8cc1ea79d11e561e9bebb6,SP,RJ,18,1288.24,1,129.99,3.867579732510288,11.567959104938272,4.5,0.0625,0.05555555555555555,0.33433552949363804,carrier_lane_capacity_review,10
1138,2e1c9f22be269ef4643f826c9e650a52,SP,MG,18,1275.79,1,82.49,1.573369341563786,10.131339377572015,4.0,0.16666666666666666,0.05555555555555555,0.15529726948509798,carrier_lane_capacity_review,10
1139,b17b679f4f5ce2e03ce6968c62648246,SP,SP,18,1108.23,1,35.9,5.041144547325103,12.043456790123457,3.9444444444444446,0.16666666666666666,0.05555555555555555,0.4185795353589197,seller_dispatch_sla_review,10
1140,31561f325664a8a7aba4c8d0c3a9b3db,SP,SP,18,969.15,1,49.9,1.305474537037037,4.6118807870370375,4.611111111111111,0.05555555555555555,0.05555555555555555,0.28306771083641913,carrier_lane_capacity_review,10
1141,113e3a788b935f48aad63e1c41dac1bd,SP,SP,18,375.48,1,19.83,2.1082227366255144,8.657948173868313,4.388888888888889,0.0,0.05555555555555555,0.24350142716130105,carrier_lane_capacity_review,10
1142,17f51e7198701186712e53a39c564617,SP,SP,19,16860.0,1,760.0,11.474275097465886,15.73317251461988,4.473684210526316,0.05263157894736842,0.05263157894736842,0.7293046006330599,seller_dispatch_sla_review,10
1143,7d13fca15225358621be4086e1eb0964,SP,DF,19,4611.98,1,145.0,2.7566946881091616,14.13371405945419,3.8823529411764706,0.17647058823529413,0.05263157894736842,0.19504389833507205,carrier_lane_capacity_review,10
1144,45ba18c210d42734ec52c0c1c574e9ee,SP,SP,19,3009.5699999999997,1,474.89,0.4514242202729044,3.7362091861598437,4.368421052631579,0.10526315789473684,0.05263157894736842,0.1208241288911577,carrier_lane_capacity_review,10
1145,a416b6a846a11724393025641d4edd5e,SP,MG,19,2944.75,1,91.99,2.4012030945419105,11.05725999025341,4.684210526315789,0.05263157894736842,0.05263157894736842,0.2171607700875703,carrier_lane_capacity_review,10
1146,c826c40d7b19f62a09e2d7c5e7295ee2,SP,GO,19,2535.13,1,122.99,2.368057992202729,13.370506822612086,4.2631578947368425,0.10526315789473684,0.05263157894736842,0.17711056309383053,carrier_lane_capacity_review,10
1147,d94a40fd42351c259927028d163af842,MG,RJ,19,2520.3,1,129.0,2.1174811159844054,15.666122685185186,4.368421052631579,0.10526315789473684,0.05263157894736842,0.13516306226727184,carrier_lane_capacity_review,10
1148,2a7dc43cecabf23403078e2188437d1d,SP,SP,19,1776.29,1,294.0,4.311271929824561,7.122744273879142,4.368421052631579,0.05263157894736842,0.05263157894736842,0.6052824254318742,seller_dispatch_sla_review,10
1149,0885aaf116795758dfeb5f1032487bcd,SP,SP,19,1723.9,1,94.9,0.8551699561403507,4.648983918128655,4.315789473684211,0.10526315789473684,0.05263157894736842,0.18394771227442325,carrier_lane_capacity_review,10
1150,cc419e0650a3c5ba77189a1882b7556a,SP,PA,19,1121.8,1,49.99,2.0940539717348927,17.672323343079924,4.473684210526316,0.10526315789473684,0.05263157894736842,0.11849341657472989,carrier_lane_capacity_review,10
1151,53e4c6e0f4312d4d2107a8c9cddf45cd,SP,PR,19,1082.68,1,72.0,3.3933473440545807,13.977381213450293,3.8947368421052633,0.21052631578947367,0.05263157894736842,0.24277418582453747,carrier_lane_capacity_review,10
1152,ea8482cd71df3c1969d7b9473ff13abc,SP,DF,19,603.79,1,39.99,3.8590801656920077,14.854255604288497,3.8947368421052633,0.15789473684210525,0.05263157894736842,0.2597962677158909,carrier_lane_capacity_review,10
1153,062ce95fa2ad4dfaedfc79260130565f,RS,SP,20,3701.8,1,41.9,5.219293402777778,11.201267939814816,3.9,0.05,0.05,0.46595558920841823,seller_dispatch_sla_review,10
1154,c864036feaab8c1659f65ea4faebe1da,PR,SP,20,3268.0,1,119.9,1.3916556712962964,11.807244791666665,4.65,0.05,0.05,0.11786455653722884,carrier_lane_capacity_review,10
1155,77530e9772f57a62c906e1c21538ab82,PR,SC,20,2507.9,1,119.0,2.170925347222222,11.062093749999999,4.8,0.0,0.05,0.1962490461828008,carrier_lane_capacity_review,10
1156,3d871de0142ce09b7081e2b9d1733cb1,SP,PE,20,2276.7,1,189.0,3.052450810185185,20.71357175925926,3.95,0.1,0.05,0.14736477347614838,carrier_lane_capacity_review,10
1157,004c9cd9d87a3c30c522c48c4fc07416,SP,MG,20,2239.77,1,195.2,1.4998275462962964,12.506140046296297,4.55,0.0,0.05,0.11992729497223818,carrier_lane_capacity_review,10
1158,b39d7fe263ef469605dbb32608aee0af,SP,SP,20,2120.7000000000003,1,169.9,2.0951493055555557,9.394976851851853,4.1,0.1,0.05,0.2230073941206762,carrier_lane_capacity_review,10
1159,6560211a19b47992c3666cc44a7e94c0,SP,MT,20,1719.0,1,49.0,1.6676956018518516,13.407482638888888,4.0,0.15,0.05,0.12438543809966535,carrier_lane_capacity_review,10
1160,20d83f3ef0e6925fd74bfd59170babf7,SP,SP,20,1616.9,1,49.9,1.5836168981481482,4.400302083333334,4.2,0.1,0.05,0.35988822316228813,seller_dispatch_sla_review,10
1161,70a12e78e608ac31179aea7f8422044b,SP,PR,20,1544.9,1,75.0,2.2858414351851852,11.020332175925926,3.85,0.25,0.05,0.20742037523865559,carrier_lane_capacity_review,10
1162,0db783cfcd3b73998abc6e10e59a102f,SP,RJ,20,1376.5,1,99.0,3.0079251949317736,12.759632066276804,4.421052631578948,0.10526315789473684,0.05,0.2357376121276725,carrier_lane_capacity_review,10
1163,e9779976487b77c6d4ac45f75ec7afe9,SP,RS,20,1170.09,1,130.0,2.3759537037037033,17.221314814814814,4.25,0.1,0.05,0.1379658713201018,carrier_lane_capacity_review,10
1164,aafe36600ce604f205b86b5084d3d767,SC,RS,20,1088.0,1,47.9,1.701847800925926,10.637145833333333,4.8,0.05,0.05,0.15999101898113421,carrier_lane_capacity_review,10
1165,080102cd0a76b09e0dcf55fcacc60e05,MG,RJ,20,1059.08,1,53.99,1.0529820601851851,11.780247106481482,4.15,0.1,0.05,0.08938539664467948,carrier_lane_capacity_review,10
1166,5656537e588803a555b8eb41f07a944b,DF,MG,20,826.69,1,24.89,1.298954861111111,8.281572337962963,3.9,0.2,0.05,0.15684882146795542,carrier_lane_capacity_review,10
1167,dc8798cbf453b7e0f98745e396cc5616,SP,SP,20,757.8,1,24.9,7.423635416666667,10.198888310185186,3.35,0.3,0.05,0.7278867255809641,seller_dispatch_sla_review,10
1168,1da3aeb70d7989d1e6d9b0e887f97c23,SP,RJ,20,519.78,1,5.99,1.3076579861111113,9.797896990740742,4.25,0.1,0.05,0.13346312860268697,carrier_lane_capacity_review,10
1169,7d13fca15225358621be4086e1eb0964,SP,RS,21,5621.42,1,178.99,3.0497927689594357,17.198010912698415,3.4761904761904763,0.38095238095238093,0.047619047619047616,0.1773340408051244,carrier_lane_capacity_review,10
1170,7c67e1448b00f6e969d365cea6b010ab,SP,ES,21,3559.92,1,116.99,12.152418430335098,21.8714666005291,3.761904761904762,0.14285714285714285,0.047619047619047616,0.5556288772167256,seller_dispatch_sla_review,10
1171,d50d79cb34e38265a8649c383dcffd48,SP,SP,21,3371.0,1,126.99,1.0345089285714284,7.1381916887125225,4.190476190476191,0.09523809523809523,0.047619047619047616,0.14492591032645935,carrier_lane_capacity_review,10
1172,fdb9095204a334cd8872252ffec6f2db,SP,SP,21,3325.0,1,62.0,1.2241606040564375,4.879993937389771,4.476190476190476,0.047619047619047616,0.047619047619047616,0.250852894442574,carrier_lane_capacity_review,10
1173,c3cfdc648177fdbbbb35635a37472c53,PR,MG,21,3097.7,1,89.1,1.544435626102293,10.977739748677248,4.523809523809524,0.0,0.047619047619047616,0.14068794318870495,carrier_lane_capacity_review,10
1174,7a67c85e85bb2ce8582c35f2203ad736,SP,MT,21,2541.79,1,144.99,1.6197999338624338,15.394070767195766,4.571428571428571,0.047619047619047616,0.047619047619047616,0.10522232607337181,carrier_lane_capacity_review,10
1175,23c38debaffe4a25a30fdbd9b586a13f,SP,SP,21,2455.97,1,127.27,2.408050595238095,5.7433746693121694,4.571428571428571,0.0,0.047619047619047616,0.4192745091321867,seller_dispatch_sla_review,10
1176,751bdc4d83a466c7206cd42e8f426b03,SP,SP,21,2377.4700000000003,1,79.99,2.3240503747795414,6.924120921516755,4.25,0.15,0.047619047619047616,0.3356455499726382,carrier_lane_capacity_review,10
1177,0691148aee60ca47977c187804f935ae,PR,SP,21,2119.02,1,144.46,2.436420855379189,10.89523258377425,4.333333333333333,0.09523809523809523,0.047619047619047616,0.22362265666614903,carrier_lane_capacity_review,10
1178,a673821011d0cec28146ea42f5ab767f,SP,MG,21,1911.6200000000001,1,69.9,4.1404194223985895,13.883857473544973,4.690476190476191,0.0,0.047619047619047616,0.29821823151728266,carrier_lane_capacity_review,10
1179,95ec4458365c4d11f452ccf538377619,SP,SP,21,1499.66,1,47.33,2.1829910714285714,4.072072310405644,4.6,0.05,0.047619047619047616,0.5360884839520716,seller_dispatch_sla_review,10
1180,63b464dbf392c7b80d12d932fa7cafed,SP,SP,22,3808.0,1,179.0,5.105659196127946,9.872787773569023,3.8636363636363638,0.13636363636363635,0.045454545454545456,0.5171446316101906,seller_dispatch_sla_review,10
1181,fffd5413c0700ac820c7069d66d98c89,SP,SP,22,3184.5,1,298.6,2.4877446338383837,7.33930765993266,4.363636363636363,0.09090909090909091,0.045454545454545456,0.3389617589435145,carrier_lane_capacity_review,10
1182,1c68394e931a64f90ea236c5ea590300,PR,MG,22,3024.87,1,288.82,4.8406786616161614,19.029687499999998,3.909090909090909,0.22727272727272727,0.045454545454545456,0.2543751000438742,carrier_lane_capacity_review,10
1183,0176f73cc1195f367f7b32db1e5b3aa8,SP,SP,22,2772.7000000000003,1,54.9,1.6752188552188552,10.061721906565657,4.181818181818182,0.13636363636363635,0.045454545454545456,0.16649425125988734,carrier_lane_capacity_review,10
1184,4c03b9dd4c11ee2cb35c96c49efc9420,SP,SP,22,2725.0,1,55.5,1.9478267045454545,8.248654250841751,4.0,0.19047619047619047,0.045454545454545456,0.23613872582266185,carrier_lane_capacity_review,10
1185,213b25e6f54661939f11710a6fddb871,SP,MG,22,2427.6,1,79.8,8.31103167087542,15.718567445286196,3.9523809523809526,0.19047619047619047,0.045454545454545456,0.5287397658727352,seller_dispatch_sla_review,10
1186,259f7b5e6e482c230e5bfaa670b6bb8f,SP,RJ,22,1332.87,1,29.9,1.474285037878788,12.315570286195287,4.136363636363637,0.18181818181818182,0.045454545454545456,0.11970903527961972,carrier_lane_capacity_review,10
1187,fa40cc5b934574b62717c68f3d678b6d,SP,PR,22,980.65,1,30.5,2.5256997053872055,10.422556292087542,4.454545454545454,0.09090909090909091,0.045454545454545456,0.24233015726714113,carrier_lane_capacity_review,10
1188,729b2d09b2a0bdab221076327f13d050,SP,SP,22,747.9599999999999,1,28.99,3.2663825757575755,9.089478114478114,4.636363636363637,0.045454545454545456,0.045454545454545456,0.3593586490466092,seller_dispatch_sla_review,10
1189,ef506c96320abeedfb894c34db06f478,SP,RS,22,495.83,1,25.99,2.606089015151515,16.83991372053872,4.090909090909091,0.09090909090909091,0.045454545454545456,0.1547566726528421,carrier_lane_capacity_review,10
1190,002100f778ceb8431b7a1020ff7ab48f,SP,SP,22,440.59999999999997,1,17.9,3.5179603324915827,11.761985479797978,3.9545454545454546,0.13636363636363635,0.045454545454545456,0.29909578944251564,carrier_lane_capacity_review,10
1191,d23019c84ffae2d5ef2270367b8605fc,PR,SP,23,13444.9,1,1997.0,2.247147242351047,9.158401268115941,4.478260869565218,0.043478260869565216,0.043478260869565216,0.24536457582113871,carrier_lane_capacity_review,10
1192,e24fc9fcd865784fb25705606fe3dfe7,SP,SP,23,4986.0,1,108.0,1.3182628824476652,5.958468699677939,4.478260869565218,0.043478260869565216,0.043478260869565216,0.22124189097761288,carrier_lane_capacity_review,10
1193,bfd27a966d91cfaafdb25d076585f0da,SP,MG,23,4723.0,1,315.0,2.086881541867955,10.469974838969405,4.434782608695652,0.08695652173913043,0.043478260869565216,0.1993205880591566,carrier_lane_capacity_review,10
1194,e0a366315b1b726b6c7832d664c0f530,SP,SP,23,4289.1900000000005,1,96.9,1.0054307568438003,4.41817481884058,4.521739130434782,0.13043478260869565,0.043478260869565216,0.22756699272204128,carrier_lane_capacity_review,10
1195,a1043bafd471dff536d0c462352beb48,MG,ES,23,3188.91,1,149.0,1.4485602858293076,12.426656602254429,4.304347826086956,0.08695652173913043,0.043478260869565216,0.11656878693875805,carrier_lane_capacity_review,10
1196,0adac9fbd9a2b63cccaac4f8756c1ca8,SP,RJ,23,2965.38,1,46.9,4.446197665056361,15.671111111111111,4.086956521739131,0.08695652173913043,0.043478260869565216,0.2837193631984348,carrier_lane_capacity_review,10
1197,7dc8c42cc750eeafea6c85712ffee9bf,SP,SP,23,2895.77,1,129.99,3.015778985507246,5.587338969404187,4.130434782608695,0.13043478260869565,0.043478260869565216,0.5397522867363885,seller_dispatch_sla_review,10
1198,229c3efbfb0ea2058de4ccdfbc3d784a,MG,RJ,23,2712.0,1,394.0,1.21087711352657,11.300222423510467,3.869565217391304,0.21739130434782608,0.043478260869565216,0.10715515749559956,carrier_lane_capacity_review,10
1199,f45122a9ab94eb4f3f8953578bc0c560,SP,MG,23,2630.15,1,187.68,1.0566716988727858,9.841258554750402,4.0,0.17391304347826086,0.043478260869565216,0.10737160221877592,carrier_lane_capacity_review,10
1200,0241d4d5d36f10f80c644447315af0bd,PR,PR,23,2558.5,1,119.0,1.600078502415459,4.633551227858293,4.478260869565218,0.0,0.043478260869565216,0.34532444419634545,carrier_lane_capacity_review,10
1201,4e922959ae960d389249c378d1c939f5,SP,SC,23,2458.9,1,180.0,3.9844600442834137,17.751451288244766,3.739130434782609,0.2608695652173913,0.043478260869565216,0.2244582698949225,carrier_lane_capacity_review,10
1202,70a12e78e608ac31179aea7f8422044b,SP,RS,23,2058.95,1,140.0,3.7126826690821257,16.00960094605475,4.181818181818182,0.09090909090909091,0.043478260869565216,0.23190351099894485,carrier_lane_capacity_review,10
1203,903037660cf848a717166eb7a06d616e,SP,SP,24,3909.87,1,199.98,1.4550434027777779,4.934279996141975,4.375,0.08333333333333333,0.041666666666666664,0.2948846445510693,carrier_lane_capacity_review,10
1204,7d456afc660226829370f3173d14520c,SP,SP,24,3882.9,1,160.0,1.9306529706790123,5.059957079475308,4.5,0.041666666666666664,0.041666666666666664,0.38155520696219253,seller_dispatch_sla_review,10
1205,c826c40d7b19f62a09e2d7c5e7295ee2,SP,PR,24,2647.33,1,31.2,2.200451871141975,13.342911844135804,3.9583333333333335,0.16666666666666666,0.041666666666666664,0.16491541702788598,carrier_lane_capacity_review,10
1206,05ff92fedb5be47920fea08e501238b9,RS,SP,25,9085.46,1,489.06,1.5733032407407408,8.662846296296296,4.56,0.04,0.04,0.18161504740230577,carrier_lane_capacity_review,10
1207,d05ae8f7a5bd1d2a690a44cd079e4e27,RJ,RJ,25,4197.0,1,120.0,2.035875925925926,5.785368518518518,3.9166666666666665,0.20833333333333334,0.04,0.35190082004443524,seller_dispatch_sla_review,10
1208,a1043bafd471dff536d0c462352beb48,MG,RS,25,3357.85,1,179.0,1.5429870370370369,17.96934814814815,3.6,0.24,0.04,0.08586772454492463,carrier_lane_capacity_review,10
1209,4a3ca9315b744ce9f8e9374361493884,SP,DF,25,3100.05,1,89.9,2.2552453703703703,14.453006481481482,3.92,0.12,0.04,0.15603987815683867,carrier_lane_capacity_review,10
1210,c826c40d7b19f62a09e2d7c5e7295ee2,SP,RS,25,3084.65,1,157.77,2.3932111111111114,15.325726851851853,4.48,0.08,0.04,0.15615645079971738,carrier_lane_capacity_review,10
1211,4d6d651bd7684af3fffabd5f08d12e5a,SP,PR,25,2871.3,1,169.0,3.2434606481481483,11.067915740740741,4.6,0.08,0.04,0.29305071741818967,carrier_lane_capacity_review,10
1212,6481e96574816ead57975da2c0f6d80d,SP,SP,25,2663.9,1,60.0,2.0306777777777776,5.246687037037037,4.24,0.08,0.04,0.38704000513904535,seller_dispatch_sla_review,10
1213,6c7d50c24b3ccd2fd83b44d8bb34e073,SP,RJ,25,1763.21,1,126.69,2.1246958333333335,12.253289351851851,4.52,0.0,0.04,0.17339799724979368,carrier_lane_capacity_review,10
1214,92eb0f42c21942b6552362b9b114707d,SP,RS,25,403.32,1,12.5,5.422058796296296,16.989494907407405,4.2,0.12,0.04,0.31914184770332893,carrier_lane_capacity_review,10
1215,834f3294fba9f932f56edc879193f925,SP,SP,26,15771.6,1,610.0,2.2693206908831907,9.48875089031339,4.769230769230769,0.0,0.038461538461538464,0.23915905445466284,carrier_lane_capacity_review,10
1216,17e34d8224d27a541263c4c64b11a56b,SP,RJ,26,4870.48,1,42.11,2.1485941951566954,15.939717325498576,4.56,0.04,0.038461538461538464,0.13479499989122234,carrier_lane_capacity_review,10
1217,6d803cb79cc31c41c4c789a75933b3c7,SP,SP,26,3558.6,1,135.0,1.5007683404558405,8.298158831908832,4.519230769230769,0.0,0.038461538461538464,0.18085558144355468,carrier_lane_capacity_review,10
1218,77530e9772f57a62c906e1c21538ab82,PR,RS,26,3231.9,1,299.0,1.7094818376068375,12.308954326923075,3.9615384615384617,0.19230769230769232,0.038461538461538464,0.13888115856175773,carrier_lane_capacity_review,10
1219,a3a38f4affed601eb87a97788c949667,SC,MG,26,2776.12,1,59.9,1.1374127492877493,13.389437767094016,4.1923076923076925,0.11538461538461539,0.038461538461538464,0.08494850710483628,carrier_lane_capacity_review,10
1220,4e17c65a516f69d023a2ae78b84f28d6,SP,SP,26,2553.38,1,32.9,3.6317169693732194,7.984999554843305,4.961538461538462,0.0,0.038461538461538464,0.4548174291594544,seller_dispatch_sla_review,10
1221,d57e18d5f73c7ccb7f7339b61166898d,SP,SP,26,1592.3,1,35.9,1.3077684294871794,4.136870993589744,4.5,0.11538461538461539,0.038461538461538464,0.316125020943032,carrier_lane_capacity_review,10
1222,3bdff180c7e1f6551a643b99c265a120,SP,SP,26,1150.3,1,99.9,2.1133600427350427,5.857766648860399,4.32,0.12,0.038461538461538464,0.3607791449231231,seller_dispatch_sla_review,10
1223,0ea22c1cfbdc755f86b9b54b39c16043,MG,RJ,26,967.1999999999999,1,29.9,1.3210202991452993,12.095961093304844,4.08,0.16,0.038461538461538464,0.10921168553332142,carrier_lane_capacity_review,10
1224,5656537e588803a555b8eb41f07a944b,DF,RJ,26,835.22,1,14.89,1.2127305911680912,11.439264155982906,3.923076923076923,0.23076923076923078,0.038461538461538464,0.1060147378914941,carrier_lane_capacity_review,10
1225,2138ccb85b11a4ec1e37afbd1c8eda1f,SP,PR,26,690.37,1,49.99,2.027317930911681,10.606461449430201,4.153846153846154,0.11538461538461539,0.038461538461538464,0.19113989529661585,carrier_lane_capacity_review,10
1226,92eb0f42c21942b6552362b9b114707d,SP,RJ,26,435.9,1,18.98,5.4854967948717945,13.081650195868946,3.8076923076923075,0.19230769230769232,0.038461538461538464,0.4193275857967873,seller_dispatch_sla_review,10
1227,7178f9f4dd81dcef02f62acdf8151e01,SC,RJ,27,3217.98,1,349.9,3.5388434499314125,15.329370713305899,3.925925925925926,0.18518518518518517,0.037037037037037035,0.2308537979879171,carrier_lane_capacity_review,10
1228,289cdb325fb7e7f891c38608bf9e0962,SP,MG,27,3035.1,1,116.9,1.265679012345679,3.7113288751714673,4.62962962962963,0.07407407407407407,0.037037037037037035,0.34103121952166077,carrier_lane_capacity_review,10
1229,a3a38f4affed601eb87a97788c949667,SC,RS,27,3008.6800000000003,1,289.9,1.831710390946502,10.526547496570645,4.407407407407407,0.07407407407407407,0.037037037037037035,0.17400865683104927,carrier_lane_capacity_review,10
1230,715bbd5ba4e6b74cb0d2f29eb45058b0,SP,SP,27,1627.4,1,55.0,1.7215556412894375,6.818228309327846,4.814814814814815,0.0,0.037037037037037035,0.25249310571401967,carrier_lane_capacity_review,10
1231,4c18691b6037662be2df78a765d98ab5,SP,SP,27,1339.44,1,13.5,1.4171244855967078,4.78727451989026,3.7777777777777777,0.18518518518518517,0.037037037037037035,0.29601905629368275,carrier_lane_capacity_review,10
1232,95e03ca3d4146e4011985981aeb959b9,RJ,RJ,27,1297.41,1,28.99,1.3426178840877914,5.017337534293553,4.074074074074074,0.1111111111111111,0.037037037037037035,0.2675956869377403,carrier_lane_capacity_review,10
1233,0509040ea3fe50071181bbc359eb7738,MG,SP,27,1055.18,1,41.5,2.249804098079561,11.250004715363511,4.518518518518518,0.0,0.037037037037037035,0.19998250267461024,carrier_lane_capacity_review,10
1234,01cf7e3d21494c41fb86034f2e714fa1,PR,SP,28,3979.72,1,593.36,2.274495287698413,9.898081597222221,3.9642857142857144,0.14285714285714285,0.03571428571428571,0.22979152731340616,carrier_lane_capacity_review,10
1235,7a67c85e85bb2ce8582c35f2203ad736,SP,GO,28,3632.7200000000003,1,99.99,1.7246432705026453,12.338924024470899,3.982142857142857,0.21428571428571427,0.03571428571428571,0.13977258204056403,carrier_lane_capacity_review,10
1236,05d2173d43ea568aa0540eba70d2ca76,MG,SP,28,3315.28,1,58.0,1.6508482142857144,13.529688740079365,4.321428571428571,0.10714285714285714,0.03571428571428571,0.12201671790093455,carrier_lane_capacity_review,10
1237,d91fb3b7d041e83b64a00a3edfb37e4f,SP,BA,28,3000.24,1,125.25,1.803432953042328,16.5120597718254,3.5714285714285716,0.17857142857142858,0.03571428571428571,0.10921913909974658,carrier_lane_capacity_review,10
1238,fa40cc5b934574b62717c68f3d678b6d,SP,MG,28,1627.3999999999999,1,139.89,2.6217294973544973,9.326848958333333,4.714285714285714,0.03571428571428571,0.03571428571428571,0.2810948809256786,carrier_lane_capacity_review,10
1239,4a3ccda38b2129705f3fb522db62ca31,SP,SP,29,7137.65,1,128.25,2.5395717592592595,7.927262132822477,4.189655172413793,0.1724137931034483,0.034482758620689655,0.3203592509883425,carrier_lane_capacity_review,10
1240,46dc3b2cc0980fb8ec44634e21d2718e,RJ,PR,29,5985.62,1,199.99,2.651826708173691,12.029369013409962,4.428571428571429,0.10714285714285714,0.034482758620689655,0.2204460354668244,carrier_lane_capacity_review,10
1241,e333046ce6517bd8bb510291d44f0130,SP,SP,29,2146.0,1,19.0,1.2197130427841634,5.734388968710089,4.482758620689655,0.06896551724137931,0.034482758620689655,0.2127014838790277,carrier_lane_capacity_review,10
1242,822166ed1e47908f7cfb49946d03c726,RJ,SP,29,1695.82,1,59.99,2.2770007183908048,11.62466714559387,3.9310344827586206,0.1724137931034483,0.034482758620689655,0.19587663800368363,carrier_lane_capacity_review,10
1243,a6fe7de3d16f6149ffe280349a8535a0,SP,SP,29,1637.1,1,59.9,3.2302662037037035,9.841618374840358,4.551724137931035,0.034482758620689655,0.034482758620689655,0.3282251028917896,carrier_lane_capacity_review,10
1244,9f505651f4a6abe901a56cdc21508025,SP,RJ,29,1533.73,1,24.99,0.8325826149425287,8.526966794380588,4.178571428571429,0.17857142857142858,0.034482758620689655,0.09764112315896603,carrier_lane_capacity_review,10
1245,0509040ea3fe50071181bbc359eb7738,MG,MG,29,1494.3,1,41.5,1.619537037037037,6.534376596424011,4.607142857142857,0.0,0.034482758620689655,0.24784874473309995,carrier_lane_capacity_review,10
1246,ccc4bbb5f32a6ab2b7066a4130f114e3,PR,SP,30,11512.279999999999,1,370.0,3.279560185185185,11.10402276234568,4.3,0.1,0.03333333333333333,0.29534883486607616,carrier_lane_capacity_review,10
1247,ca3bd7cd9f149df75950150d010fe4a2,SP,SP,30,3856.73,1,425.92,5.133374228395061,9.335508101851852,4.333333333333333,0.1,0.03333333333333333,0.5498762544458369,seller_dispatch_sla_review,10
1248,7142540dd4c91e2237acb7e911c4eba2,SP,PR,30,3209.01,1,89.9,2.8437129629629627,12.679682484567902,3.7857142857142856,0.21428571428571427,0.03333333333333333,0.2242731997764115,carrier_lane_capacity_review,10
1249,bd0389da23d89b726abf911cccc54596,DF,SP,30,2983.2000000000003,1,66.9,1.3063314043209877,8.927528549382716,4.133333333333334,0.1,0.03333333333333333,0.14632620854640813,carrier_lane_capacity_review,10
1250,516e7738bd8f735ac19a010ee5450d8d,RJ,SP,30,2453.2,1,115.0,1.3130987654320987,7.242100694444445,4.5,0.03333333333333333,0.03333333333333333,0.18131462414481506,carrier_lane_capacity_review,10
1251,1f50f920176fa81dab994f9023523100,SP,PE,30,1852.2,1,53.9,3.793171296296296,18.313464891975308,4.133333333333334,0.16666666666666666,0.03333333333333333,0.2071247204540965,carrier_lane_capacity_review,10
1252,080102cd0a76b09e0dcf55fcacc60e05,MG,SP,30,1408.63,1,74.48,1.4810667438271605,9.018389274691357,4.7,0.03333333333333333,0.03333333333333333,0.16422741342331867,carrier_lane_capacity_review,10
1253,1da3aeb70d7989d1e6d9b0e887f97c23,SP,MG,30,872.61,1,9.99,2.0054814814814814,9.702439814814815,4.166666666666667,0.1,0.03333333333333333,0.20669867783351553,carrier_lane_capacity_review,10
1254,138dbe45fc62f1e244378131a6801526,SP,SP,30,678.56,1,48.9,1.5456373456790122,4.103829089506173,4.2,0.16666666666666666,0.03333333333333333,0.3766329717851392,seller_dispatch_sla_review,10
1255,94144541854e298c2d976cb893b81343,RS,SP,31,5455.89,1,34.9,5.34225582437276,11.31820564516129,4.129032258064516,0.12903225806451613,0.03225806451612903,0.4720055450359004,seller_dispatch_sla_review,10
1256,dc4a0fc896dc34b0d5bfec8438291c80,SP,MG,31,3181.4700000000003,1,82.28,3.9407993578255676,13.032825940860215,3.6451612903225805,0.25806451612903225,0.03225806451612903,0.30237489364992315,carrier_lane_capacity_review,10
1257,cca3071e3e9bb7d12640c9fbe2301306,SP,PR,31,2776.63,1,79.9,3.6765632467144562,13.661329525089606,4.064516129032258,0.16129032258064516,0.03225806451612903,0.2691219211104083,carrier_lane_capacity_review,10
1258,48436dade18ac8b2bce089ec2a041202,SP,RJ,31,2376.38,1,48.9,3.6255122461170846,7.198263515531661,4.129032258064516,0.12903225806451613,0.03225806451612903,0.5036648405958372,seller_dispatch_sla_review,10
1259,8a130737016f838139d31878787a39c9,SP,SP,31,2272.98,1,54.4,1.8106955645161291,5.564145011947431,4.483870967741935,0.06451612903225806,0.03225806451612903,0.32542206585704925,carrier_lane_capacity_review,10
1260,d9a84e1403de8da0c3aa531d6d108ba6,SP,SP,31,706.9,1,11.9,1.0061484468339308,3.139558318399044,4.612903225806452,0.06451612903225806,0.03225806451612903,0.3204745205519853,carrier_lane_capacity_review,10
1261,ce7d1888639e6fb06b2749cbfdac1ff7,MG,SP,32,4848.9,1,138.0,2.218602068865741,11.688147424768518,4.34375,0.125,0.03125,0.18981640017341583,carrier_lane_capacity_review,10
1262,5f2684dab12e59f83bef73ae57724e45,SP,SP,32,4360.57,1,89.9,1.9099428530092593,5.565236906828704,3.84375,0.21875,0.03125,0.34319165293137927,carrier_lane_capacity_review,10
1263,80e6699fe29150b372a0c8a1ebf7dcc8,PR,SP,33,4054.85,1,65.0,1.4562944878472222,8.186680772569444,4.1875,0.0625,0.030303030303030304,0.17788582800574432,carrier_lane_capacity_review,10
1264,4e7c18b98d84e05cbae3ff0ff03846c2,SP,SP,33,3793.3,1,194.0,1.7631065538194446,8.258331163194445,4.03030303030303,0.21212121212121213,0.030303030303030304,0.21349429067185155,carrier_lane_capacity_review,10
1265,08633c14ef2db992c11f840f04fad4cd,SP,SP,33,3066.9,1,34.9,0.9328949214365881,4.8914786756453426,4.454545454545454,0.030303030303030304,0.030303030303030304,0.19071838666730148,carrier_lane_capacity_review,10
1266,ac3508719a1d8f5b7614b798f70af136,RS,SP,34,4035.4,1,159.8,1.3054925789760348,7.352890114379085,4.606060606060606,0.06060606060606061,0.029411764705882353,0.1775482237145165,carrier_lane_capacity_review,10
1267,0df3984f9dfb3d49ac6366acbd3bbb85,MG,SP,34,3481.55,1,179.9,2.263575708061002,9.164627927559913,4.205882352941177,0.14705882352941177,0.029411764705882353,0.2469904644196156,carrier_lane_capacity_review,10
1268,282f23a9769b2690c5dda22e316f9941,MG,SP,34,2222.15,1,584.4,3.1529980255991283,8.711397058823529,4.470588235294118,0.0,0.029411764705882353,0.3619394230694083,seller_dispatch_sla_review,10
1269,520b493b57809f446cb0a233bb3e25c7,SP,SP,34,1785.1,1,98.0,1.647871051198257,5.10422998366013,4.25,0.11764705882352941,0.029411764705882353,0.3228442010790049,carrier_lane_capacity_review,10
1270,4992e76a42cb3aad7a7047e0d3d7e729,SP,SP,34,1181.3,1,29.9,1.2610287309368193,4.492018995098039,4.235294117647059,0.11764705882352941,0.029411764705882353,0.28072649120872584,carrier_lane_capacity_review,10
1271,bfd27a966d91cfaafdb25d076585f0da,SP,SP,36,5818.0,1,99.0,1.6709323559670781,7.487908629115227,4.2,0.11428571428571428,0.027777777777777776,0.22315074057794906,carrier_lane_capacity_review,10
1272,dd2bdf855a9172734fbc3744021ae9b9,MG,SP,36,3889.1000000000004,1,69.9,4.46115837191358,11.747651427469135,4.088235294117647,0.11764705882352941,0.027777777777777776,0.37974895658567165,seller_dispatch_sla_review,10
1273,6b243f80ed07b10f0e8aa0f21a205f3c,PR,SP,36,2518.3,1,64.9,1.3082008744855969,8.626249035493828,4.388888888888889,0.05555555555555555,0.027777777777777776,0.15165350189901006,carrier_lane_capacity_review,10
1274,70eea00b476a314817cefde4aad4f89a,SP,SP,37,11881.289999999999,1,209.9,2.4029923673673674,7.762567880380381,4.486486486486487,0.05405405405405406,0.02702702702702703,0.3095615271128059,carrier_lane_capacity_review,10
1275,634964b17796e64304cadf1ad3050fb7,RJ,RJ,37,4310.6,1,105.0,3.1458646146146148,7.594144144144145,4.297297297297297,0.10810810810810811,0.02702702702702703,0.41424873625033776,seller_dispatch_sla_review,10
1276,f8db351d8c4c4c22c6835c19a46f01b0,SP,PR,37,3083.7,1,69.8,0.8601942567567568,9.950202077077078,4.297297297297297,0.08108108108108109,0.02702702702702703,0.08644992836260498,carrier_lane_capacity_review,10
1277,dbc22125167c298ef99da25668e1011f,MG,RJ,37,2955.25,1,102.9,0.9291666666666668,11.09351539039039,4.513513513513513,0.02702702702702703,0.02702702702702703,0.08375763984350218,carrier_lane_capacity_review,10
1278,951e8cef368f09bb3f3d03c00ca4702c,SP,SP,37,2068.62,1,59.99,1.6044682182182182,7.453784722222222,4.138888888888889,0.1388888888888889,0.02702702702702703,0.2152555081762373,carrier_lane_capacity_review,10
1279,fcb5ace8bcc92f75707dc0f01a27d269,SP,SP,39,5147.45,1,14.85,3.506206077872745,6.969182692307693,3.9473684210526314,0.15789473684210525,0.02564102564102564,0.5031014729665153,seller_dispatch_sla_review,10
1280,6560211a19b47992c3666cc44a7e94c0,SP,GO,39,2446.99,1,99.0,1.2796032169990503,12.430819088319089,4.230769230769231,0.05128205128205128,0.02564102564102564,0.10293796473970565,carrier_lane_capacity_review,10
1281,d94a40fd42351c259927028d163af842,MG,SP,41,5528.6,1,129.0,2.4590768970189703,11.816398486901535,4.384615384615385,0.0,0.024390243902439025,0.20810714023776825,carrier_lane_capacity_review,10
1282,25e6ffe976bd75618accfe16cefcbd0d,SP,SP,41,3246.22,1,35.0,2.0364289747064137,5.458322888437217,4.487804878048781,0.04878048780487805,0.024390243902439025,0.3730869383012018,seller_dispatch_sla_review,10
1283,1b4c3a6f53068f0b6944d2d005c9fc89,SC,SP,42,4626.92,1,169.9,1.169328979276896,11.822191633597884,4.380952380952381,0.07142857142857142,0.023809523809523808,0.09890966205908391,carrier_lane_capacity_review,10
1284,aafe36600ce604f205b86b5084d3d767,SC,SP,42,3047.7999999999997,1,59.9,1.5379646164021163,10.968538084215167,4.428571428571429,0.07142857142857142,0.023809523809523808,0.14021600732876177,carrier_lane_capacity_review,10
1285,53243585a1d6dc2643021fd1853d8905,BA,BA,43,22458.33,1,199.0,3.2631947136089576,8.46589658699397,4.465116279069767,0.046511627906976744,0.023255813953488372,0.38545175694942396,seller_dispatch_sla_review,10
1286,4869f7a5dfa277a7dca6462dcf3b52b2,SP,PR,43,9286.5,1,199.0,2.0473543819982774,12.154594638242894,4.348837209302325,0.09302325581395349,0.023255813953488372,0.1684428352350424,carrier_lane_capacity_review,10
1287,725c32fa80c2faacc4fc88450d27314e,SP,SP,44,3653.62,1,39.98,0.650457702020202,5.410070759680135,4.404761904761905,0.047619047619047616,0.022727272727272728,0.12023090471716116,carrier_lane_capacity_review,10
1288,f7ccf836d21b2fb1de37564105216cc1,SP,SP,44,1735.0,1,43.0,1.5204734848484849,8.189467855639732,4.023255813953488,0.16279069767441862,0.022727272727272728,0.1856620615222759,carrier_lane_capacity_review,10
1289,289cdb325fb7e7f891c38608bf9e0962,SP,SP,45,5499.26,1,119.8,1.2562996399176956,6.4018377057613165,4.533333333333333,0.06666666666666667,0.022222222222222223,0.19624046994929162,carrier_lane_capacity_review,10
1290,4d6d651bd7684af3fffabd5f08d12e5a,SP,MG,45,5032.400000000001,1,119.8,3.823388888888889,12.30665406378601,4.155555555555556,0.15555555555555556,0.022222222222222223,0.3106765550629823,carrier_lane_capacity_review,10
1291,2a84855fd20af891be03bc5924d2b453,MG,MG,45,4282.3,1,119.9,1.0280684156378601,4.404277520576131,4.386363636363637,0.06818181818181818,0.022222222222222223,0.23342498533184547,carrier_lane_capacity_review,10
1292,da8622b14eb17ae2831f4ac5b9dab84a,SP,PR,46,5789.400000000001,1,99.9,2.0650400060386476,13.142286886070854,3.891304347826087,0.2391304347826087,0.021739130434782608,0.15712942686004872,carrier_lane_capacity_review,10
1293,6cd68b3ed6d59aaa9fece558ad360c0a,MG,SP,46,3638.2,1,97.9,1.613672252415459,8.3636697363124,4.5,0.021739130434782608,0.021739130434782608,0.19293830379377683,carrier_lane_capacity_review,10
1294,6560211a19b47992c3666cc44a7e94c0,SP,SC,47,3151.99,1,49.99,1.2331412529550827,12.817184298660361,4.340425531914893,0.0851063829787234,0.02127659574468085,0.09620999622233484,carrier_lane_capacity_review,10
1295,a3a38f4affed601eb87a97788c949667,SC,RJ,48,5057.67,1,64.9,1.753298611111111,13.486631221064814,4.48936170212766,0.0851063829787234,0.020833333333333332,0.13000271026708496,carrier_lane_capacity_review,10
1296,33a6f4b1e7cdc205511e76ba1b6e0186,SP,SP,48,4682.5599999999995,1,79.99,1.3068352141203703,4.247419463734568,4.520833333333333,0.041666666666666664,0.020833333333333332,0.3076774557536467,carrier_lane_capacity_review,10
1297,db4350fd57ae30082dec7acbaacc17f9,SP,SP,48,1276.72,1,21.99,1.8408297164351852,5.619221402391975,4.3125,0.08333333333333333,0.020833333333333332,0.32759515680439033,carrier_lane_capacity_review,10
1298,53243585a1d6dc2643021fd1853d8905,BA,RJ,50,27671.75,1,219.0,2.848669212962963,12.248952777777777,4.224489795918367,0.10204081632653061,0.02,0.2325643068957747,carrier_lane_capacity_review,10
1299,f8db351d8c4c4c22c6835c19a46f01b0,SP,RS,51,3795.5,1,22.9,1.141407725127088,11.86044072258533,4.333333333333333,0.0392156862745098,0.0196078431372549,0.09623653554066958,carrier_lane_capacity_review,10
1300,17ca9b9e9b9ef8fdb529001b49ebb50f,MG,SP,51,3491.38,1,35.97,1.2357480029048655,7.775200163398693,3.9607843137254903,0.1568627450980392,0.0196078431372549,0.15893455820238278,carrier_lane_capacity_review,10
1301,1127b7f2594683f2510f1c2c834a486b,SP,SP,51,2364.91,1,19.1,2.123595679012346,5.255550108932462,4.1568627450980395,0.1568627450980392,0.0196078431372549,0.4040672498589692,seller_dispatch_sla_review,10
1302,710e3548e02bc1d2831dfc4f1b5b14d4,PR,SP,52,8686.95,1,35.99,2.5423386306980054,11.182664930555555,3.769230769230769,0.23076923076923078,0.019230769230769232,0.22734640146029145,carrier_lane_capacity_review,10
1303,8a432f4e5b471f8da497d7dc517666e2,SP,SP,52,3971.0,1,89.0,0.881018295940171,5.334345619658119,4.288461538461538,0.11538461538461539,0.019230769230769232,0.16515958259124497,carrier_lane_capacity_review,10
1304,1900267e848ceeba8fa32d80c1a5f5a8,SP,MG,53,3239.68,1,159.96,1.9783588836477988,11.705044330887493,3.843137254901961,0.1568627450980392,0.018867924528301886,0.1690176327164578,carrier_lane_capacity_review,10
1305,b4ffb71f0cb1b1c3d63fad021ecf93e1,SP,SP,53,2603.2400000000002,1,19.0,1.260789220824598,4.736125305730259,4.339622641509434,0.11320754716981132,0.018867924528301886,0.26620689686971827,carrier_lane_capacity_review,10
1306,5d0363b33554b373851fc1622e4d5f3c,SP,SP,54,3634.39,1,50.9,3.52660600994513,7.312477280521262,4.222222222222222,0.09259259259259259,0.018518518518518517,0.48227240573303226,seller_dispatch_sla_review,10
1307,5656537e588803a555b8eb41f07a944b,DF,SP,54,2374.55,1,50.89,1.8570989797668036,10.293184799382717,4.0,0.12962962962962962,0.018518518518518517,0.18042025048245264,carrier_lane_capacity_review,10
1308,004c9cd9d87a3c30c522c48c4fc07416,SP,SP,56,7313.78,1,175.99,1.3635613012566137,9.065794684193122,4.509090909090909,0.03636363636363636,0.017857142857142856,0.1504072559280526,carrier_lane_capacity_review,10
1309,522620dcb18a6b31cd7bdf73665113a9,PR,SP,57,21392.04,1,699.0,2.1826596003898637,10.832203338206629,4.071428571428571,0.16071428571428573,0.017543859649122806,0.2014972884317387,carrier_lane_capacity_review,10
1310,dbb9b48c841a0e39e21f98e1a6b2ec3e,SP,SP,57,3775.47,1,49.9,2.123706140350877,6.129451145224171,4.508771929824562,0.05263157894736842,0.017543859649122806,0.34647574310231444,carrier_lane_capacity_review,10
1311,0db783cfcd3b73998abc6e10e59a102f,SP,SP,57,3755.0,1,49.9,2.066451632553606,7.178383690708252,4.473684210526316,0.07017543859649122,0.017543859649122806,0.28787143758119743,carrier_lane_capacity_review,10
1312,01fdefa7697d26ad920e9e0346d4bd1b,PR,SP,59,6700.780000000001,1,118.9,1.5392894695543,7.722502746390458,4.627118644067797,0.03389830508474576,0.01694915254237288,0.19932520843372606,carrier_lane_capacity_review,10
1313,2a84855fd20af891be03bc5924d2b453,MG,SP,59,5365.2,1,89.9,1.4824440913371,7.62098752354049,4.4576271186440675,0.05084745762711865,0.01694915254237288,0.19452125945069118,carrier_lane_capacity_review,10
1314,febab0275244b9a49a623f0bd613ca2f,SP,SP,59,3906.3,1,142.0,1.5679990583804142,4.669323407093534,4.508474576271187,0.06779661016949153,0.01694915254237288,0.33580862186550287,carrier_lane_capacity_review,10
1315,d98eec89afa3380e14463da2aabaea72,RS,SP,59,2439.47,1,34.99,2.653995213433773,8.236912076271185,4.203389830508475,0.11864406779661017,0.01694915254237288,0.3222075443878266,carrier_lane_capacity_review,10
1316,0bae85eb84b9fb3bd773911e89288d54,SP,SP,69,3817.81,1,185.94,0.9777178945249596,9.544597255770263,4.144927536231884,0.10144927536231885,0.014492753623188406,0.10243678893144206,carrier_lane_capacity_review,10
1317,562fc2f2c2863ab7e79a9e4388a58a14,SP,SP,72,2549.25,1,29.99,1.5035370048868313,5.102540348508231,4.25,0.125,0.013888888888888888,0.2946644028648206,carrier_lane_capacity_review,10
1318,f8db351d8c4c4c22c6835c19a46f01b0,SP,RJ,73,5913.6,1,20.9,1.2221461187214613,9.424754724759005,4.36986301369863,0.0958904109589041,0.0136986301369863,0.12967405035070684,carrier_lane_capacity_review,10
1319,de23c3b98a88888289c6f5cc1209054a,SP,SP,77,12935.06,1,69.99,2.1385261844636845,6.049358916546416,4.6103896103896105,0.012987012987012988,0.012987012987012988,0.3535128621008605,seller_dispatch_sla_review,10
1320,7a67c85e85bb2ce8582c35f2203ad736,SP,PR,77,9954.23,1,89.99,1.5780857683982683,10.019523208273208,4.618421052631579,0.013157894736842105,0.012987012987012988,0.15750108419283157,carrier_lane_capacity_review,10
1321,7722b1df1b0e383e000397b2c11e3e19,SP,SP,78,3735.61,1,89.9,2.0615944028964863,5.809320394112061,4.311688311688312,0.09090909090909091,0.01282051282051282,0.3548770360446948,seller_dispatch_sla_review,10
1322,2528513dd95219a6013d4d05176e391a,SP,SP,80,15747.3,1,358.0,1.6736566840277778,6.305511429398148,4.050632911392405,0.1518987341772152,0.0125,0.26542758708273817,carrier_lane_capacity_review,10
1323,3d871de0142ce09b7081e2b9d1733cb1,SP,MG,92,8264.5,1,98.0,2.4292234047906605,10.753775035225443,4.532608695652174,0.021739130434782608,0.010869565217391304,0.22589494357408546,carrier_lane_capacity_review,10
1324,cab85505710c7cb9b720bceb52b01cee,SP,SP,93,5205.5,1,64.9,2.406177942054958,5.324221301274393,4.456521739130435,0.03260869565217391,0.010752688172043012,0.451930490094208,seller_dispatch_sla_review,10
1325,85d9eb9ddc5d00ca9336a2219c97bb13,MG,MG,103,3036.3599999999997,1,31.9,6.014227795756923,9.570756809600864,4.2772277227722775,0.09900990099009901,0.009708737864077669,0.6283962611738055,seller_dispatch_sla_review,10
1326,dbc22125167c298ef99da25668e1011f,MG,MG,105,9402.26,1,54.54,0.9016459435626102,7.584008818342152,4.40952380952381,0.047619047619047616,0.009523809523809525,0.11888777626180398,carrier_lane_capacity_review,10
1327,7e93a43ef30c4f03f38b393420bc753a,SP,SP,108,53255.39,1,489.99,1.76760598851166,5.188306648662552,4.564814814814815,0.018518518518518517,0.009259259259259259,0.3406903462360529,carrier_lane_capacity_review,10
1328,dbc22125167c298ef99da25668e1011f,MG,SP,126,9926.2,1,106.9,0.9877469135802469,8.903786375661376,4.349206349206349,0.07142857142857142,0.007936507936507936,0.11093560333840295,carrier_lane_capacity_review,10
1329,128639473a139ac0f3e5f5ade55873a5,PR,SP,167,3619.91,1,18.9,2.532286815258372,10.698687416833002,4.242424242424242,0.10303030303030303,0.005988023952095809,0.23669135442485645,carrier_lane_capacity_review,10
1330,53243585a1d6dc2643021fd1853d8905,BA,MG,35,25222.77,0,0.0,3.0069272486772487,10.356544973544974,4.171428571428572,0.11428571428571428,0.0,0.29034077062941566,carrier_lane_capacity_review,10
1331,b839e41795b7f3ad94cc2014a52f6796,SP,SP,17,24292.0,0,0.0,1.3514603758169934,3.9279357298474946,4.235294117647059,0.11764705882352941,0.0,0.3440637700733115,carrier_lane_capacity_review,10
1332,e882b2a25a10b9c057cc49695f222c19,RJ,RJ,26,22797.42,0,0.0,2.333178863960114,5.258710381054131,4.769230769230769,0.0,0.0,0.44367890507261937,seller_dispatch_sla_review,10
1333,e882b2a25a10b9c057cc49695f222c19,RJ,SP,17,16233.22,0,0.0,3.339560185185185,11.176441312636165,4.294117647058823,0.11764705882352941,0.0,0.29880353609600707,carrier_lane_capacity_review,10
1334,7e93a43ef30c4f03f38b393420bc753a,SP,MG,31,14811.43,0,0.0,2.059260752688172,8.37320564516129,4.580645161290323,0.06451612903225806,0.0,0.24593457272582073,carrier_lane_capacity_review,10
1335,5dceca129747e92ff8ef7a997dc4f8ca,SP,MG,39,14189.75,0,0.0,1.870599774453941,10.460555555555555,3.9743589743589745,0.1794871794871795,0.0,0.1788241326686013,carrier_lane_capacity_review,10
1336,0b90b6df587eb83608a64ea8b390cf07,PR,SP,75,14003.27,0,0.0,2.4098489197530863,11.10122885802469,4.033333333333333,0.14666666666666667,0.0,0.2170794738648317,carrier_lane_capacity_review,10
1337,ba90964cff9b9e0e6f32b23b82465f7b,SP,SP,13,12947.8,0,0.0,1.2559188034188034,2.9364129273504274,4.615384615384615,0.0,0.0,0.4277051063632386,seller_dispatch_sla_review,10
1338,e59aa562b9f8076dd550fcddf0e73491,PR,SP,30,12534.5,0,0.0,1.657596450617284,10.211568672839507,4.366666666666666,0.06666666666666667,0.0,0.16232534919205122,carrier_lane_capacity_review,10
1339,0241d4d5d36f10f80c644447315af0bd,PR,SP,86,12174.300000000001,0,0.0,1.5241090654608098,7.979855189491818,4.593023255813954,0.06976744186046512,0.0,0.1909945768775122,carrier_lane_capacity_review,10
1340,eeb6de78f79159600292e314a77cbd18,SC,SP,24,12039.9,0,0.0,0.9994227430555555,8.695163966049384,4.5,0.041666666666666664,0.0,0.11494006863560499,carrier_lane_capacity_review,10
1341,2b3e4a2a3ea8e01938cabda2a3e5cc79,SP,SP,28,11174.06,0,0.0,2.4002471891534394,5.058803736772488,4.535714285714286,0.03571428571428571,0.0,0.47446932398385455,seller_dispatch_sla_review,10
1342,7e93a43ef30c4f03f38b393420bc753a,SP,RS,16,10581.869999999999,0,0.0,2.616652922453704,11.228966290509259,4.75,0.0,0.0,0.23302705295903356,carrier_lane_capacity_review,10
1343,7b0df942f46435babab05d49b744b2c4,SP,SP,16,9792.34,0,0.0,1.5975745081018518,6.661102430555555,4.625,0.0,0.0,0.23983635212896875,carrier_lane_capacity_review,10
1344,de722cd6dad950a92b7d4f82673f8833,PE,MG,57,9771.2,0,0.0,1.6995851608187136,10.953418412930475,4.052631578947368,0.15789473684210525,0.0,0.15516481674911267,carrier_lane_capacity_review,10
1345,ccc4bbb5f32a6ab2b7066a4130f114e3,PR,MG,24,9471.1,0,0.0,3.573345389660494,11.86917293595679,4.625,0.041666666666666664,0.0,0.3010610266563145,carrier_lane_capacity_review,10
1346,edb1ef5e36e0c8cd84eb3c9b003e486d,RJ,RJ,24,9392.2,0,0.0,1.243630401234568,4.049364872685185,4.833333333333333,0.0,0.0,0.30711739750187067,carrier_lane_capacity_review,10
1347,d650b663c3b5f6fb392b6326366efa9a,SP,SP,29,8805.0,0,0.0,1.2689575351213283,4.551388090676883,4.620689655172414,0.034482758620689655,0.0,0.27880670903908983,carrier_lane_capacity_review,10
1348,966cb4760537b1404caedd472cc610a5,SP,RJ,13,8792.99,0,0.0,1.585250178062678,14.121550925925927,3.076923076923077,0.46153846153846156,0.0,0.1122575123920913,carrier_lane_capacity_review,10
1349,53243585a1d6dc2643021fd1853d8905,BA,MA,12,8541.72,0,0.0,3.0527131558641973,13.401052276234568,4.5,0.08333333333333333,0.0,0.22779652619353483,carrier_lane_capacity_review,10
1350,b32be1695eb7ec5f10f72d9610a12527,RS,SP,19,8377.0,0,0.0,3.3447861842105264,11.293719541910331,4.052631578947368,0.15789473684210525,0.0,0.29616338282513754,carrier_lane_capacity_review,10
1351,744dac408745240a2c2528fb1b6028f3,PR,SP,28,8370.8,0,0.0,1.5576946924603174,7.029165013227513,4.678571428571429,0.0,0.0,0.22160451341361895,carrier_lane_capacity_review,10
1352,ccc4bbb5f32a6ab2b7066a4130f114e3,PR,RJ,20,8089.7,0,0.0,2.9014322916666666,11.943441550925927,4.45,0.05,0.0,0.2429310077246311,carrier_lane_capacity_review,10
1353,080199a181c46c657dc5aa235411be3b,SP,SP,44,8085.56,0,0.0,2.107336647727273,3.9743100273569025,4.659090909090909,0.022727272727272728,0.0,0.5302396222794797,seller_dispatch_sla_review,10
1354,37be5a7c751166fbc5f8ccba4119e043,SP,MG,39,7966.56,0,0.0,2.2635226733143403,8.876770239791073,4.4324324324324325,0.05405405405405406,0.0,0.2549939462404758,carrier_lane_capacity_review,10
1355,c6bda72e4dbf5c5866b13cb1810c6d03,SP,SP,25,7851.7,0,0.0,1.6675675925925928,5.285377777777779,4.64,0.04,0.0,0.3155058470188893,carrier_lane_capacity_review,10
1356,76d64c4aca3a7baf218bf93ef7fa768d,PR,SP,33,7672.2,0,0.0,1.9047313411896747,8.91492459315376,4.590909090909091,0.06060606060606061,0.0,0.21365647250145203,carrier_lane_capacity_review,10
1357,5dceca129747e92ff8ef7a997dc4f8ca,SP,RS,25,7602.67,0,0.0,1.7598157407407407,12.215943518518518,4.04,0.12,0.0,0.14405892906045142,carrier_lane_capacity_review,10
1358,53243585a1d6dc2643021fd1853d8905,BA,CE,10,7598.92,0,0.0,3.5152291666666664,12.705515046296297,4.5,0.0,0.0,0.2766695528562117,carrier_lane_capacity_review,10
1359,53243585a1d6dc2643021fd1853d8905,BA,DF,12,7435.73,0,0.0,4.071864390432098,11.457077546296297,4.5,0.08333333333333333,0.0,0.3554016610237922,seller_dispatch_sla_review,10
1360,06e5eefc71ec47ae763c5c6f8db7064f,RS,SP,29,7341.05,0,0.0,2.131041267560664,8.869808030012772,3.896551724137931,0.1724137931034483,0.0,0.2402578793531787,carrier_lane_capacity_review,10
1361,8444e55c1f13cd5c179851e5ca5ebd00,MG,SP,36,6994.97,0,0.0,8.098978909465021,16.690535622427983,3.861111111111111,0.2222222222222222,0.0,0.48524379880187796,seller_dispatch_sla_review,10
1362,dc317f341ab0e22f39acbd9dbf9b4a1f,RS,SP,19,6893.5,0,0.0,4.071260964912281,10.940814449317738,4.473684210526316,0.05263157894736842,0.0,0.37211680938123964,seller_dispatch_sla_review,10
1363,e5a38146df062edaf55c38afa99e42dc,SP,SP,57,6892.88,0,0.0,2.657367202729045,5.638877517868746,3.9649122807017543,0.19298245614035087,0.0,0.4712581882313017,seller_dispatch_sla_review,10
1364,12b9676b00f60f3b700e83af21824c0e,RS,SP,36,6891.0,0,0.0,4.322284272119342,10.891356095679011,4.638888888888889,0.027777777777777776,0.0,0.39685455457967683,seller_dispatch_sla_review,10
1365,522620dcb18a6b31cd7bdf73665113a9,PR,MG,20,6849.58,0,0.0,2.388549189814815,11.081706018518519,4.25,0.1,0.0,0.21553984430044762,carrier_lane_capacity_review,10
1366,48162d548f5b1b11b9d29d1e01f75a61,SP,SP,21,6526.0,0,0.0,1.2994367283950619,5.869124228395061,4.095238095238095,0.19047619047619047,0.0,0.22140215095607182,carrier_lane_capacity_review,10
1367,612170e34b97004b3ba37eae81836b4c,RS,SP,34,6497.72,0,0.0,4.8830701933551195,10.446228213507625,4.323529411764706,0.08823529411764706,0.0,0.4674481634472627,seller_dispatch_sla_review,10
1368,229c3efbfb0ea2058de4ccdfbc3d784a,MG,SP,43,6432.0,0,0.0,1.5065606158484064,9.251427648578812,3.488372093023256,0.2558139534883721,0.0,0.16284628417105348,carrier_lane_capacity_review,10
1369,5dceca129747e92ff8ef7a997dc4f8ca,SP,PR,12,6406.2,0,0.0,1.7897993827160494,11.499596836419753,4.25,0.16666666666666666,0.0,0.1556401853191646,carrier_lane_capacity_review,10
1370,44073f8b7e41514de3b7815dd0237f4f,DF,SP,51,6342.51,0,0.0,2.5333265250544663,10.116195079883806,3.7450980392156863,0.19607843137254902,0.0,0.2504228620592758,carrier_lane_capacity_review,10
1371,3b15288545f8928d3e65a8f949a28291,SP,SP,45,6248.5,0,0.0,2.6913032407407407,9.597961676954734,4.377777777777778,0.044444444444444446,0.0,0.28040362436565225,carrier_lane_capacity_review,10
1372,5cf13accae3222c70a9cac40818ae839,MG,SP,62,6222.5,0,0.0,1.814929435483871,7.943761574074074,4.645161290322581,0.04838709677419355,0.0,0.22847229471327876,carrier_lane_capacity_review,10
1373,5dceca129747e92ff8ef7a997dc4f8ca,SP,SC,13,6136.1900000000005,0,0.0,1.592363782051282,12.179815705128204,3.5833333333333335,0.3333333333333333,0.0,0.13073792088502875,carrier_lane_capacity_review,10
1374,e8b3a3a38279a82f0e5d006d5e5b7d2c,PR,SP,35,6013.0,0,0.0,5.224723214285714,13.296875330687831,4.114285714285714,0.11428571428571428,0.0,0.39292864559146357,seller_dispatch_sla_review,10
1375,7e93a43ef30c4f03f38b393420bc753a,SP,GO,10,5942.110000000001,0,0.0,2.365795138888889,12.891788194444445,4.5,0.1,0.0,0.18351179085523597,carrier_lane_capacity_review,10
1376,9de4643a8dbde634fe55621059d92273,SC,SP,26,5834.47,0,0.0,2.6139307336182336,12.829805466524217,4.884615384615385,0.0,0.0,0.2037389218752033,carrier_lane_capacity_review,10
1377,ff063b022a9a0aab91bad2c9088760b7,SP,SP,40,5761.0,0,0.0,1.7370558449074074,4.4932352430555556,4.375,0.05,0.0,0.38659356809596934,seller_dispatch_sla_review,10
1378,b8bc237ba3788b23da09c0f1f3a3288c,SC,SP,18,5712.92,0,0.0,1.4542721193415638,10.951248070987655,4.666666666666667,0.05555555555555555,0.0,0.13279510334481978,carrier_lane_capacity_review,10
1379,2a5b78b41cd05baeac8df54c6606b92c,MG,SP,25,5662.92,0,0.0,1.4415125,8.31091712962963,4.56,0.04,0.0,0.17344806566062343,carrier_lane_capacity_review,10
1380,8ae520247981aa06bc94abddf5f46d34,SC,SP,22,5503.33,0,0.0,0.9357386363636363,11.231861321548822,4.045454545454546,0.18181818181818182,0.0,0.08331109239822793,carrier_lane_capacity_review,10
1381,25c5c91f63607446a97b143d2d535d31,MG,MG,21,5442.59,0,0.0,3.963639219576719,7.598269400352734,3.7142857142857144,0.19047619047619047,0.0,0.5216502614914805,seller_dispatch_sla_review,10
1382,f3b80352b986ab4d1057a4b724be19d0,DF,SP,46,5314.0,0,0.0,1.9369167673107892,9.142280595813205,4.326086956521739,0.08695652173913043,0.0,0.21186363150982468,carrier_lane_capacity_review,10
1383,530ec6109d11eaaf87999465c6afee01,PR,SP,38,5308.1900000000005,0,0.0,2.093003776803119,9.10370309454191,4.078947368421052,0.13157894736842105,0.0,0.2299068582385965,carrier_lane_capacity_review,10
1384,6560211a19b47992c3666cc44a7e94c0,SP,PR,80,5275.0,0,0.0,1.1565717592592593,9.271046151620371,4.265822784810126,0.10126582278481013,0.0,0.12475094399752464,carrier_lane_capacity_review,10
1385,fbc14c0cf93505ef89f64665ffa4a7b5,SP,SP,10,5226.9,0,0.0,2.8886215277777776,7.639150462962962,3.8,0.2,0.0,0.37813386996142256,seller_dispatch_sla_review,10
1386,a5cba26a62b8b4d0145b68b841e62e7f,PR,SP,23,5200.2,0,0.0,3.6586267109500805,10.710703502415459,4.521739130434782,0.043478260869565216,0.0,0.3415860321523225,carrier_lane_capacity_review,10
1387,c3cfdc648177fdbbbb35635a37472c53,PR,PR,33,5105.89,0,0.0,1.3006193883277215,4.251478675645343,4.545454545454546,0.06060606060606061,0.0,0.3059216539831985,carrier_lane_capacity_review,10
1388,00fc707aaaad2d31347cf883cd2dfe10,PR,SP,45,5036.7,0,0.0,2.5122304526748973,11.642736625514402,4.2,0.08888888888888889,0.0,0.215776628251599,carrier_lane_capacity_review,10
1389,40d54b51e962dbe09cabbcfd33298dee,SP,SP,21,5001.97,0,0.0,1.5574272486772487,4.651647927689594,3.7142857142857144,0.2857142857142857,0.0,0.3348119360896688,carrier_lane_capacity_review,10
1390,5c243662ce92d84573bfaff24c3e3700,SP,RJ,13,4966.92,0,0.0,3.1818100071225075,10.478048433048432,4.538461538461538,0.07692307692307693,0.0,0.3036643729462899,carrier_lane_capacity_review,10
1391,7178f9f4dd81dcef02f62acdf8151e01,SC,MG,27,4868.18,0,0.0,4.117394118655692,12.870775891632373,3.814814814814815,0.25925925925925924,0.0,0.31990255702708004,carrier_lane_capacity_review,10
1392,d921b68bf747894be13a97ae52b0f386,MG,SP,27,4865.7,0,0.0,1.008128000685871,8.127040466392318,4.407407407407407,0.037037037037037035,0.0,0.12404614014840634,carrier_lane_capacity_review,10
1393,7e93a43ef30c4f03f38b393420bc753a,SP,PR,13,4765.860000000001,0,0.0,1.8453855056980057,10.01951655982906,4.0,0.15384615384615385,0.0,0.1841790963345131,carrier_lane_capacity_review,10
1394,bd23da7354813347129d751591d1a6e2,SP,SP,45,4742.6,0,0.0,1.920162037037037,4.959440843621399,4.4,0.06666666666666667,0.0,0.387173090189524,seller_dispatch_sla_review,10
1395,7142540dd4c91e2237acb7e911c4eba2,SP,MG,46,4642.9800000000005,0,0.0,3.789912439613526,11.364469353864733,4.282608695652174,0.06521739130434782,0.0,0.3334878489794761,carrier_lane_capacity_review,10
1396,240b9776d844d37535668549a396af32,RJ,SP,12,4621.64,0,0.0,4.352558834876543,9.12564911265432,4.083333333333333,0.16666666666666666,0.0,0.47695882025980524,seller_dispatch_sla_review,10
1397,1d8dbc4f32378d715c717c1c1fc57bae,PR,SP,34,4584.2,0,0.0,4.406699346405229,10.299239174836602,4.294117647058823,0.058823529411764705,0.0,0.42786649300967816,seller_dispatch_sla_review,10
1398,ccc4bbb5f32a6ab2b7066a4130f114e3,PR,PR,13,4574.3,0,0.0,3.031777955840456,6.51264245014245,4.846153846153846,0.0,0.0,0.4655219412166781,seller_dispatch_sla_review,10
1399,5c243662ce92d84573bfaff24c3e3700,SP,MG,14,4524.61,0,0.0,2.986550925925926,9.934548611111111,4.285714285714286,0.07142857142857142,0.0,0.3006227099825828,carrier_lane_capacity_review,10
1400,37be5a7c751166fbc5f8ccba4119e043,SP,RS,22,4507.97,0,0.0,2.7767245370370373,12.016309448653198,4.545454545454546,0.045454545454545456,0.0,0.23107964628426375,carrier_lane_capacity_review,10
1401,eeb6de78f79159600292e314a77cbd18,SC,SC,11,4445.0,0,0.0,0.9072232744107744,5.724973695286195,4.545454545454546,0.09090909090909091,0.0,0.15846767560831942,carrier_lane_capacity_review,10
1402,c847e075301870dd144a116762eaff9a,MG,SP,16,4308.400000000001,0,0.0,1.324871238425926,6.1853653067129635,4.375,0.125,0.0,0.21419450149339542,carrier_lane_capacity_review,10
1403,ed4acab38528488b65a9a9c603ff024a,SP,SP,18,4258.1900000000005,0,0.0,2.9506005658436214,5.953812636165577,3.611111111111111,0.3333333333333333,0.0,0.4955816963269256,seller_dispatch_sla_review,10
1404,0c8380b62e38e8a1e6adbeba7eb9688c,MG,MG,40,4237.0,0,0.0,2.3849837962962965,7.725853298611111,4.3076923076923075,0.05128205128205128,0.0,0.30870166752001993,carrier_lane_capacity_review,10
1405,3d871de0142ce09b7081e2b9d1733cb1,SP,PR,53,4231.6,0,0.0,3.2167909241788957,13.701661862334031,4.320754716981132,0.09433962264150944,0.0,0.23477377828319332,carrier_lane_capacity_review,10
1406,259f7b5e6e482c230e5bfaa670b6bb8f,SP,SP,69,4227.35,0,0.0,1.3154970142243694,4.152283950617283,4.492753623188406,0.07246376811594203,0.0,0.3168128745214561,carrier_lane_capacity_review,10
1407,4bfc7a4a1cf8d4d2121c27422d9e50b5,SP,SP,15,4170.9,0,0.0,3.610592592592593,5.9511875000000005,4.466666666666667,0.06666666666666667,0.0,0.6067011991459843,seller_dispatch_sla_review,10
1408,dc317f341ab0e22f39acbd9dbf9b4a1f,RS,MG,11,4136.1,0,0.0,1.355217803030303,8.824060395622896,4.2727272727272725,0.09090909090909091,0.0,0.15358210871976216,carrier_lane_capacity_review,10
1409,f80edd2c5aaa505cc4b0a3b219abf4b8,SP,SP,56,4126.8,0,0.0,2.5939796213624335,7.71896908068783,4.218181818181818,0.10909090909090909,0.0,0.33605259902547585,carrier_lane_capacity_review,10
1410,12b9676b00f60f3b700e83af21824c0e,RS,MG,20,4107.0,0,0.0,4.214391782407407,13.701607638888888,4.7,0.0,0.0,0.3075837444392888,carrier_lane_capacity_review,10
1411,32b8764b4ef628b53608fc34011fcc13,SC,SP,14,4104.0,0,0.0,1.2135342261904765,8.545263723544974,4.071428571428571,0.07142857142857142,0.0,0.14201249551219772,carrier_lane_capacity_review,10
1412,1a3df491d1c4f1589fc2b934ada68bf2,SC,MG,23,4062.1000000000004,0,0.0,3.7000629025764895,15.406878019323672,4.065217391304348,0.13043478260869565,0.0,0.24015656500530366,carrier_lane_capacity_review,10
1413,95e03ca3d4146e4011985981aeb959b9,RJ,SP,62,4015.59,0,0.0,1.9849691980286739,10.59927344683393,4.19672131147541,0.13114754098360656,0.0,0.18727408137787,carrier_lane_capacity_review,10
1414,70eea00b476a314817cefde4aad4f89a,SP,MG,16,3980.58,0,0.0,1.7908738425925925,9.673431712962962,4.75,0.0,0.0,0.18513324906121137,carrier_lane_capacity_review,10
1415,ceaec5548eefc6e23e6607c5435102e7,SP,MG,14,3925.95,0,0.0,2.793163029100529,10.361745205026455,4.071428571428571,0.14285714285714285,0.0,0.26956492114335845,carrier_lane_capacity_review,10
1416,46dc3b2cc0980fb8ec44634e21d2718e,RJ,BA,17,3909.83,0,0.0,1.7066407952069718,12.531484885620914,4.352941176470588,0.058823529411764705,0.0,0.13618823393907883,carrier_lane_capacity_review,10
1417,d91fb3b7d041e83b64a00a3edfb37e4f,SP,MG,56,3895.63,0,0.0,2.298718584656085,10.258480076058202,3.8125,0.23214285714285715,0.0,0.22407984103034514,carrier_lane_capacity_review,10
1418,7a241947449cc45dbfda4f9d0798d9d0,MG,SP,32,3878.91,0,0.0,2.4672254774305555,10.968638599537037,4.290322580645161,0.0967741935483871,0.0,0.22493452173131967,carrier_lane_capacity_review,10
1419,46dc3b2cc0980fb8ec44634e21d2718e,RJ,ES,16,3878.8500000000004,0,0.0,2.434646267361111,10.539242621527778,4.625,0.0,0.0,0.23100770660578857,carrier_lane_capacity_review,10
1420,de722cd6dad950a92b7d4f82673f8833,PE,BA,23,3847.4,0,0.0,1.3133630233494364,10.989533514492754,4.521739130434782,0.043478260869565216,0.0,0.11951035242919113,carrier_lane_capacity_review,10
1421,edb1ef5e36e0c8cd84eb3c9b003e486d,RJ,RS,11,3823.15,0,0.0,1.3623853114478115,13.34345223063973,4.454545454545454,0.09090909090909091,0.0,0.10210141183099916,carrier_lane_capacity_review,10
1422,b372ee768ed69e46ca8cdbd267aa7a38,SP,SP,21,3800.0,0,0.0,0.8538894400352733,7.4895982142857145,4.5476190476190474,0.047619047619047616,0.0,0.11401004641431343,carrier_lane_capacity_review,10
1423,2528513dd95219a6013d4d05176e391a,SP,MG,19,3789.5,0,0.0,2.265154117933723,9.800311890838207,4.333333333333333,0.1111111111111111,0.0,0.23113081942333852,carrier_lane_capacity_review,10
1424,1f9ab4708f3056ede07124aad39a2554,SP,SP,22,3787.8900000000003,0,0.0,3.28272095959596,8.621992845117845,4.142857142857143,0.047619047619047616,0.0,0.3807380751254952,seller_dispatch_sla_review,10
1425,7178f9f4dd81dcef02f62acdf8151e01,SC,PR,18,3768.7,0,0.0,3.686557998971194,13.259416152263375,4.222222222222222,0.05555555555555555,0.0,0.2780332072420776,carrier_lane_capacity_review,10
1426,b33e7c55446eabf8fe1a42d037ac7d6d,SP,MG,14,3737.4900000000002,0,0.0,1.357435515873016,12.013591269841271,4.785714285714286,0.0,0.0,0.11299165132084198,carrier_lane_capacity_review,10
1427,34d1ca11b242c0fee2c834ae8d788566,MG,SP,13,3707.99,0,0.0,1.6075089031339032,9.036791310541311,4.461538461538462,0.0,0.0,0.17788492042067663,carrier_lane_capacity_review,10
1428,7b07b3c7487f0ea825fc6df75abd658b,SP,SP,46,3686.94,0,0.0,1.6294273349436392,4.91927108494364,4.6521739130434785,0.021739130434782608,0.0,0.3312334910614725,carrier_lane_capacity_review,10
1429,066a6914e1ebf3ea95a216c73a986b91,PR,SP,30,3670.8,0,0.0,2.4577241512345678,9.172373842592593,4.366666666666666,0.03333333333333333,0.0,0.2679485369231185,carrier_lane_capacity_review,10
1430,ceaec5548eefc6e23e6607c5435102e7,SP,RS,16,3661.9300000000003,0,0.0,2.362292390046296,15.299143518518518,4.266666666666667,0.06666666666666667,0.0,0.15440683899637325,carrier_lane_capacity_review,10
1431,06df0c10d34e459d9672bc77388742eb,PR,SP,11,3638.0,0,0.0,0.9710585016835016,9.055539772727274,4.636363636363637,0.0,0.0,0.10723364106997303,carrier_lane_capacity_review,10
1432,a420f60ff1aa9acc80d0e42959f2b313,SP,SP,27,3620.7,0,0.0,1.1929475308641975,3.592205075445816,4.115384615384615,0.11538461538461539,0.0,0.3320933815885066,carrier_lane_capacity_review,10
1433,17a053fcb14bd219540cbde0df490be0,SP,RJ,12,3608.8399999999997,0,0.0,4.1539120370370375,15.51860725308642,4.416666666666667,0.08333333333333333,0.0,0.26767299212439866,carrier_lane_capacity_review,10
1434,ea67327e24487bdfac5fbfa37ea124df,SP,SP,17,3565.0699999999997,0,0.0,1.425082380174292,6.895121868191721,3.0,0.35294117647058826,0.0,0.20667979586385857,carrier_lane_capacity_review,10
1435,001cca7ae9ae17fb1caed9dfb1094831,ES,MG,30,3546.39,0,0.0,1.9430987654320988,10.480667438271604,4.0344827586206895,0.1724137931034483,0.0,0.18539838010092805,carrier_lane_capacity_review,10
1436,679769a98cfcc6da877c8486ff1c13f3,MG,SP,11,3539.0,0,0.0,1.093732112794613,7.349143518518518,4.2727272727272725,0.09090909090909091,0.0,0.1488244324033957,carrier_lane_capacity_review,10
1437,a7f13822ceb966b076af67121f87b063,SP,SP,24,3496.04,0,0.0,10.918033854166666,15.738464988425926,2.75,0.4166666666666667,0.0,0.693716563984848,seller_dispatch_sla_review,10
1438,609e1a9a6c2539919b8205cf7c4e6ff0,SC,SP,42,3391.84,0,0.0,1.8285769400352736,9.02305252425044,4.023809523809524,0.16666666666666666,0.0,0.20265613384392622,carrier_lane_capacity_review,10
1439,058fd0aa2bfdb2274e05e1ae971dabb6,SP,SP,29,3379.6,0,0.0,1.5224576947637294,4.9540760696040875,4.620689655172414,0.06896551724137931,0.0,0.30731415371371135,carrier_lane_capacity_review,10
1440,750303a20e9c56b2a6bc45cdce0b897d,GO,MG,11,3348.2999999999997,0,0.0,1.15625,8.274366582491583,4.7272727272727275,0.0,0.0,0.13973879311156037,carrier_lane_capacity_review,10
1441,cb8bcce248bb1fb274ba762d8b971456,MG,SP,25,3345.4,0,0.0,1.4152356481481483,9.409148611111112,4.4,0.04,0.0,0.1504105957553821,carrier_lane_capacity_review,10
1442,5b67882648febfb6e1225e6ad7164f6b,PR,SP,15,3299.67,0,0.0,1.2357222222222222,8.244365740740742,3.933333333333333,0.13333333333333333,0.0,0.14988687560471992,carrier_lane_capacity_review,10
1443,612170e34b97004b3ba37eae81836b4c,RS,RS,17,3298.2999999999997,0,0.0,5.473350354030501,8.190955882352942,4.470588235294118,0.058823529411764705,0.0,0.6682187564729284,seller_dispatch_sla_review,10
1444,240b9776d844d37535668549a396af32,RJ,RJ,10,3282.56,0,0.0,5.183077546296296,7.420917824074074,4.3,0.1,0.0,0.6984415767928277,seller_dispatch_sla_review,10
1445,ebd2d60905fb58271facef5596b620d3,SP,SP,30,3272.76,0,0.0,1.2948823302469137,7.018559799382716,4.2,0.06666666666666667,0.0,0.18449402260002098,carrier_lane_capacity_review,10
1446,b372ee768ed69e46ca8cdbd267aa7a38,SP,RJ,12,3250.0,0,0.0,2.7931471836419752,12.42122974537037,4.666666666666667,0.08333333333333333,0.0,0.22486881258138186,carrier_lane_capacity_review,10
1447,9baf5cb77970f539089d09a38bcec5c3,SP,SP,19,3241.8,0,0.0,8.956382797270955,12.800458089668615,4.315789473684211,0.10526315789473684,0.0,0.6996923652677514,seller_dispatch_sla_review,10
1448,02f5837340d7eb4f653d676c7256523a,PR,SP,25,3238.59,0,0.0,2.178152314814815,8.259557407407407,4.96,0.0,0.0,0.26371295789546617,carrier_lane_capacity_review,10
1449,33a17d60c64393351ebf1ef860f4e0f2,RS,RS,16,3231.4,0,0.0,3.0200629340277776,6.300405815972223,4.9375,0.0,0.0,0.4793441918251655,seller_dispatch_sla_review,10
1450,0b90b6df587eb83608a64ea8b390cf07,PR,MG,17,3219.89,0,0.0,1.4659286492374728,15.849711328976033,4.117647058823529,0.17647058823529413,0.0,0.09248929641750003,carrier_lane_capacity_review,10
1451,3ade81dab5a172b88e1871c28ae05260,SP,SP,16,3212.7,0,0.0,3.4991030092592594,8.570229311342592,4.733333333333333,0.0,0.0,0.4082858091822864,seller_dispatch_sla_review,10
1452,6c7d50c24b3ccd2fd83b44d8bb34e073,SP,SP,43,3175.81,0,0.0,2.3343233204134366,8.350711132644273,4.372093023255814,0.09302325581395349,0.0,0.27953587225502163,carrier_lane_capacity_review,10
1453,955fee9216a65b617aa5c0531780ce60,SP,GO,29,3175.0,0,0.0,1.520390325670498,12.400155651340997,4.344827586206897,0.06896551724137931,0.0,0.1226105839652164,carrier_lane_capacity_review,10
1454,c3cfdc648177fdbbbb35635a37472c53,PR,RS,25,3169.27,0,0.0,1.7679273148148147,10.356092592592592,4.96,0.0,0.0,0.17071374159780697,carrier_lane_capacity_review,10
1455,0b35c634521043bf4b47e21547b99ab5,PR,SP,13,3131.48,0,0.0,1.955278668091168,10.161322115384614,3.769230769230769,0.23076923076923078,0.0,0.19242364781752214,carrier_lane_capacity_review,10
1456,522620dcb18a6b31cd7bdf73665113a9,PR,PR,14,3112.99,0,0.0,1.7410532407407406,6.287562830687831,4.0,0.15384615384615385,0.0,0.27690430897058366,carrier_lane_capacity_review,10
1457,17306570e772e7718c92a562d33f5f1d,SP,SP,12,3085.7,0,0.0,4.270877700617284,11.122709297839506,4.416666666666667,0.0,0.0,0.38397818249613574,seller_dispatch_sla_review,10
1458,7e1fb0a3ebfb01ffb3a7dae98bf3238d,SP,MG,18,3071.0,0,0.0,1.02899112654321,12.673683127572016,4.444444444444445,0.05555555555555555,0.0,0.08119116725465589,carrier_lane_capacity_review,10
1459,cc63f0dd2acba93ffed4fe9f8e0321fa,SP,SP,21,3068.69,0,0.0,1.2862885802469135,6.422532517636684,4.428571428571429,0.047619047619047616,0.0,0.20027747258806133,carrier_lane_capacity_review,10
1460,7c67e1448b00f6e969d365cea6b010ab,SP,GO,20,3021.06,0,0.0,11.238736111111113,22.63196759259259,4.2,0.05,0.0,0.49658678880353,seller_dispatch_sla_review,10
1461,3340ef1913fb70d28420f6ceb685c339,PR,SP,12,3011.9700000000003,0,0.0,1.355877700617284,9.119324845679012,4.083333333333333,0.08333333333333333,0.0,0.1486818074322395,carrier_lane_capacity_review,10
1462,381c83fdca332ea6afd896da20bf6e4a,PR,SP,17,3007.9,0,0.0,2.0020499727668843,10.430919798474946,4.882352941176471,0.0,0.0,0.19193417373025862,carrier_lane_capacity_review,10
1463,82e0a475a88cc9595229d8029273f045,SP,SP,10,2987.35,0,0.0,3.623153935185185,8.340400462962963,3.4,0.3,0.0,0.43441006835036844,seller_dispatch_sla_review,10
1464,670c26e0f1bf8d0576271d5cfaec6d2b,PR,SP,38,2931.3,0,0.0,1.454651559454191,10.210073099415204,4.526315789473684,0.02631578947368421,0.0,0.14247219831731744,carrier_lane_capacity_review,10
1465,31344c16881c08a8a72c6d2eb29918c1,MG,SP,13,2928.7,0,0.0,2.6624910968660966,13.4371047008547,4.538461538461538,0.07692307692307693,0.0,0.1981447012686254,carrier_lane_capacity_review,10
1466,b1a81260566c1bac3114a6d124413f27,RS,SP,18,2918.19,0,0.0,0.6473450360082305,7.52430491255144,4.166666666666667,0.1111111111111111,0.0,0.08603386539112491,carrier_lane_capacity_review,10
1467,ceaec5548eefc6e23e6607c5435102e7,SP,SC,12,2892.94,0,0.0,2.6529899691358025,12.399929591049384,4.833333333333333,0.0,0.0,0.213952018812333,carrier_lane_capacity_review,10
1468,6288c69c4ce638e59925e59193f98b16,SP,SP,12,2890.88,0,0.0,2.374060570987654,6.086444830246914,4.5,0.0,0.0,0.39005702626098454,seller_dispatch_sla_review,10
1469,fa1a9dec3a9940c072684a46728bf1fc,SC,SP,24,2878.2000000000003,0,0.0,4.589150270061729,14.530364101080247,4.0,0.16666666666666666,0.0,0.3158317464130546,carrier_lane_capacity_review,10
1470,0241d4d5d36f10f80c644447315af0bd,PR,RS,19,2851.0,0,0.0,1.7755324074074073,9.932069322612087,4.368421052631579,0.05263157894736842,0.0,0.1787676213017461,carrier_lane_capacity_review,10
1471,391fc6631aebcf3004804e51b40bcf1e,SP,PR,28,2849.9,0,0.0,4.061862599206349,13.159157572751324,4.0,0.17857142857142858,0.0,0.3086719325876339,carrier_lane_capacity_review,10
1472,c003204e1ab016dfa150abc119207b24,SP,MG,20,2845.0,0,0.0,1.0406655092592592,7.716891203703703,4.5,0.0,0.0,0.13485553726088484,carrier_lane_capacity_review,10
1473,a1043bafd471dff536d0c462352beb48,MG,SC,24,2824.83,0,0.0,1.076244212962963,14.354563560956791,4.458333333333333,0.041666666666666664,0.0,0.07497575306923696,carrier_lane_capacity_review,10
1474,9de4643a8dbde634fe55621059d92273,SC,MG,10,2766.8,0,0.0,3.198403935185185,14.889127314814814,4.1,0.1,0.0,0.2148147347764798,carrier_lane_capacity_review,10
1475,02ecc2a19303f05e59ce133fd923fff7,SP,SP,11,2762.09,0,0.0,3.581927609427609,7.309239267676768,4.818181818181818,0.0,0.0,0.4900547756409841,seller_dispatch_sla_review,10
1476,8444e55c1f13cd5c179851e5ca5ebd00,MG,RJ,15,2745.85,0,0.0,10.013753858024693,20.880912808641977,3.0,0.3333333333333333,0.0,0.47956494765306923,seller_dispatch_sla_review,10
1477,8c16d1f32a54d92897cc437244442e1b,SC,SP,42,2741.18,0,0.0,1.2072321428571429,10.353984512786596,4.219512195121951,0.0975609756097561,0.0,0.1165959000002635,carrier_lane_capacity_review,10
1478,9c0e69c7bf2619675bbadf47b43f655a,SP,MG,13,2730.7000000000003,0,0.0,4.975923254985755,14.573261217948719,3.576923076923077,0.23076923076923078,0.0,0.34144198615319604,carrier_lane_capacity_review,10
1479,06e5eefc71ec47ae763c5c6f8db7064f,RS,RJ,10,2723.16,0,0.0,1.2258217592592593,11.245520833333334,4.5,0.1,0.0,0.10900533442841955,carrier_lane_capacity_review,10
1480,0ea22c1cfbdc755f86b9b54b39c16043,MG,MG,55,2723.0,0,0.0,1.9802904040404041,6.717558501683501,4.490909090909091,0.03636363636363636,0.0,0.29479317575635844,carrier_lane_capacity_review,10
1481,81f89e42267213cb94da7ddc301651da,SP,SP,31,2713.0,0,0.0,2.0171934737156514,5.988175776583034,3.4838709677419355,0.25806451612903225,0.0,0.3368627690596451,carrier_lane_capacity_review,10
1482,0ef83d7d83ed97cd2a0049ac8be5f88a,PR,SP,26,2709.19,0,0.0,1.5376869658119658,9.456128917378917,4.038461538461538,0.23076923076923078,0.0,0.16261273288966405,carrier_lane_capacity_review,10
1483,9674754b5a0cb32b638cec001178f799,SP,SP,50,2685.62,0,0.0,1.6214569444444444,4.126146064814815,4.32,0.12,0.0,0.39297129063636693,seller_dispatch_sla_review,10
1484,5b925e1d006e9476d738aa200751b73b,SP,SP,23,2683.5,0,0.0,1.9603447061191628,4.360794082125604,4.6521739130434785,0.043478260869565216,0.0,0.4495384714803185,seller_dispatch_sla_review,10
1485,4371b634e0efc0e22b09b52907d9d469,SP,SP,43,2657.0,0,0.0,1.3239989771748493,3.3044974698535743,4.744186046511628,0.046511627906976744,0.0,0.40066575606532906,seller_dispatch_sla_review,10
1486,099095b050cfe8eb1ddff5317587e96e,SP,SP,10,2643.88,0,0.0,2.1768622685185184,4.7925254629629634,4.0,0.2,0.0,0.4542202822585903,seller_dispatch_sla_review,10
1487,3bb548e3cb7f70f28e3f11ee9dce0e59,PR,SP,18,2596.51,0,0.0,2.6188818158436216,9.094922839506173,4.555555555555555,0.05555555555555555,0.0,0.28794986632188063,carrier_lane_capacity_review,10
1488,7ddcbb64b5bc1ef36ca8c151f6ec77df,SP,RS,21,2571.79,0,0.0,2.213821097883598,12.628896604938271,4.333333333333333,0.047619047619047616,0.0,0.1752980618289272,carrier_lane_capacity_review,10
1489,7ea5bfa6c340f58f8e71fc1f0412b0d6,MG,MG,24,2567.59,0,0.0,1.9928795331790123,5.3163454861111115,4.625,0.0,0.0,0.3748589211113887,seller_dispatch_sla_review,10
1490,37be5a7c751166fbc5f8ccba4119e043,SP,GO,12,2550.77,0,0.0,2.9461603009259263,11.57246913580247,4.083333333333333,0.08333333333333333,0.0,0.25458355225257906,carrier_lane_capacity_review,10
1491,30a2f535bb48308f991d0b9ad4a8c4bb,SP,SP,41,2550.2,0,0.0,1.258373419150858,3.855862691960253,4.439024390243903,0.0975609756097561,0.0,0.32635327543552206,carrier_lane_capacity_review,10
1492,87142160b41353c4e5fca2360caf6f92,RS,PR,26,2537.9900000000002,0,0.0,2.539370548433048,8.37689058048433,4.4423076923076925,0.07692307692307693,0.0,0.30313999258257335,carrier_lane_capacity_review,10
1493,b90e891671cffd9557f33a97dc523645,PR,SP,21,2526.0,0,0.0,1.0874779541446207,7.5145640432098775,4.428571428571429,0.047619047619047616,0.0,0.14471604046375255,carrier_lane_capacity_review,10
1494,b2479f944e1b90cf8a5de1bbfde284d6,SP,SP,50,2517.36,0,0.0,2.5595381944444444,9.595795370370372,3.7,0.26,0.0,0.2667353872871982,carrier_lane_capacity_review,10
1495,620c87c171fb2a6dd6e8bb4dec959fc6,RJ,DF,19,2516.1,0,0.0,1.9708363791423,11.274554702729045,4.473684210526316,0.0,0.0,0.17480392184937044,carrier_lane_capacity_review,10
1496,26d8a1c7c75d513045798992ead43aa2,PR,SP,16,2514.4700000000003,0,0.0,3.057965133101852,8.610140335648149,4.5,0.0625,0.0,0.3551585704638409,seller_dispatch_sla_review,10
1497,17e34d8224d27a541263c4c64b11a56b,SP,PR,11,2508.71,0,0.0,2.6555481902356903,12.51327861952862,4.090909090909091,0.18181818181818182,0.0,0.21221841780869144,carrier_lane_capacity_review,10
1498,6fc26fe110feebd80a433e1f012a84f9,SP,SP,16,2478.92,0,0.0,2.4228515625,7.35253978587963,4.4375,0.0625,0.0,0.3295258010236172,carrier_lane_capacity_review,10
1499,75d34ebb1bd0bd7dde40dd507b8169c3,BA,SP,12,2439.88,0,0.0,4.30056037808642,11.415677083333334,4.25,0.08333333333333333,0.0,0.3767240739811355,seller_dispatch_sla_review,10
1500,916c9de0b5ad957346eeeb12f332687e,PR,SP,11,2433.5,0,0.0,0.8914751683501684,7.147074915824916,4.545454545454546,0.09090909090909091,0.0,0.12473287027903977,carrier_lane_capacity_review,10
1501,4917cee8d902e13428c3ec4b1ca6f315,SC,SP,15,2431.0,0,0.0,6.904556327160494,14.708750771604938,4.266666666666667,0.13333333333333333,0.0,0.46941826905447703,seller_dispatch_sla_review,10
1502,12b9676b00f60f3b700e83af21824c0e,RS,RS,12,2427.0,0,0.0,3.165395447530864,8.132728587962964,4.833333333333333,0.0,0.0,0.38921690467033193,seller_dispatch_sla_review,10
1503,955fee9216a65b617aa5c0531780ce60,SP,PE,22,2423.07,0,0.0,1.302439499158249,15.524204019360269,4.090909090909091,0.13636363636363635,0.0,0.08389734491597597,carrier_lane_capacity_review,10
1504,86ccac0b835037332a596a33b6949ee1,SC,MG,19,2412.64,0,0.0,2.412272782651072,11.792175925925926,4.111111111111111,0.16666666666666666,0.0,0.20456553547064382,carrier_lane_capacity_review,10
1505,2199e7fe213c16213bf5d6a7eadc9a5d,SP,SP,15,2374.19,0,0.0,1.224656635802469,7.548152777777777,4.666666666666667,0.06666666666666667,0.0,0.16224587284559647,carrier_lane_capacity_review,10
1506,9d5a9018aee56acb367ba9c3f05d1d6a,GO,SP,15,2372.34,0,0.0,3.491385030864197,12.410625000000001,4.333333333333333,0.13333333333333333,0.0,0.2813222566038533,carrier_lane_capacity_review,10
1507,93dc87703c046b603023e75222018b45,MG,MG,10,2369.0,0,0.0,7.935758101851851,10.638994212962963,4.6,0.0,0.0,0.7459124371157769,seller_dispatch_sla_review,10
1508,9616352088dcf83a7c06637f4ebf1c80,PR,SP,40,2351.4,0,0.0,3.707146412037037,11.432334201388889,4.475,0.05,0.0,0.32426854802640953,carrier_lane_capacity_review,10
1509,530ec6109d11eaaf87999465c6afee01,PR,RJ,18,2344.65,0,0.0,1.6422717335390944,12.635201903292181,4.111111111111111,0.16666666666666666,0.0,0.1299758995628863,carrier_lane_capacity_review,10
1510,709e16e2b25c7474d980076c6bfc4806,SP,SP,25,2337.2,0,0.0,1.4078282407407408,6.124593055555556,4.48,0.0,0.0,0.2298647808875586,carrier_lane_capacity_review,10
1511,d91fb3b7d041e83b64a00a3edfb37e4f,SP,RS,28,2311.5,0,0.0,2.4723846726190475,12.62210689484127,4.678571428571429,0.03571428571428571,0.0,0.1958773359485274,carrier_lane_capacity_review,10
1512,33a17d60c64393351ebf1ef860f4e0f2,RS,SP,12,2308.47,0,0.0,3.078810763888889,10.252791280864198,4.583333333333333,0.0,0.0,0.3002900068428369,carrier_lane_capacity_review,10
1513,79ebd9a61bac3eaf882805ed4ecfa12a,PR,RS,14,2303.5,0,0.0,4.578346560846561,15.410526620370371,3.857142857142857,0.21428571428571427,0.0,0.2970921548388024,carrier_lane_capacity_review,10
1514,d624126b9206f595fb3fbb6ba03b28a8,PR,SP,10,2290.7,0,0.0,1.5942777777777777,6.173474537037037,4.6,0.0,0.0,0.2582464328982156,carrier_lane_capacity_review,10
1515,6ec1a01e866584bb679eb9b098345919,SP,SP,16,2285.79,0,0.0,2.041136429398148,6.340822482638889,4.8125,0.0,0.0,0.32190404872345185,carrier_lane_capacity_review,10
1516,582d4f8675b945722eda7c0cb61ba4c7,SP,SP,28,2277.17,0,0.0,1.274014136904762,9.001999421296295,4.178571428571429,0.10714285714285714,0.0,0.14152568527062878,carrier_lane_capacity_review,10
1517,e9bc59e7b60fc3063eb2290deda4cced,PR,RS,13,2274.0,0,0.0,3.206110220797721,12.289074074074072,4.153846153846154,0.15384615384615385,0.0,0.2608911136406578,carrier_lane_capacity_review,10
1518,0b90b6df587eb83608a64ea8b390cf07,PR,PR,12,2262.94,0,0.0,1.8497154706790122,6.972581018518518,3.9166666666666665,0.25,0.0,0.26528418468947756,carrier_lane_capacity_review,10
1519,55d3daac7c404d59e51c2aa2f4dc5a23,SP,SP,11,2255.8,0,0.0,2.4548737373737377,4.046561447811448,4.363636363636363,0.09090909090909091,0.0,0.6066567304202034,seller_dispatch_sla_review,10
1520,57e632711dec9ec14ca7546769483e7e,SC,SP,25,2253.29,0,0.0,1.2885212962962962,10.837003240740742,4.08,0.12,0.0,0.11890014865476979,carrier_lane_capacity_review,10
1521,1025f0e2d44d7041d6cf58b6550e0bfa,SP,PE,14,2231.2,0,0.0,2.755196759259259,13.662486772486773,4.142857142857143,0.21428571428571427,0.0,0.20166144020044846,carrier_lane_capacity_review,10
1522,817245bcc3badd82bbd222e0366951a6,SP,SP,10,2217.9,0,0.0,0.744599537037037,5.982954861111112,4.0,0.1111111111111111,0.0,0.1244534773071571,carrier_lane_capacity_review,10
1523,6cd68b3ed6d59aaa9fece558ad360c0a,MG,MG,35,2205.4,0,0.0,1.9879500661375662,6.827377976190476,4.457142857142857,0.02857142857142857,0.0,0.29117328395619274,carrier_lane_capacity_review,10
1524,58f1a6197ed863543e0136bdedb3fce2,MG,SP,15,2195.0,0,0.0,2.701946759259259,8.330301816239317,3.8,0.2,0.0,0.32435160440309746,carrier_lane_capacity_review,10
1525,6560211a19b47992c3666cc44a7e94c0,SP,DF,33,2179.0,0,0.0,1.3057937008978677,9.667631172839506,4.0606060606060606,0.15151515151515152,0.0,0.1350686303141558,carrier_lane_capacity_review,10
1526,960945e1a9535cbc0cd6ddd35fbe7ae8,SP,SP,17,2171.3,0,0.0,1.3564624183006535,3.933258442265795,4.647058823529412,0.0,0.0,0.3448698930445183,carrier_lane_capacity_review,10
1527,37be5a7c751166fbc5f8ccba4119e043,SP,PR,10,2168.99,0,0.0,5.217775462962963,11.625266203703703,4.8,0.0,0.0,0.4488306221581943,seller_dispatch_sla_review,10
1528,44073f8b7e41514de3b7815dd0237f4f,DF,MG,21,2157.28,0,0.0,2.425200617283951,7.989553571428572,3.5714285714285716,0.23809523809523808,0.0,0.303546449197951,carrier_lane_capacity_review,10
1529,b410bdd36d5db7a65dcd42b7ead933b8,GO,MG,12,2148.0,0,0.0,1.0662220293209876,8.482899305555556,4.833333333333333,0.0,0.0,0.12569075629869916,carrier_lane_capacity_review,10
1530,4d6d651bd7684af3fffabd5f08d12e5a,SP,RS,19,2143.9,0,0.0,2.728712231968811,15.764362816764132,4.157894736842105,0.10526315789473684,0.0,0.1730937218132943,carrier_lane_capacity_review,10
1531,376a891762bbdecbc02b4b6adec3fdda,GO,SP,15,2139.46,0,0.0,0.8073001543209877,7.220824074074074,4.8,0.0,0.0,0.11180166502318611,carrier_lane_capacity_review,10
1532,4978a02ea9c8be7a9b5480680f40334e,SP,SP,15,2123.84,0,0.0,1.3207199074074076,3.848679012345679,3.3333333333333335,0.3333333333333333,0.0,0.3431618753267917,carrier_lane_capacity_review,10
1533,f45122a9ab94eb4f3f8953578bc0c560,SP,PR,11,2106.57,0,0.0,1.3606207912457913,11.20454335016835,4.2727272727272725,0.0,0.0,0.12143473845592714,carrier_lane_capacity_review,10
1534,7299e27ed73d2ad986de7f7c77d919fa,MG,RS,15,2101.89,0,0.0,0.9387885802469136,14.394549382716049,4.733333333333333,0.0,0.0,0.06521833753088124,carrier_lane_capacity_review,10
1535,2dee2ce60de9709b1a24083217181a1f,MT,SP,14,2098.6,0,0.0,1.8338525132275134,11.644982638888889,4.571428571428571,0.0,0.0,0.157480055582332,carrier_lane_capacity_review,10
1536,c3cfdc648177fdbbbb35635a37472c53,PR,SC,16,2092.28,0,0.0,1.6399573206018518,9.448245081018518,4.625,0.0625,0.0,0.17357269064670208,carrier_lane_capacity_review,10
1537,7d13fca15225358621be4086e1eb0964,SP,SC,13,2077.39,0,0.0,3.2222035256410257,12.53642094017094,4.461538461538462,0.07692307692307693,0.0,0.2570273877224395,carrier_lane_capacity_review,10
1538,0df3984f9dfb3d49ac6366acbd3bbb85,MG,MG,17,2075.2,0,0.0,1.9917960239651415,5.742370642701525,4.823529411764706,0.0,0.0,0.346859537270846,carrier_lane_capacity_review,10
1539,83deb69e889cf80f82be1dc6d5f2d486,SC,SP,16,2066.21,0,0.0,4.769270109953704,13.403444010416667,4.125,0.1875,0.0,0.3558242274334269,seller_dispatch_sla_review,10
1540,2a261b5b644fa05f4f2700eb93544f2c,SP,SP,18,2045.0,0,0.0,2.0292213220164608,6.7274299125514405,4.0,0.16666666666666666,0.0,0.3016339595349065,carrier_lane_capacity_review,10
1541,1554a68530182680ad5c8b042c3ab563,MG,RS,14,2043.05,0,0.0,2.2233291997354496,16.928721064814816,4.571428571428571,0.07142857142857142,0.0,0.13133474119060812,carrier_lane_capacity_review,10
1542,850f4f8af5ea87287ac68de36e29107f,SP,PR,10,2036.58,0,0.0,0.7322789351851852,9.618693287037036,4.3,0.1,0.0,0.07613081250569306,carrier_lane_capacity_review,10
1543,37be5a7c751166fbc5f8ccba4119e043,SP,ES,10,2033.98,0,0.0,2.4602175925925924,10.692358796296295,4.8,0.0,0.0,0.23009119310930554,carrier_lane_capacity_review,10
1544,710e3548e02bc1d2831dfc4f1b5b14d4,PR,MG,14,2031.78,0,0.0,2.3352571097883597,13.404273313492064,3.7857142857142856,0.2857142857142857,0.0,0.17421736002934288,carrier_lane_capacity_review,10
1545,710e3548e02bc1d2831dfc4f1b5b14d4,PR,RS,11,2025.6200000000001,0,0.0,1.7593318602693602,12.217490530303031,3.272727272727273,0.18181818181818182,0.0,0.1440010823749518,carrier_lane_capacity_review,10
1546,00ee68308b45bc5e2660cd833c3f81cc,SP,MG,15,2018.0,0,0.0,1.3410038580246915,7.8147168209876545,4.466666666666667,0.06666666666666667,0.0,0.17159980185375548,carrier_lane_capacity_review,10
1547,acce39e832338debb07b02385cde5967,MG,SP,21,2012.5,0,0.0,1.1488503086419752,5.577174823633157,4.523809523809524,0.047619047619047616,0.0,0.20599144638137343,carrier_lane_capacity_review,10
1548,7142540dd4c91e2237acb7e911c4eba2,SP,GO,11,1983.8999999999999,0,0.0,3.5308122895622898,15.173162878787878,3.5454545454545454,0.18181818181818182,0.0,0.23270113935825304,carrier_lane_capacity_review,10
1549,813348c996469b40f2e028d5429d3495,SP,MG,27,1969.6,0,0.0,1.6984439300411522,12.502971107681756,3.7037037037037037,0.2222222222222222,0.0,0.13584322601510596,carrier_lane_capacity_review,10
1550,d379f449f2a3b271bc01c0782020f705,MG,SP,12,1966.5900000000001,0,0.0,1.3785445601851851,8.132893518518518,4.083333333333333,0.16666666666666666,0.0,0.16950234956922192,carrier_lane_capacity_review,10
1551,53e4c6e0f4312d4d2107a8c9cddf45cd,SP,RS,28,1960.9,0,0.0,3.226544725529101,14.372927827380952,4.035714285714286,0.10714285714285714,0.0,0.22448764540391106,carrier_lane_capacity_review,10
1552,d6b1ce66b035a475f00c017792ff9769,SP,MG,14,1938.16,0,0.0,1.9228133267195768,8.836555886243387,4.357142857142857,0.07142857142857142,0.0,0.217597597013219,carrier_lane_capacity_review,10
1553,4d6d651bd7684af3fffabd5f08d12e5a,SP,DF,13,1935.9,0,0.0,5.406159188034189,16.24388176638177,4.076923076923077,0.15384615384615385,0.0,0.33281202521571784,carrier_lane_capacity_review,10
1554,229c3efbfb0ea2058de4ccdfbc3d784a,MG,MG,16,1935.0,0,0.0,1.485904224537037,5.316034432870371,2.9375,0.375,0.0,0.2795136568998349,carrier_lane_capacity_review,10
1555,218d46b86c1881d022bce9c68a7d4b15,SP,PR,12,1933.0,0,0.0,1.4395891203703703,11.281075424382715,3.75,0.16666666666666666,0.0,0.12761098266029391,carrier_lane_capacity_review,10
1556,e26901d5ab434ce92fd9b5c256820a4e,SP,MG,26,1927.1000000000001,0,0.0,2.5063546118233617,8.759945245726495,4.269230769230769,0.11538461538461539,0.0,0.28611532852286686,carrier_lane_capacity_review,10
1557,06e5eefc71ec47ae763c5c6f8db7064f,RS,MG,10,1925.01,0,0.0,2.6043055555555554,10.30996875,4.5,0.0,0.0,0.2526007225342517,carrier_lane_capacity_review,10
1558,2e90cb1677d35cfe24eef47d441b7c87,SP,MG,17,1920.06,0,0.0,1.8250837418300652,10.123049428104576,4.411764705882353,0.058823529411764705,0.0,0.18028991706422903,carrier_lane_capacity_review,10
1559,58f1a6197ed863543e0136bdedb3fce2,MG,MG,11,1912.0,0,0.0,2.0166056397306398,6.718996212121212,4.090909090909091,0.18181818181818182,0.0,0.30013495707776117,carrier_lane_capacity_review,10
1560,fad44952713764836814be105382aee5,RJ,SP,12,1910.0,0,0.0,1.0061342592592595,8.22283950617284,4.333333333333333,0.16666666666666666,0.0,0.12235849410704905,carrier_lane_capacity_review,10
1561,0dd184061fb0eaa7ca37932c68ab91c5,SP,MG,16,1906.98,0,0.0,2.4994169560185187,9.086830150462962,4.066666666666666,0.2,0.0,0.2750592797083565,carrier_lane_capacity_review,10
1562,86ccac0b835037332a596a33b6949ee1,SC,PR,14,1903.08,0,0.0,2.0566641865079367,8.976161541005292,4.0,0.14285714285714285,0.0,0.22912513072682503,carrier_lane_capacity_review,10
1563,e5475dcab1e07b63d7f6e902d8f5eda8,SP,SP,13,1893.0,0,0.0,0.8814699074074075,7.027675391737891,4.230769230769231,0.15384615384615385,0.0,0.12542837542606342,carrier_lane_capacity_review,10
1564,ca3bd7cd9f149df75950150d010fe4a2,SP,RJ,10,1882.38,0,0.0,5.292881944444444,13.072662037037038,3.7,0.2,0.0,0.40488172412388723,seller_dispatch_sla_review,10
1565,87142160b41353c4e5fca2360caf6f92,RS,SC,23,1876.3999999999999,0,0.0,1.9950196256038648,9.030779488727859,4.826086956521739,0.0,0.0,0.22091333622906317,carrier_lane_capacity_review,10
1566,1025f0e2d44d7041d6cf58b6550e0bfa,SP,MT,12,1859.8,0,0.0,2.683358410493827,14.53728298611111,4.0,0.16666666666666666,0.0,0.1845845893663556,carrier_lane_capacity_review,10
1567,dfa0c4c6229ab200a4a1336b4d7128ff,SC,SP,35,1859.7,0,0.0,0.5866365740740741,7.871500992063492,4.085714285714285,0.14285714285714285,0.0,0.07452664678128802,carrier_lane_capacity_review,10
1568,c8b0e2b0a7095e5d8219575d5e7e1181,SP,MG,14,1853.89,0,0.0,1.0773131613756612,8.276464947089947,4.142857142857143,0.14285714285714285,0.0,0.13016585803996558,carrier_lane_capacity_review,10
1569,9add47bf45ce8e8c7db6b9cf670b1e09,PR,SP,17,1850.24,0,0.0,2.2220145697167757,9.108174019607842,4.75,0.0,0.0,0.24395829119352352,carrier_lane_capacity_review,10
1570,c3cfdc648177fdbbbb35635a37472c53,PR,ES,13,1847.09,0,0.0,1.7457193732193732,12.541929309116808,4.3076923076923075,0.07692307692307693,0.0,0.13919065641283743,carrier_lane_capacity_review,10
1571,730937bf88cb151eb2eb849f642fc213,SP,SP,15,1846.5,0,0.0,0.8179104938271604,3.1445825617283947,4.266666666666667,0.13333333333333333,0.0,0.2601014531409226,carrier_lane_capacity_review,10
1572,01cf7e3d21494c41fb86034f2e714fa1,PR,MG,11,1845.1,0,0.0,2.0422485269360267,9.89421085858586,4.636363636363637,0.0,0.0,0.20640842974999193,carrier_lane_capacity_review,10
1573,5d3bb11474a06bdc23fb9e89f1164ee0,SP,SP,17,1837.6,0,0.0,2.583604302832244,7.84614855664488,3.9411764705882355,0.17647058823529413,0.0,0.329283123328604,carrier_lane_capacity_review,10
1574,de722cd6dad950a92b7d4f82673f8833,PE,ES,14,1829.0,0,0.0,1.4665699404761905,13.347758763227514,4.214285714285714,0.07142857142857142,0.0,0.10987387219767006,carrier_lane_capacity_review,10
1575,a3f0b55de503387383c7b1de3ad7f678,PR,SP,10,1823.9,0,0.0,1.3281793981481482,7.876979166666667,4.4,0.0,0.0,0.1686153244848811,carrier_lane_capacity_review,10
1576,94e93ce877be27a515118dbfd2c2be41,SP,SP,10,1823.1,0,0.0,1.8713055555555556,8.706217592592592,4.2,0.1,0.0,0.21493898304904488,carrier_lane_capacity_review,10
1577,4b0fdb526525f9890eb145bf1534640e,SP,SP,11,1795.7,0,0.0,1.018008207070707,7.169548611111111,4.0,0.18181818181818182,0.0,0.14199055788436027,carrier_lane_capacity_review,10
1578,6c177e38df6d3f34182b1f1d427231bf,PR,SP,12,1794.0,0,0.0,5.843215663580247,11.397008101851853,4.333333333333333,0.08333333333333333,0.0,0.5126973334897258,seller_dispatch_sla_review,10
1579,79ebd9a61bac3eaf882805ed4ecfa12a,PR,MG,13,1783.7,0,0.0,5.743140135327636,16.259666132478632,4.769230769230769,0.0,0.0,0.353213902950672,seller_dispatch_sla_review,10
1580,dd2bdf855a9172734fbc3744021ae9b9,MG,MG,18,1778.2,0,0.0,7.802056970164609,10.879270833333333,4.111111111111111,0.2222222222222222,0.0,0.7171488870614056,seller_dispatch_sla_review,10
1581,7a67c85e85bb2ce8582c35f2203ad736,SP,CE,15,1777.85,0,0.0,2.2914434523809524,14.873219246031747,4.571428571428571,0.0,0.0,0.15406506247746746,carrier_lane_capacity_review,10
1582,289cdb325fb7e7f891c38608bf9e0962,SP,RJ,12,1764.4,0,0.0,1.0544492669753087,6.679886188271605,4.833333333333333,0.0,0.0,0.15785437614591205,carrier_lane_capacity_review,10
1583,7a67c85e85bb2ce8582c35f2203ad736,SP,ES,18,1761.82,0,0.0,1.0998514660493826,9.545226337448561,4.722222222222222,0.0,0.0,0.11522528928773132,carrier_lane_capacity_review,10
1584,ac3508719a1d8f5b7614b798f70af136,RS,MG,11,1761.6,0,0.0,1.0024063552188553,10.263460648148147,4.909090909090909,0.0,0.0,0.09766748171823714,carrier_lane_capacity_review,10
1585,33ac3e28642ab8bda860a2f693000e78,SP,SP,16,1751.1200000000001,0,0.0,2.043922164351852,4.505540364583333,4.1875,0.125,0.0,0.45364639953478064,seller_dispatch_sla_review,10
1586,cd68562d3f44870c08922d380acae552,SP,MG,17,1747.1,0,0.0,2.230089869281046,9.771245234204793,4.588235294117647,0.058823529411764705,0.0,0.22822985359885256,carrier_lane_capacity_review,10
1587,edf96ef93ed595084bbcbd9224bd2894,SP,SP,13,1744.0,0,0.0,2.653498041310541,7.211258012820513,3.923076923076923,0.07692307692307693,0.0,0.3679660381854356,seller_dispatch_sla_review,10
1588,5cf13accae3222c70a9cac40818ae839,MG,MG,19,1730.5,0,0.0,1.9173684210526316,6.454993299220273,4.421052631578948,0.10526315789473684,0.0,0.2970364696248777,carrier_lane_capacity_review,10
1589,f457c46070d02cadd8a68551231220dd,PR,RS,16,1728.6000000000001,0,0.0,2.5832045717592593,15.648721788194445,3.75,0.1875,0.0,0.1650744774380266,carrier_lane_capacity_review,10
1590,9d5a9018aee56acb367ba9c3f05d1d6a,GO,MG,14,1721.5300000000002,0,0.0,3.6849413029100524,11.967777777777778,4.928571428571429,0.0,0.0,0.30790522445632224,carrier_lane_capacity_review,10
1591,8ab42aa58097fd4668d60cc648225d5f,GO,SP,11,1706.85,0,0.0,3.307240109427609,10.87266835016835,4.090909090909091,0.09090909090909091,0.0,0.3041792504759331,carrier_lane_capacity_review,10
1592,3c4e0452bff7a2a788179488d3d77032,PR,SP,15,1697.2,0,0.0,1.9211057098765432,11.740989969135802,3.7142857142857144,0.2857142857142857,0.0,0.16362382686014224,carrier_lane_capacity_review,10
1593,a1043bafd471dff536d0c462352beb48,MG,DF,11,1696.9,0,0.0,1.495284090909091,11.336911826599327,4.818181818181818,0.0,0.0,0.1318951857242788,carrier_lane_capacity_review,10
1594,42bde9fef835393bb8a8849cb6b7f245,DF,SP,12,1691.0,0,0.0,3.0381471836419753,9.048253279320987,4.416666666666667,0.0,0.0,0.3357716776767735,carrier_lane_capacity_review,10
1595,a3dd39f583bc80bd8c5901c95878921e,BA,SP,12,1688.63,0,0.0,1.4725983796296296,11.432063078703704,4.916666666666667,0.0,0.0,0.128813003347827,carrier_lane_capacity_review,10
1596,bc2ac6b95e1accce9858528ee566c17e,SP,SP,15,1686.0,0,0.0,0.9528896604938272,3.192405864197531,4.466666666666667,0.13333333333333333,0.0,0.2984863770551159,carrier_lane_capacity_review,10
1597,e7d5b006eb624f13074497221eb37807,SP,SP,11,1676.1,0,0.0,2.5965319865319865,5.459496001683502,4.090909090909091,0.18181818181818182,0.0,0.4755992102075566,seller_dispatch_sla_review,10
1598,cb8bcce248bb1fb274ba762d8b971456,MG,MG,12,1674.8000000000002,0,0.0,1.2006577932098765,8.35403549382716,3.9166666666666665,0.08333333333333333,0.0,0.14372189274238167,carrier_lane_capacity_review,10
1599,bd4889b5e9133b35b66e42a8665cea5c,SP,SP,13,1673.1599999999999,0,0.0,1.3047854344729344,4.580253739316239,4.5,0.08333333333333333,0.0,0.28487186709173856,carrier_lane_capacity_review,10
1600,dbc22125167c298ef99da25668e1011f,MG,PR,21,1660.19,0,0.0,1.2836149691358025,11.228171296296297,4.285714285714286,0.047619047619047616,0.0,0.11432092860564153,carrier_lane_capacity_review,10
1601,f84a00e60c73a49e7e851c9bdca3a5bb,RJ,RJ,23,1658.7,0,0.0,2.317552838164251,5.253759057971015,4.043478260869565,0.21739130434782608,0.0,0.4411227870543577,seller_dispatch_sla_review,10
1602,ad420dd0c4f92f8af951ac24b86d0cf5,MG,SP,14,1649.93,0,0.0,1.9901661706349205,7.739799107142857,4.571428571428571,0.07142857142857142,0.0,0.2571340861803827,carrier_lane_capacity_review,10
1603,01fdefa7697d26ad920e9e0346d4bd1b,PR,MG,12,1640.98,0,0.0,0.9938454861111111,12.093345871913582,4.666666666666667,0.0,0.0,0.08218118431717777,carrier_lane_capacity_review,10
1604,1b938a7ec6ac5061a66a3766e0e75f90,SP,SP,14,1639.4,0,0.0,1.1870419973544972,8.01535548941799,4.285714285714286,0.07142857142857142,0.0,0.14809598887056855,carrier_lane_capacity_review,10
1605,b92e3c8f9738272ff7c59e111e108d7c,MG,MG,12,1638.7,0,0.0,3.867577160493827,12.997057291666666,4.5,0.08333333333333333,0.0,0.29757329476216166,carrier_lane_capacity_review,10
1606,527801b552d0077ffd170872eb49683b,SP,MG,10,1638.0,0,0.0,1.8533194444444443,10.874275462962963,4.1,0.2,0.0,0.1704315336462391,carrier_lane_capacity_review,10
1607,955fee9216a65b617aa5c0531780ce60,SP,DF,22,1626.99,0,0.0,1.507500526094276,9.348879419191919,4.5,0.045454545454545456,0.0,0.16124932823495317,carrier_lane_capacity_review,10
1608,95f83f51203c626648c875dd41874c7f,MG,SP,27,1624.65,0,0.0,2.9830371227709187,10.481827417695472,3.740740740740741,0.25925925925925924,0.0,0.28459132209474663,carrier_lane_capacity_review,10
1609,0b90b6df587eb83608a64ea8b390cf07,PR,RS,13,1619.76,0,0.0,2.49857905982906,15.53988336894587,4.461538461538462,0.0,0.0,0.16078493000932656,carrier_lane_capacity_review,10
1610,8bb48dc19fccaa8613b6229bf7f452a2,SP,SP,35,1619.1499999999999,0,0.0,1.7601646825396824,7.321147156084656,4.714285714285714,0.02857142857142857,0.0,0.24042197827929157,carrier_lane_capacity_review,10
1611,6d66611d7c44cc30ce351abc49a68421,SP,MG,19,1617.8000000000002,0,0.0,3.206891447368421,10.083013523391813,4.2105263157894735,0.0,0.0,0.3180489086847578,carrier_lane_capacity_review,10
1612,8d956fec2e4337affcb520f56fd8cbfd,SP,MG,27,1595.1299999999999,0,0.0,1.3542283950617284,8.410780606995885,4.185185185185185,0.1111111111111111,0.0,0.161011023630234,carrier_lane_capacity_review,10
1613,2138ccb85b11a4ec1e37afbd1c8eda1f,SP,MG,54,1589.59,0,0.0,2.0261736968449933,10.05636274005487,3.9814814814814814,0.12962962962962962,0.0,0.20148176325965922,carrier_lane_capacity_review,10
1614,01fdefa7697d26ad920e9e0346d4bd1b,PR,PR,13,1581.0800000000002,0,0.0,1.464040242165242,6.065584045584045,4.416666666666667,0.0,0.0,0.24136838780283887,carrier_lane_capacity_review,10
1615,5343d0649eca2a983820bfe93fc4d17e,SP,MG,12,1580.15,0,0.0,0.7744569830246913,8.589877507716048,3.1666666666666665,0.4166666666666667,0.0,0.09015925807195949,carrier_lane_capacity_review,10
1616,bccf933e006e9b94a6184af782963e77,SP,SP,17,1575.13,0,0.0,1.5403152233115467,8.072785947712418,4.588235294117647,0.058823529411764705,0.0,0.19080342688239182,carrier_lane_capacity_review,10
1617,fc906263ca5083d09dce42fe02247800,MG,SP,39,1575.0,0,0.0,1.7865568613485279,7.59056920702754,4.282051282051282,0.10256410256410256,0.0,0.2353653346173945,carrier_lane_capacity_review,10
1618,870d0118f7a9d85960f29ad89d5d989a,MG,SP,23,1563.22,0,0.0,2.1877445652173915,11.850584239130436,3.782608695652174,0.13043478260869565,0.0,0.18461069269424663,carrier_lane_capacity_review,10
1619,f0837c8d71434931d9e38e7b79234797,RS,SP,10,1561.0,0,0.0,2.156002314814815,10.056515046296296,4.7,0.0,0.0,0.21438861324120895,carrier_lane_capacity_review,10
1620,634964b17796e64304cadf1ad3050fb7,RJ,ES,10,1556.9,0,0.0,2.476695601851852,13.570802083333334,4.1,0.1,0.0,0.18250178483507237,carrier_lane_capacity_review,10
1621,6a0cbc8af2e8abd1bdfb777943d174c6,SP,SP,14,1554.7,0,0.0,2.8744791666666667,8.433075396825396,3.9285714285714284,0.14285714285714285,0.0,0.340857757271891,carrier_lane_capacity_review,10
1622,1e8b33f18b4f7598d87f5cbee2282cc2,SP,MG,11,1546.0900000000001,0,0.0,0.905663930976431,6.16977377946128,4.454545454545454,0.09090909090909091,0.0,0.14679045996650952,carrier_lane_capacity_review,10
1623,7142540dd4c91e2237acb7e911c4eba2,SP,PE,11,1538.9,0,0.0,5.932380050505051,18.16183291245791,4.818181818181818,0.0,0.0,0.3266399420752186,carrier_lane_capacity_review,10
1624,530ec6109d11eaaf87999465c6afee01,PR,MG,12,1526.3700000000001,0,0.0,0.8913146219135802,9.823830054012346,4.75,0.0,0.0,0.09072984945922805,carrier_lane_capacity_review,10
1625,3504c0cb71d7fa48d967e0e4c94d59d9,SP,SP,34,1512.21,0,0.0,1.5646803513071896,4.934390318627451,4.411764705882353,0.058823529411764705,0.0,0.3170969968469014,carrier_lane_capacity_review,10
1626,669ae81880e08f269a64487cfb287169,SC,MG,18,1496.5,0,0.0,1.603883744855967,13.607116769547325,4.5,0.0,0.0,0.11787094738875561,carrier_lane_capacity_review,10
1627,3481aa57cd91f9f9d3fa1fa12d9a3bf7,SP,SP,21,1493.1399999999999,0,0.0,4.381212384259259,9.01717650462963,3.9523809523809526,0.19047619047619047,0.0,0.4858740850874818,seller_dispatch_sla_review,10
1628,00fc707aaaad2d31347cf883cd2dfe10,PR,MG,12,1488.65,0,0.0,1.8675067515432098,17.704005594135804,4.181818181818182,0.18181818181818182,0.0,0.10548498426603493,carrier_lane_capacity_review,10
1629,3d8fa2f5b647373c8620330c4e077a9f,SP,SP,22,1482.86,0,0.0,2.6234680134680133,6.291244212962963,4.431818181818182,0.09090909090909091,0.0,0.4170030481510189,seller_dispatch_sla_review,10
1630,cab85505710c7cb9b720bceb52b01cee,SP,RJ,26,1472.4,0,0.0,2.8543393874643876,11.567015224358974,4.384615384615385,0.11538461538461539,0.0,0.24676542151111164,carrier_lane_capacity_review,10
1631,dbc22125167c298ef99da25668e1011f,MG,RS,18,1459.39,0,0.0,1.5397260802469137,16.571312371399173,4.333333333333333,0.1111111111111111,0.0,0.09291515637013542,carrier_lane_capacity_review,10
1632,8090490573c6c0aa343a7231ebcb8c86,SP,SP,12,1443.88,0,0.0,1.1149131944444444,3.7522482638888888,4.166666666666667,0.08333333333333333,0.0,0.29713204352020434,carrier_lane_capacity_review,10
1633,7f7b8245c336066a1f9933c359f11d77,SP,SP,28,1441.69,0,0.0,2.9285309193121694,5.6965835813492065,4.678571428571429,0.03571428571428571,0.0,0.514085482551379,seller_dispatch_sla_review,10
1634,b92e3c8f9738272ff7c59e111e108d7c,MG,RJ,11,1438.99,0,0.0,4.190663930976431,13.735552398989899,4.090909090909091,0.18181818181818182,0.0,0.3050961336862294,carrier_lane_capacity_review,10
1635,d12c926d74ceff0a90a21184466ce161,SP,SP,31,1418.06,0,0.0,1.430985289725209,3.711377314814815,4.645161290322581,0.0,0.0,0.3855671812222117,seller_dispatch_sla_review,10
1636,43f8c9950d11ecd03a0304a49e010da6,SP,SP,13,1386.87,0,0.0,1.5812402065527065,4.513460648148149,4.615384615384615,0.0,0.0,0.35033875994941527,seller_dispatch_sla_review,10
1637,6c177e38df6d3f34182b1f1d427231bf,PR,RJ,11,1381.9,0,0.0,4.79970223063973,12.376864478114477,4.090909090909091,0.09090909090909091,0.0,0.3877962984184609,seller_dispatch_sla_review,10
1638,6b3bd31ad8fcda4b2635ec9f3ff2ecdf,RJ,SP,11,1379.4,0,0.0,2.9364972643097644,9.469381313131313,4.181818181818182,0.09090909090909091,0.0,0.31010444792604197,carrier_lane_capacity_review,10
1639,44073f8b7e41514de3b7815dd0237f4f,DF,BA,12,1377.96,0,0.0,2.2795669367283953,15.79691936728395,3.5833333333333335,0.25,0.0,0.14430452442831793,carrier_lane_capacity_review,10
1640,382229d1e840115ffe3dbf5ff460e417,RJ,SP,19,1377.25,0,0.0,1.0712274610136452,7.269489522417154,4.473684210526316,0.10526315789473684,0.0,0.14735937890965622,carrier_lane_capacity_review,10
1641,7299e27ed73d2ad986de7f7c77d919fa,MG,PR,14,1375.91,0,0.0,1.0453083664021166,11.21353835978836,4.214285714285714,0.14285714285714285,0.0,0.09321842337924148,carrier_lane_capacity_review,10
1642,c70c1b0d8ca86052f45a432a38b73958,SP,SC,10,1369.4299999999998,0,0.0,2.3807395833333334,11.602311342592593,3.9,0.2,0.0,0.20519528506303172,carrier_lane_capacity_review,10
1643,7ddcbb64b5bc1ef36ca8c151f6ec77df,SP,BA,11,1367.89,0,0.0,1.5540730218855219,17.183051346801346,4.090909090909091,0.09090909090909091,0.0,0.09044220322223592,carrier_lane_capacity_review,10
1644,bf84056e679dbe9c69929847a40e338f,SP,SP,24,1363.2,0,0.0,4.279467592592593,7.869240451388889,4.041666666666667,0.125,0.0,0.5438221921198614,seller_dispatch_sla_review,10
1645,d91fb3b7d041e83b64a00a3edfb37e4f,SP,GO,13,1361.1899999999998,0,0.0,2.3941212606837605,13.754387464387465,4.846153846153846,0.0,0.0,0.17406236859929697,carrier_lane_capacity_review,10
1646,058fd0aa2bfdb2274e05e1ae971dabb6,SP,MG,10,1360.4,0,0.0,1.2708425925925926,8.457498842592592,4.5,0.1,0.0,0.1502622248308844,carrier_lane_capacity_review,10
1647,e883aa812c37a7413226856f4579fe91,SP,SP,11,1348.8,0,0.0,3.1116035353535354,4.9872453703703705,4.0,0.09090909090909091,0.0,0.6239122610328789,seller_dispatch_sla_review,10
1648,888faa8bfb0b159c37de6d898b961c31,SC,SP,11,1337.22,0,0.0,1.0865309343434344,7.37151936026936,4.090909090909091,0.09090909090909091,0.0,0.14739579199907735,carrier_lane_capacity_review,10
1649,d6b1ce66b035a475f00c017792ff9769,SP,PR,10,1336.97,0,0.0,1.859815972222222,9.807027777777778,4.3,0.1,0.0,0.18964114453070782,carrier_lane_capacity_review,10
1650,974cf2cb8f4b7add98709c30df02fe10,SP,SP,14,1326.86,0,0.0,0.7091344246031746,8.755022321428571,4.5,0.0,0.0,0.08099744336088271,carrier_lane_capacity_review,10
1651,0c7533c71df861ec58ad7ff999ed0e8d,SP,SP,27,1321.3,0,0.0,2.776687671467764,5.185883487654321,4.296296296296297,0.1111111111111111,0.0,0.5354319429038533,seller_dispatch_sla_review,10
1652,96804ea39d96eb908e7c3afdb671bb9e,MG,SP,15,1321.05,0,0.0,1.066358024691358,7.460856481481482,3.7333333333333334,0.2,0.0,0.1429270255148527,carrier_lane_capacity_review,10
1653,cc63f0dd2acba93ffed4fe9f8e0321fa,SP,RJ,10,1318.92,0,0.0,1.4917546296296298,9.456643518518518,3.7,0.1,0.0,0.1577467339979977,carrier_lane_capacity_review,10
1654,ef0ace09169ac090589d85746e3e036f,RJ,PR,11,1318.5,0,0.0,3.7344160353535356,11.37559659090909,4.7272727272727275,0.0,0.0,0.3282830931555649,carrier_lane_capacity_review,10
1655,4559697a8f7e637227c2eeaed843baff,SP,SP,16,1318.4,0,0.0,1.6883036747685185,7.633334056712963,4.3125,0.125,0.0,0.22117513293994753,carrier_lane_capacity_review,10
1656,373ee4a3a775a733770ca3f790b8b9ac,RJ,RJ,10,1311.49,0,0.0,3.4571168981481484,5.945111111111111,4.5,0.1,0.0,0.5815058513686939,seller_dispatch_sla_review,10
1657,83e197e95a1bbabc8c75e883ed016c47,RJ,RJ,10,1309.2,0,0.0,2.1466631944444443,5.179846064814815,4.6,0.1,0.0,0.41442605969048035,seller_dispatch_sla_review,10
1658,ef0ace09169ac090589d85746e3e036f,RJ,MG,11,1302.4,0,0.0,3.382995580808081,13.322106481481482,4.454545454545454,0.0,0.0,0.25393848829467364,carrier_lane_capacity_review,10
1659,5f2684dab12e59f83bef73ae57724e45,SP,MG,11,1298.9,0,0.0,1.513632154882155,8.275179924242424,4.636363636363637,0.0,0.0,0.1829122954109937,carrier_lane_capacity_review,10
1660,e48b04bf1aa1ef711caebeb7aede6180,PR,SP,10,1297.6000000000001,0,0.0,1.7240648148148146,7.978702546296297,4.4,0.1,0.0,0.21608335500802986,carrier_lane_capacity_review,10
1661,0241d4d5d36f10f80c644447315af0bd,PR,SC,12,1283.0,0,0.0,2.0378337191358025,9.163817515432099,5.0,0.0,0.0,0.22237825182616736,carrier_lane_capacity_review,10
1662,1a3df491d1c4f1589fc2b934ada68bf2,SC,RS,10,1279.1000000000001,0,0.0,2.7552060185185185,11.040194444444445,4.5,0.0,0.0,0.24956136709213217,carrier_lane_capacity_review,10
1663,b1a81260566c1bac3114a6d124413f27,RS,MG,10,1279.0,0,0.0,0.5127465277777777,7.371407407407408,4.8,0.0,0.0,0.0695588371987861,carrier_lane_capacity_review,10
1664,7a67c85e85bb2ce8582c35f2203ad736,SP,PI,10,1275.9,0,0.0,2.7708159722222225,14.257914351851852,4.8,0.0,0.0,0.19433529363727328,carrier_lane_capacity_review,10
1665,57e632711dec9ec14ca7546769483e7e,SC,PR,12,1265.19,0,0.0,1.2965644290123457,9.742792245370369,4.583333333333333,0.0,0.0,0.1330793469016497,carrier_lane_capacity_review,10
1666,4e7c18b98d84e05cbae3ff0ff03846c2,SP,RJ,11,1264.2,0,0.0,1.2540867003367002,11.324882154882156,4.363636363636363,0.18181818181818182,0.0,0.11073728478455412,carrier_lane_capacity_review,10
1667,80e6699fe29150b372a0c8a1ebf7dcc8,PR,MG,10,1236.49,0,0.0,1.4267650462962962,11.45298611111111,3.8,0.2,0.0,0.12457581214667855,carrier_lane_capacity_review,10
1668,8b2492b7ff4468839593fafeed55bad9,RJ,SP,10,1219.67,0,0.0,1.7185370370370372,8.937416666666667,4.4,0.1,0.0,0.19228565715712448,carrier_lane_capacity_review,10
1669,91f848e9f4be368f4318775aac733370,SP,MG,13,1213.43,0,0.0,1.3248148148148147,8.867009437321938,4.333333333333333,0.08333333333333333,0.0,0.14940942875718224,carrier_lane_capacity_review,10
1670,93b9a99027bd8bd6af682aff18dd19bf,SP,SP,12,1208.0,0,0.0,3.8223871527777775,7.996847029320988,4.0,0.09090909090909091,0.0,0.4779867788845695,seller_dispatch_sla_review,10
1671,d1c281d3ae149232351cd8c8cc885f0d,SP,PR,10,1202.9,0,0.0,1.518576388888889,10.883988425925926,4.1,0.1,0.0,0.13952388862079299,carrier_lane_capacity_review,10
1672,1b8356dabde1d35e17cef975c3f82730,SP,SP,17,1196.8,0,0.0,1.482800925925926,5.477474128540305,3.6470588235294117,0.23529411764705882,0.0,0.27070888718575814,carrier_lane_capacity_review,10
1673,30a81d8cf85fb2ada1b1b094c9583a95,SP,SP,16,1187.43,0,0.0,1.322251880787037,3.643248697916667,4.8125,0.0,0.0,0.36293209451859415,seller_dispatch_sla_review,10
1674,17ca9b9e9b9ef8fdb529001b49ebb50f,MG,RJ,15,1187.13,0,0.0,1.2566813271604937,7.528540895061728,3.8666666666666667,0.13333333333333333,0.0,0.16692229539256423,carrier_lane_capacity_review,10
1675,b83cedfb587e7911540e3f576d6917ce,SP,SP,13,1182.33,0,0.0,1.9393393874643874,6.072151887464387,4.6923076923076925,0.0,0.0,0.3193825555431252,carrier_lane_capacity_review,10
1676,fa1a9dec3a9940c072684a46728bf1fc,SC,RJ,10,1179.0,0,0.0,6.410252314814815,15.91551388888889,4.2,0.0,0.0,0.4027675361013639,seller_dispatch_sla_review,10
1677,8b28d096634035667e8263d57ba3368c,SP,PR,10,1176.57,0,0.0,3.0004259259259256,13.542440972222224,4.0,0.1,0.0,0.2215572460002073,carrier_lane_capacity_review,10
1678,4e922959ae960d389249c378d1c939f5,SP,PR,14,1174.0,0,0.0,3.6554505621693125,13.874496527777778,3.7142857142857144,0.2857142857142857,0.0,0.2634654565555462,carrier_lane_capacity_review,10
1679,c003204e1ab016dfa150abc119207b24,SP,PR,10,1168.0,0,0.0,2.1984907407407404,9.117597222222221,4.9,0.0,0.0,0.24112610890316394,carrier_lane_capacity_review,10
1680,f00e21b1e91a79653163b7fd8f293ff1,SP,MG,11,1166.9,0,0.0,1.3447622053872055,6.9314299242424235,4.2727272727272725,0.09090909090909091,0.0,0.19400934873249584,carrier_lane_capacity_review,10
1681,3f995f07c49d0d55a99d5c54957f7d81,SP,SP,13,1165.9,0,0.0,1.324283297720798,4.10014155982906,4.3076923076923075,0.15384615384615385,0.0,0.3229847746466609,carrier_lane_capacity_review,10
1682,1ce3ae5a399804d1a87e706f8a813c3e,SC,SP,17,1162.2,0,0.0,1.416104302832244,9.952943899782136,3.7058823529411766,0.17647058823529413,0.0,0.14227994421461992,carrier_lane_capacity_review,10
1683,f8db351d8c4c4c22c6835c19a46f01b0,SP,GO,15,1158.4,0,0.0,1.2320848765432098,13.133915123456791,3.933333333333333,0.06666666666666667,0.0,0.09380941364108117,carrier_lane_capacity_review,10
1684,9646c3513289980f17226a2fc4720dbd,SP,SP,28,1149.7,0,0.0,1.6856890707671959,6.24072585978836,4.392857142857143,0.07142857142857142,0.0,0.2701110589761368,carrier_lane_capacity_review,10
1685,cab85505710c7cb9b720bceb52b01cee,SP,MG,21,1147.9,0,0.0,2.5693022486772485,9.319742063492063,4.428571428571429,0.09523809523809523,0.0,0.27568383665272206,carrier_lane_capacity_review,10
1686,86ccac0b835037332a596a33b6949ee1,SC,SC,13,1146.81,0,0.0,2.7078881766381766,7.046552706552707,4.461538461538462,0.07692307692307693,0.0,0.38428552079374445,seller_dispatch_sla_review,10
1687,b1ac6ea7895bc3dd6f0f6f4abbdd2821,RS,SP,14,1146.0,0,0.0,3.040784556878307,9.039982638888889,4.642857142857143,0.0,0.0,0.3363706190980088,carrier_lane_capacity_review,10
1688,0bb738e4d789e63e2267697c42d35a2d,SP,SP,15,1140.8000000000002,0,0.0,2.308408950617284,6.197831514550265,4.666666666666667,0.0,0.0,0.37245429231142785,seller_dispatch_sla_review,10
1689,cac876b37d3abcd6bd76caca30277996,PR,SP,12,1139.98,0,0.0,1.3603607253086418,10.499021026234567,4.416666666666667,0.0,0.0,0.12957024487420518,carrier_lane_capacity_review,10
1690,1838dd9b8977065acf51d95e0053ea7a,MG,SP,23,1139.6,0,0.0,1.2398867753623188,8.343685084541063,3.9565217391304346,0.21739130434782608,0.0,0.14860181835716033,carrier_lane_capacity_review,10
1691,25e6ffe976bd75618accfe16cefcbd0d,SP,MG,12,1133.49,0,0.0,1.1383998842592593,8.100139853395062,4.416666666666667,0.08333333333333333,0.0,0.14054076903155133,carrier_lane_capacity_review,10
1692,594f9aaa48e5bf431f011ddc5669b0d5,MG,SP,12,1127.8,0,0.0,0.8170042438271604,8.048915895061729,4.333333333333333,0.08333333333333333,0.0,0.10150488021975966,carrier_lane_capacity_review,10
1693,7299e27ed73d2ad986de7f7c77d919fa,MG,DF,11,1119.82,0,0.0,0.8182186447811447,6.4349010942760945,4.545454545454546,0.09090909090909091,0.0,0.12715325889141604,carrier_lane_capacity_review,10
1694,f41ce2e25237f9092cd8e6e7516c7a2f,SP,SP,15,1117.2,0,0.0,2.716804783950617,6.706520061728395,4.533333333333333,0.0,0.0,0.40509903182939944,seller_dispatch_sla_review,10
1695,725c32fa80c2faacc4fc88450d27314e,SP,RJ,13,1117.16,0,0.0,0.8937633547008547,9.241804665242164,4.769230769230769,0.0,0.0,0.0967087475958285,carrier_lane_capacity_review,10
1696,efcd8d2104f1a05d028af7bad20d974b,SP,SP,23,1109.9,0,0.0,1.2630158011272141,6.352074778582931,4.434782608695652,0.043478260869565216,0.0,0.1988351594010953,carrier_lane_capacity_review,10
1697,daeb5653dd96c1b11860f72209795012,MG,MG,11,1107.8,0,0.0,2.6378335437710443,5.579031986531986,4.454545454545454,0.09090909090909091,0.0,0.4728120487817391,seller_dispatch_sla_review,10
1698,213b25e6f54661939f11710a6fddb871,SP,RS,12,1106.6,0,0.0,5.661157407407408,15.755469714506171,3.4166666666666665,0.3333333333333333,0.0,0.35931378181604706,seller_dispatch_sla_review,10
1699,85d9eb9ddc5d00ca9336a2219c97bb13,MG,PR,32,1105.34,0,0.0,6.546107132523148,13.996948061342593,4.03125,0.125,0.0,0.46768103331057465,seller_dispatch_sla_review,10
1700,6c7d50c24b3ccd2fd83b44d8bb34e073,SP,MG,14,1105.15,0,0.0,2.46400462962963,11.486560019841269,4.538461538461538,0.07692307692307693,0.0,0.2145119709794264,carrier_lane_capacity_review,10
1701,0bae85eb84b9fb3bd773911e89288d54,SP,MG,19,1101.8799999999999,0,0.0,0.9197478070175439,12.479410331384015,4.0,0.10526315789473684,0.0,0.0737012232624889,carrier_lane_capacity_review,10
1702,8cbac7e12637ed9cffa18c7875207478,SC,SP,25,1101.67,0,0.0,2.0715958333333333,10.324212037037036,4.52,0.04,0.0,0.2006541347564055,carrier_lane_capacity_review,10
1703,36a968b544695394e4e9d7572688598f,SP,RJ,18,1096.1000000000001,0,0.0,4.021966949588478,13.848796296296296,4.25,0.05555555555555555,0.0,0.2904199660055732,carrier_lane_capacity_review,10
1704,f457c46070d02cadd8a68551231220dd,PR,PR,14,1092.3,0,0.0,2.4668882275132273,6.5877703373015875,4.357142857142857,0.07142857142857142,0.0,0.37446481908227663,seller_dispatch_sla_review,10
1705,001cca7ae9ae17fb1caed9dfb1094831,ES,PR,11,1086.49,0,0.0,2.3317603114478116,10.772790404040405,4.454545454545454,0.09090909090909091,0.0,0.21644905581503468,carrier_lane_capacity_review,10
1706,e26901d5ab434ce92fd9b5c256820a4e,SP,PR,18,1077.1000000000001,0,0.0,2.371808770576132,9.169972350823047,4.666666666666667,0.0,0.0,0.25864950076575216,carrier_lane_capacity_review,10
1707,955fee9216a65b617aa5c0531780ce60,SP,MS,11,1076.3,0,0.0,1.6881334175084175,11.11370686026936,4.363636363636363,0.09090909090909091,0.0,0.15189652190155956,carrier_lane_capacity_review,10
1708,cb3dd9ce66268c7a3ca7241ac70ab58c,SP,SP,23,1073.97,0,0.0,5.119103535353535,9.25564393939394,4.3478260869565215,0.13043478260869565,0.0,0.5530791340800794,seller_dispatch_sla_review,10
1709,6edacfd9f9074789dad6d62ba7950b9c,SP,MG,16,1073.2,0,0.0,1.716244212962963,10.015017361111111,4.4375,0.125,0.0,0.1713670731742551,carrier_lane_capacity_review,10
1710,0eaa7e33d73809f1f925f7d07c506cbd,SP,SP,11,1070.0,0,0.0,0.8202083333333334,3.931064814814815,4.6,0.1,0.0,0.20864787836676052,carrier_lane_capacity_review,10
1711,1f50f920176fa81dab994f9023523100,SP,MT,14,1050.3,0,0.0,3.7350710978835977,18.212455357142858,4.071428571428571,0.14285714285714285,0.0,0.20508333580725657,carrier_lane_capacity_review,10
1712,e8b3a3a38279a82f0e5d006d5e5b7d2c,PR,MG,10,1048.0,0,0.0,6.562164351851853,18.14750925925926,3.9,0.1,0.0,0.3616013778036064,seller_dispatch_sla_review,10
1713,4371b634e0efc0e22b09b52907d9d469,SP,RS,10,1046.0,0,0.0,1.549866898148148,20.69389236111111,4.6,0.0,0.0,0.07489489512667648,carrier_lane_capacity_review,10
1714,d98eec89afa3380e14463da2aabaea72,RS,RS,24,1044.78,0,0.0,1.7989973958333334,4.23675925925926,4.583333333333333,0.041666666666666664,0.0,0.42461638383198197,seller_dispatch_sla_review,10
1715,aafe36600ce604f205b86b5084d3d767,SC,PR,13,1043.7,0,0.0,1.04653400997151,9.145985576923078,4.769230769230769,0.0,0.0,0.1144255040825888,carrier_lane_capacity_review,10
1716,dee656f0f566ed1aa85bd137c943f08f,SP,MG,15,1035.64,0,0.0,1.3333510802469135,11.382030092592592,4.466666666666667,0.06666666666666667,0.0,0.11714527807430912,carrier_lane_capacity_review,10
1717,5cbbd5a299cab112b7bf23862255e43e,PR,SP,13,1035.47,0,0.0,3.5648548789173784,10.61133814102564,4.615384615384615,0.0,0.0,0.3359477222891341,carrier_lane_capacity_review,10
1718,33576ec5412fb5905d876f12f33bfde6,PR,SP,12,1028.0,0,0.0,10.295329861111112,15.025700231481482,4.583333333333333,0.0,0.0,0.6851813694206801,seller_dispatch_sla_review,10
1719,0432ead42b6c8a0bdf68154add917fdf,SP,RJ,13,1023.7,0,0.0,1.477695868945869,7.585693554131054,5.0,0.0,0.0,0.1948003644493572,carrier_lane_capacity_review,10
1720,bf100ecb7997df312b285358fb32f92c,PR,SP,12,1022.7,0,0.0,1.912380401234568,7.9045756172839505,4.454545454545454,0.0,0.0,0.24193334263929414,carrier_lane_capacity_review,10
1721,cc63f0dd2acba93ffed4fe9f8e0321fa,SP,MG,11,1016.26,0,0.0,1.233013468013468,7.5672306397306395,3.909090909090909,0.09090909090909091,0.0,0.16294117712491948,carrier_lane_capacity_review,10
1722,4736e9d642ef4257cd7622516931eb51,SP,SP,14,1010.88,0,0.0,1.2230605158730157,3.4748776455026453,4.0,0.14285714285714285,0.0,0.3519722536003418,seller_dispatch_sla_review,10
1723,3d871de0142ce09b7081e2b9d1733cb1,SP,DF,16,1002.7,0,0.0,2.3447026909722224,13.09328125,4.2,0.13333333333333333,0.0,0.17907678344358655,carrier_lane_capacity_review,10
1724,c8417879a15366a17c30af34c798c332,SP,SP,11,998.1,0,0.0,1.3983070286195287,4.710154671717172,4.818181818181818,0.0,0.0,0.2968707242282026,carrier_lane_capacity_review,10
1725,cca3071e3e9bb7d12640c9fbe2301306,SP,GO,11,996.55,0,0.0,2.5187521043771044,14.726234217171715,3.3181818181818183,0.2727272727272727,0.0,0.17103843842440594,carrier_lane_capacity_review,10
1726,aac29b1b99776be73c3049939652091d,MG,MG,15,994.4300000000001,0,0.0,1.7297638888888889,7.713861111111111,4.466666666666667,0.06666666666666667,0.0,0.22424099474611,carrier_lane_capacity_review,10
1727,da8622b14eb17ae2831f4ac5b9dab84a,SP,MS,10,994.0,0,0.0,2.623315972222222,17.425837962962966,4.7,0.0,0.0,0.15054174024789177,carrier_lane_capacity_review,10
1728,ec8879960bd2221d5c32f8e12f7da711,SP,SP,11,993.9000000000001,0,0.0,1.9933712121212124,4.6425683922558925,4.818181818181818,0.0,0.0,0.4293681952960103,seller_dispatch_sla_review,10
1729,42ef3192a9ff87a22d1867b74b3ee205,SP,SP,16,988.3000000000001,0,0.0,3.82082103587963,5.7908984375,4.875,0.0,0.0,0.6597976250346956,seller_dispatch_sla_review,10
1730,aaed1309374718fdd995ee4c58c9dfcd,SC,RJ,11,970.5,0,0.0,2.8309890572390572,13.348163930976432,3.727272727272727,0.18181818181818182,0.0,0.21208827460302007,carrier_lane_capacity_review,10
1731,4e922959ae960d389249c378d1c939f5,SP,GO,10,969.9,0,0.0,1.3729166666666668,11.530631944444446,4.2,0.1,0.0,0.11906690572394425,carrier_lane_capacity_review,10
1732,7ade73f1b9b4e965f9009a4c3a7e2c15,SP,SP,14,964.1,0,0.0,2.317829034391534,7.78885333994709,4.928571428571429,0.0,0.0,0.29758283193033896,carrier_lane_capacity_review,10
1733,dbc22125167c298ef99da25668e1011f,MG,ES,13,952.29,0,0.0,1.6058146367521369,12.986440527065527,4.384615384615385,0.07692307692307693,0.0,0.1236531775897636,carrier_lane_capacity_review,10
1734,9f505651f4a6abe901a56cdc21508025,SP,PR,12,946.87,0,0.0,1.1280430169753088,10.314577546296297,3.75,0.16666666666666666,0.0,0.10936395716762637,carrier_lane_capacity_review,10
1735,0db783cfcd3b73998abc6e10e59a102f,SP,MG,11,946.7,0,0.0,2.524337121212121,11.381292087542088,4.2727272727272725,0.09090909090909091,0.0,0.2217970597534571,carrier_lane_capacity_review,10
1736,f8db351d8c4c4c22c6835c19a46f01b0,SP,BA,14,945.6,0,0.0,1.42224041005291,17.02855324074074,4.142857142857143,0.14285714285714285,0.0,0.0835209186562136,carrier_lane_capacity_review,10
1737,562fc2f2c2863ab7e79a9e4388a58a14,SP,MG,29,943.7099999999999,0,0.0,1.0968746008939976,8.947422972541506,4.448275862068965,0.06896551724137931,0.0,0.12259111972912927,carrier_lane_capacity_review,10
1738,70a12e78e608ac31179aea7f8422044b,SP,CE,11,943.0,0,0.0,5.3588657407407405,16.931082702020202,4.363636363636363,0.09090909090909091,0.0,0.3165105170800049,carrier_lane_capacity_review,10
1739,4e17c65a516f69d023a2ae78b84f28d6,SP,MG,10,939.7,0,0.0,2.8193229166666667,11.077310185185187,4.2,0.2,0.0,0.2545133132082221,carrier_lane_capacity_review,10
1740,aaed1309374718fdd995ee4c58c9dfcd,SC,MG,14,937.25,0,0.0,0.8954340277777778,11.001714616402117,4.428571428571429,0.14285714285714285,0.0,0.08139040676830527,carrier_lane_capacity_review,10
1741,05d2173d43ea568aa0540eba70d2ca76,MG,RJ,11,928.72,0,0.0,1.855779671717172,13.347564183501685,4.0,0.09090909090909091,0.0,0.13903508132300396,carrier_lane_capacity_review,10
1742,6cd68b3ed6d59aaa9fece558ad360c0a,MG,PR,12,918.4,0,0.0,1.1331597222222223,8.426936728395061,4.416666666666667,0.08333333333333333,0.0,0.13446875878443154,carrier_lane_capacity_review,10
1743,669ae81880e08f269a64487cfb287169,SC,PR,12,915.98,0,0.0,1.5154185956790123,8.553453896604937,4.5,0.08333333333333333,0.0,0.177170370472274,carrier_lane_capacity_review,10
1744,f7720c4fa8e3aba4546301ab80ea1f1b,PR,SP,19,910.25,0,0.0,1.763260233918129,7.822403752436648,4.684210526315789,0.0,0.0,0.22541156014465252,carrier_lane_capacity_review,10
1745,66922902710d126a0e7d26b0e3805106,MG,RS,10,909.0,0,0.0,1.9129166666666666,13.557733796296295,4.3,0.2,0.0,0.14109413087821784,carrier_lane_capacity_review,10
1746,1da366cade6d8276e7d8beea7af5d4bf,MG,SP,11,892.6899999999999,0,0.0,7.400953282828283,15.126352062289563,3.5454545454545454,0.2727272727272727,0.0,0.4892754877284045,seller_dispatch_sla_review,10
1747,9b00ed88b7fdb95d6ff76e27c1b52d16,SP,SP,25,889.78,0,0.0,2.0081949074074075,5.1825125000000005,4.6,0.04,0.0,0.3874944647808196,seller_dispatch_sla_review,10
1748,1127b7f2594683f2510f1c2c834a486b,SP,RJ,16,884.96,0,0.0,1.578646556712963,9.743439670138889,4.1875,0.125,0.0,0.1620214842147691,carrier_lane_capacity_review,10
1749,640e21a7d01df7614a3b4923e990d40c,SP,MG,13,881.52,0,0.0,0.769423076923077,8.918076032763533,4.384615384615385,0.07692307692307693,0.0,0.08627680164380121,carrier_lane_capacity_review,10
1750,aae3bfea055532c57fb453ed3ec80b30,SP,SP,15,878.5699999999999,0,0.0,3.020139660493827,7.361412808641975,3.6,0.13333333333333333,0.0,0.4102663087917466,seller_dispatch_sla_review,10
1751,bba74270a87732727b5a3b4fd9ac1c39,MG,SP,10,875.9,0,0.0,2.0821307870370367,8.574280092592593,4.4,0.0,0.0,0.24283447292978105,carrier_lane_capacity_review,10
1752,f80edd2c5aaa505cc4b0a3b219abf4b8,SP,RJ,15,872.5,0,0.0,3.2937029320987654,12.99850385802469,4.466666666666667,0.06666666666666667,0.0,0.25339092622305004,carrier_lane_capacity_review,10
1753,562fc2f2c2863ab7e79a9e4388a58a14,SP,RJ,26,864.73,0,0.0,1.4502043269230769,10.103624020655271,4.4,0.08,0.0,0.14353308515423396,carrier_lane_capacity_review,10
1754,98dac6635aee4995d501a3972e047414,SP,MG,14,859.6899999999999,0,0.0,2.811916335978836,10.258254794973544,4.142857142857143,0.21428571428571427,0.0,0.27411254566972254,carrier_lane_capacity_review,10
1755,520b493b57809f446cb0a233bb3e25c7,SP,RJ,10,857.8,0,0.0,1.5409375,9.04165162037037,4.5,0.0,0.0,0.1704265508890376,carrier_lane_capacity_review,10
1756,cd06602b43d8800bd0afad514919d35c,SP,SP,22,853.23,0,0.0,3.6425410353535352,9.124770096801347,3.909090909090909,0.18181818181818182,0.0,0.39919263682384876,seller_dispatch_sla_review,10
1757,cca3071e3e9bb7d12640c9fbe2301306,SP,ES,10,852.61,0,0.0,2.523763888888889,12.141149305555555,4.5,0.0,0.0,0.20786861485461378,carrier_lane_capacity_review,10
1758,fa40cc5b934574b62717c68f3d678b6d,SP,DF,10,849.3800000000001,0,0.0,2.059306712962963,9.910542824074074,4.3,0.1,0.0,0.20778949745927372,carrier_lane_capacity_review,10
1759,282f23a9769b2690c5dda22e316f9941,MG,MG,15,848.67,0,0.0,1.6496566358024691,4.08735725308642,4.333333333333333,0.06666666666666667,0.0,0.40359981612979645,seller_dispatch_sla_review,10
1760,d97df38225e5abadaff1e72cb72b823c,SP,SP,12,846.0,0,0.0,1.7676765046296297,4.765627893518519,4.25,0.16666666666666666,0.0,0.3709220577279552,seller_dispatch_sla_review,10
1761,845e8036c3f7bf62099352f5ed910240,RJ,SP,10,845.7,0,0.0,1.2424780092592593,7.684032407407408,3.9,0.2,0.0,0.16169609176316208,carrier_lane_capacity_review,10
1762,aafe36600ce604f205b86b5084d3d767,SC,MG,11,842.0,0,0.0,1.6205523989898991,12.53326494107744,4.818181818181818,0.0,0.0,0.12930009910494925,carrier_lane_capacity_review,10
1763,b561927807645834b59ef0d16ba55a24,SP,RJ,11,839.8,0,0.0,3.2674579124579126,13.784781144781142,4.454545454545454,0.0,0.0,0.2370337169767079,carrier_lane_capacity_review,10
1764,8a32e327fe2c1b3511609d81aaf9f042,SP,MG,16,839.74,0,0.0,1.2666254340277778,8.76263527199074,4.0625,0.125,0.0,0.1445484599908515,carrier_lane_capacity_review,10
1765,0d85bbda9889ce1f7e63778d24f346eb,MG,MG,10,838.0,0,0.0,2.2389363425925923,7.931364583333332,4.5,0.0,0.0,0.2822889200299036,carrier_lane_capacity_review,10
1766,688756f717c462a206ad854c5027a64a,SP,MG,11,837.8199999999999,0,0.0,4.1077241161616165,10.806063762626263,4.363636363636363,0.09090909090909091,0.0,0.3801313971853977,seller_dispatch_sla_review,10
1767,54a1852d1b8f10312c55e906355666ee,SP,PR,10,835.9,0,0.0,1.515587962962963,11.596388888888889,4.6,0.0,0.0,0.13069482038629524,carrier_lane_capacity_review,10
1768,822166ed1e47908f7cfb49946d03c726,RJ,RJ,17,833.65,0,0.0,4.754304193899782,8.86037854030501,4.529411764705882,0.058823529411764705,0.0,0.5365802569577484,seller_dispatch_sla_review,10
1769,1c129092bf23f28a5930387c980c0dfc,SP,MG,19,833.5,0,0.0,2.850914961013645,10.32941276803119,4.2105263157894735,0.10526315789473684,0.0,0.27599971315281613,carrier_lane_capacity_review,10
1770,4830e40640734fc1c52cd21127c341d4,SP,RJ,20,827.72,0,0.0,1.5777511574074075,10.996733217592594,4.1,0.1,0.0,0.143474532498735,carrier_lane_capacity_review,10
1771,66dc1b1632bd6a3e508510c5b3492107,SP,SP,10,827.4,0,0.0,2.1649930555555557,6.333428240740741,4.0,0.2,0.0,0.34183588623123706,carrier_lane_capacity_review,10
1772,f214d28e8d8e3ef068748498ccc2f813,SP,SP,23,820.77,0,0.0,2.290733695652174,5.2488269927536235,4.695652173913044,0.0,0.0,0.43642773877186153,seller_dispatch_sla_review,10
1773,dbb9b48c841a0e39e21f98e1a6b2ec3e,SP,RJ,12,820.33,0,0.0,1.8816570216049382,9.935545910493827,4.25,0.16666666666666666,0.0,0.18938637479572715,carrier_lane_capacity_review,10
1774,e26901d5ab434ce92fd9b5c256820a4e,SP,RS,16,817.0,0,0.0,2.776126302083333,10.967228732638889,4.0,0.0625,0.0,0.2531292425607461,carrier_lane_capacity_review,10
1775,ebd2d60905fb58271facef5596b620d3,SP,MG,11,812.37,0,0.0,0.8605166245791245,8.625632365319866,4.636363636363637,0.09090909090909091,0.0,0.09976272905380355,carrier_lane_capacity_review,10
1776,6a8b085f816a1f75f92dbac6eb545f8f,SP,MG,13,811.88,0,0.0,2.1173762464387464,9.13824252136752,4.384615384615385,0.07692307692307693,0.0,0.23170497406780197,carrier_lane_capacity_review,10
1777,6338ea67c41078a46ad99cc009654956,RS,SP,18,808.03,0,0.0,4.116870498971193,10.698532664609054,4.555555555555555,0.05555555555555555,0.0,0.38480702242372705,seller_dispatch_sla_review,10
1778,6edacfd9f9074789dad6d62ba7950b9c,SP,RS,14,798.6,0,0.0,1.6852794312169312,12.390363756613755,4.285714285714286,0.21428571428571427,0.0,0.13601533129464088,carrier_lane_capacity_review,10
1779,41c2bad7229b0c25e6becf179ebf63ff,RN,RN,20,782.0,0,0.0,1.1998501157407406,4.044869791666667,4.95,0.0,0.0,0.2966350408145892,carrier_lane_capacity_review,10
1780,d98eec89afa3380e14463da2aabaea72,RS,MG,16,779.87,0,0.0,1.4499406828703705,8.58308666087963,4.375,0.0625,0.0,0.16892998290218528,carrier_lane_capacity_review,10
1781,5a8e7d5003a1f221f9e1d6e411de7c23,SP,RS,11,778.8000000000001,0,0.0,2.2055502946127947,13.52451494107744,4.181818181818182,0.18181818181818182,0.0,0.16307795911511544,carrier_lane_capacity_review,10
1782,9616352088dcf83a7c06637f4ebf1c80,PR,MG,13,778.6999999999999,0,0.0,3.598079594017094,12.702544515669514,4.076923076923077,0.15384615384615385,0.0,0.2832566018232489,carrier_lane_capacity_review,10
1783,9616352088dcf83a7c06637f4ebf1c80,PR,RJ,12,775.9,0,0.0,3.239533179012346,14.339260223765434,4.25,0.16666666666666666,0.0,0.22592052368526283,carrier_lane_capacity_review,10
1784,cbd996ad3c1b7dc71fd0e5f5df9087e2,SP,MG,14,774.34,0,0.0,1.5884631283068784,11.297657076719576,4.285714285714286,0.07142857142857142,0.0,0.14060111025852715,carrier_lane_capacity_review,10
1785,ffc470761de7d0232558ba5e786e57b7,SP,SP,13,769.19,0,0.0,1.3657808048433049,5.066548254985755,4.461538461538462,0.07692307692307693,0.0,0.26956830096294915,carrier_lane_capacity_review,10
1786,d93919c944be9cff128f6c9cb899eacb,SP,SP,10,769.0,0,0.0,4.706837962962963,12.98219212962963,4.0,0.2,0.0,0.36256110801352354,seller_dispatch_sla_review,10
1787,95e03ca3d4146e4011985981aeb959b9,RJ,RS,10,768.47,0,0.0,2.6068761574074073,15.506940972222221,3.9,0.2,0.0,0.16811027797662592,carrier_lane_capacity_review,10
1788,85d9eb9ddc5d00ca9336a2219c97bb13,MG,RS,25,762.92,0,0.0,5.717887500000001,15.516745833333335,4.44,0.04,0.0,0.36849785138045754,seller_dispatch_sla_review,10
1789,1da3aeb70d7989d1e6d9b0e887f97c23,SP,RS,16,761.83,0,0.0,1.4380982349537037,10.694869791666667,4.1875,0.0625,0.0,0.13446617518188533,carrier_lane_capacity_review,10
1790,4da0e408c99d2fdc2126dc9fce518060,PR,SP,12,759.7,0,0.0,1.3505353009259258,7.0239158950617275,4.75,0.0,0.0,0.19227669025414162,carrier_lane_capacity_review,10
1791,8e6cc767478edae941d9bd9eb778d77a,MG,MG,16,756.03,0,0.0,5.135499131944444,11.820112847222223,4.3125,0.0625,0.0,0.4344712439146728,seller_dispatch_sla_review,10
1792,7008613ea464bad5cb9b83456e1e6a8f,SC,SC,10,755.0,0,0.0,1.7409930555555555,7.694452546296297,4.7,0.0,0.0,0.22626600724096707,carrier_lane_capacity_review,10
1793,8a32e327fe2c1b3511609d81aaf9f042,SP,RJ,15,753.8199999999999,0,0.0,1.4393973765432098,9.534242283950617,4.133333333333334,0.06666666666666667,0.0,0.1509713445153588,carrier_lane_capacity_review,10
1794,18a349e75d307f4b4cc646a691ed4216,SP,MG,11,748.38,0,0.0,1.1788899410774412,7.458716329966331,4.090909090909091,0.18181818181818182,0.0,0.15805533940754693,carrier_lane_capacity_review,10
1795,26785a546900236d66f2e4197c211158,SP,SP,10,747.6,0,0.0,2.3525069444444444,4.646652777777778,5.0,0.0,0.0,0.5062799087754327,seller_dispatch_sla_review,10
1796,3785b653b1b82de85ab47dd139938091,PR,SP,11,745.1,0,0.0,1.3511111111111112,10.900016835016835,4.7272727272727275,0.0,0.0,0.12395495636030587,carrier_lane_capacity_review,10
1797,259f7b5e6e482c230e5bfaa670b6bb8f,SP,RS,11,740.0,0,0.0,1.2418623737373737,15.786070075757577,4.545454545454546,0.0,0.0,0.07866824154318702,carrier_lane_capacity_review,10
1798,fc906263ca5083d09dce42fe02247800,MG,MG,19,737.1,0,0.0,1.7449731968810915,5.238769493177388,4.7368421052631575,0.0,0.0,0.33308837106759975,carrier_lane_capacity_review,10
1799,7299e27ed73d2ad986de7f7c77d919fa,MG,SC,15,730.88,0,0.0,1.0857484567901234,15.53907175925926,4.266666666666667,0.06666666666666667,0.0,0.06987215669064395,carrier_lane_capacity_review,10
1800,4b9750c8ad28220fe6702d4ecb7c898f,SP,PR,11,717.0,0,0.0,1.0650694444444444,9.369819023569024,4.2727272727272725,0.0,0.0,0.11367022583524272,carrier_lane_capacity_review,10
1801,5debea795b07621e1f90532e18f96145,PR,SP,12,708.9300000000001,0,0.0,3.102944637345679,10.016886574074075,4.5,0.0,0.0,0.30977136602273087,carrier_lane_capacity_review,10
1802,7e26c750b4cb9f6766f58265ff9ebe95,MG,SP,11,697.4,0,0.0,2.0811973905723904,10.168646885521886,4.090909090909091,0.09090909090909091,0.0,0.20466807570391674,carrier_lane_capacity_review,10
1803,25cf099de44674fde97473224f9d59ab,SP,SP,23,696.9,0,0.0,1.6168709742351046,4.241954508856682,4.545454545454546,0.09090909090909091,0.0,0.38116179012746976,seller_dispatch_sla_review,10
1804,bb135baca94c82fcb731335ad5b04a03,SP,SP,11,692.3,0,0.0,3.8212878787878783,7.772537878787879,3.3636363636363638,0.36363636363636365,0.0,0.4916396598357659,seller_dispatch_sla_review,10
1805,4da0e408c99d2fdc2126dc9fce518060,PR,RS,10,690.1,0,0.0,1.4118530092592594,8.100354166666666,4.7,0.0,0.0,0.17429521971633047,carrier_lane_capacity_review,10
1806,0bae85eb84b9fb3bd773911e89288d54,SP,RJ,13,686.5699999999999,0,0.0,0.886500178062678,9.974935897435898,4.538461538461538,0.0,0.0,0.0888727694270754,carrier_lane_capacity_review,10
1807,d98eec89afa3380e14463da2aabaea72,RS,RJ,16,679.88,0,0.0,2.341173321759259,8.629476273148148,4.5625,0.0625,0.0,0.271299583851242,carrier_lane_capacity_review,10
1808,718539d38d07dd351c76db862760e2e2,SP,SP,16,666.17,0,0.0,2.2086711516203703,4.737176649305556,4.5625,0.0625,0.0,0.46624209210018575,seller_dispatch_sla_review,10
1809,325f3178fb58e2a9778334621eecdbf9,SP,SP,26,664.7,0,0.0,2.051537126068376,4.985879184472934,4.423076923076923,0.11538461538461539,0.0,0.41146948214415013,seller_dispatch_sla_review,10
1810,2a1348e9addc1af5aaa619b1a3679d6b,MG,SP,13,660.6,0,0.0,3.937192841880342,11.766801994301996,3.076923076923077,0.38461538461538464,0.0,0.3346017757235062,carrier_lane_capacity_review,10
1811,dfa0c4c6229ab200a4a1336b4d7128ff,SC,MG,11,659.2,0,0.0,0.3458775252525253,8.937329545454546,3.4545454545454546,0.2727272727272727,0.0,0.03870032133126789,carrier_lane_capacity_review,10
1812,9616352088dcf83a7c06637f4ebf1c80,PR,RS,10,658.9,0,0.0,2.8913344907407406,11.773135416666667,4.6,0.0,0.0,0.24558746573556064,carrier_lane_capacity_review,10
1813,5a93f3ab0ef4c84ed5e1b5dbf23978bc,SP,SP,16,655.25,0,0.0,2.4084700520833335,10.967159288194445,4.875,0.0,0.0,0.21960746523267166,carrier_lane_capacity_review,10
1814,7008613ea464bad5cb9b83456e1e6a8f,SC,MG,13,652.1,0,0.0,1.7978160612535612,13.320892094017095,4.384615384615385,0.0,0.0,0.13496213681222047,carrier_lane_capacity_review,10
1815,2138ccb85b11a4ec1e37afbd1c8eda1f,SP,RS,22,646.5,0,0.0,2.5237521043771043,12.366420980639731,4.318181818181818,0.045454545454545456,0.0,0.20408104400846197,carrier_lane_capacity_review,10
1816,640e21a7d01df7614a3b4923e990d40c,SP,RS,11,640.75,0,0.0,1.461667718855219,11.637849326599326,4.636363636363637,0.0,0.0,0.1255960339265133,carrier_lane_capacity_review,10
1817,85d9eb9ddc5d00ca9336a2219c97bb13,MG,ES,21,630.64,0,0.0,7.0684308862433864,13.972797619047618,4.55,0.0,0.0,0.505870841255709,seller_dispatch_sla_review,10
1818,d2374cbcbb3ca4ab1086534108cc3ab7,SP,PR,15,628.1,0,0.0,4.473850308641975,14.265804783950617,3.6,0.26666666666666666,0.0,0.3136065841637737,carrier_lane_capacity_review,10
1819,609e1a9a6c2539919b8205cf7c4e6ff0,SC,MG,11,623.16,0,0.0,1.6673369107744107,9.051886574074073,3.6363636363636362,0.18181818181818182,0.0,0.1841977246544281,carrier_lane_capacity_review,10
1820,ba5daa4041e1f15cdf34b76e3e18a450,SP,SP,12,617.1,0,0.0,1.6665644290123458,3.6194656635802467,4.083333333333333,0.16666666666666666,0.0,0.4604448788619919,seller_dispatch_sla_review,10
1821,8c16d1f32a54d92897cc437244442e1b,SC,RS,13,615.06,0,0.0,1.2052599715099714,10.359181801994302,4.846153846153846,0.0,0.0,0.11634702378501943,carrier_lane_capacity_review,10
1822,b4ffb71f0cb1b1c3d63fad021ecf93e1,SP,RJ,19,613.83,0,0.0,1.4746290204678363,10.624354288499026,4.2631578947368425,0.05263157894736842,0.0,0.1387970487829211,carrier_lane_capacity_review,10
1823,b4ffb71f0cb1b1c3d63fad021ecf93e1,SP,MG,13,586.32,0,0.0,1.2861832264957265,9.54758457977208,3.4615384615384617,0.3076923076923077,0.0,0.13471294396497824,carrier_lane_capacity_review,10
1824,1c129092bf23f28a5930387c980c0dfc,SP,RS,10,584.99,0,0.0,3.440127314814815,14.168376157407408,4.2,0.1,0.0,0.2428032172915082,carrier_lane_capacity_review,10
1825,8bb48dc19fccaa8613b6229bf7f452a2,SP,MG,11,576.5699999999999,0,0.0,2.839716961279461,9.418712121212122,3.6363636363636362,0.2727272727272727,0.0,0.3014973729671663,carrier_lane_capacity_review,10
1826,8d956fec2e4337affcb520f56fd8cbfd,SP,RJ,13,574.06,0,0.0,1.3441159188034189,10.649246794871793,4.615384615384615,0.0,0.0,0.12621699399911415,carrier_lane_capacity_review,10
1827,6a8a889bde935bafa76d7848782dfaf9,SP,SP,16,558.39,0,0.0,1.0847236689814814,3.955913628472222,4.4375,0.0625,0.0,0.27420307187050563,carrier_lane_capacity_review,10
1828,d8c7ba53e7e38711eaef8c2849d6d2e1,PR,SP,11,556.93,0,0.0,1.3479440235690237,5.997650462962963,4.636363636363637,0.0,0.0,0.2247453451802377,carrier_lane_capacity_review,10
1829,01fd077212124329bac32490e8ef80d9,SP,SP,13,551.0,0,0.0,1.225551103988604,6.209030448717949,3.769230769230769,0.23076923076923078,0.0,0.19738204122378847,carrier_lane_capacity_review,10
1830,1127b7f2594683f2510f1c2c834a486b,SP,MG,10,541.8,0,0.0,2.4085567129629633,12.12311689814815,3.8,0.2,0.0,0.19867470826177377,carrier_lane_capacity_review,10
1831,95e03ca3d4146e4011985981aeb959b9,RJ,PR,10,541.29,0,0.0,1.1057673611111112,9.819313657407408,4.1,0.1,0.0,0.11261147160493769,carrier_lane_capacity_review,10
1832,bf00385a5f7fc1ef39a13c2e9ee50a5f,SP,SP,19,534.1999999999999,0,0.0,1.5455043859649122,3.4544834307992205,4.421052631578948,0.05263157894736842,0.0,0.4473908811330869,seller_dispatch_sla_review,10
1833,1c129092bf23f28a5930387c980c0dfc,SP,PR,11,532.49,0,0.0,4.069990530303031,14.03678345959596,4.2727272727272725,0.18181818181818182,0.0,0.28995179287464645,carrier_lane_capacity_review,10
1834,9b013e03b2ab786505a1d3b5c0756754,SP,SC,10,519.45,0,0.0,1.7149085648148152,10.748375,4.8,0.0,0.0,0.1595504962205743,carrier_lane_capacity_review,10
1835,8c16d1f32a54d92897cc437244442e1b,SC,RJ,12,517.02,0,0.0,2.0887712191358023,10.124241898148147,4.416666666666667,0.08333333333333333,0.0,0.20631383960885655,carrier_lane_capacity_review,10
1836,18e694e0e48ed6f7aa3f24aade5fd697,SP,SP,22,513.3399999999999,0,0.0,1.1443897306397306,4.687183817340067,4.681818181818182,0.0,0.0,0.24415294454766254,carrier_lane_capacity_review,10
1837,8648b1e89e9b349e32d3741b30ec737e,SP,MG,11,510.3,0,0.0,0.8063520622895624,8.468582702020202,4.181818181818182,0.18181818181818182,0.0,0.09521688465027389,carrier_lane_capacity_review,10
1838,fa40cc5b934574b62717c68f3d678b6d,SP,CE,10,508.99,0,0.0,2.0461921296296297,14.21590625,4.4,0.0,0.0,0.14393680526907174,carrier_lane_capacity_review,10
1839,6df688df543f90e9b38f4319e75a9d88,MG,SP,13,500.44,0,0.0,1.2975409544159542,7.5789957264957275,4.461538461538462,0.07692307692307693,0.0,0.17120222800493562,carrier_lane_capacity_review,10
1840,7008613ea464bad5cb9b83456e1e6a8f,SC,RS,11,499.0,0,0.0,2.4218855218855215,12.83780303030303,3.8181818181818183,0.18181818181818182,0.0,0.1886526468873821,carrier_lane_capacity_review,10
1841,0bae85eb84b9fb3bd773911e89288d54,SP,SC,11,475.68,0,0.0,1.5287636784511784,3.6268781565656565,4.909090909090909,0.0,0.0,0.42150952208959425,seller_dispatch_sla_review,10
1842,6df688df543f90e9b38f4319e75a9d88,MG,MG,10,470.9,0,0.0,1.46540625,5.518747685185185,4.7,0.0,0.0,0.2655323877070541,carrier_lane_capacity_review,10
1843,8c16d1f32a54d92897cc437244442e1b,SC,PR,10,467.65999999999997,0,0.0,1.899363425925926,9.273386574074074,4.5,0.1,0.0,0.20481874779555095,carrier_lane_capacity_review,10
1844,fc906263ca5083d09dce42fe02247800,MG,RJ,11,462.9,0,0.0,1.7322632575757575,6.871395202020202,4.636363636363637,0.09090909090909091,0.0,0.252097748222438,carrier_lane_capacity_review,10
1845,ef506c96320abeedfb894c34db06f478,SP,PR,13,458.69,0,0.0,4.660694444444444,11.727307692307692,3.076923076923077,0.38461538461538464,0.0,0.39742237235759914,seller_dispatch_sla_review,10
1846,4200ddf1967c5e41e48db62bc6d4b5ac,SP,SP,12,456.29999999999995,0,0.0,1.6065962577160493,4.0565547839506175,4.166666666666667,0.16666666666666666,0.0,0.396049441775666,seller_dispatch_sla_review,10
1847,8fdca8e349553f99bc738833a62c8802,SP,SP,12,450.40999999999997,0,0.0,2.2349392361111113,5.417453703703703,4.166666666666667,0.08333333333333333,0.0,0.41254422434347154,seller_dispatch_sla_review,10
1848,d1ef48b38baca7e831711c4a0aeb398f,PR,SP,14,447.69,0,0.0,1.6203273809523808,7.699287367724868,4.714285714285714,0.0,0.0,0.21045160461794607,carrier_lane_capacity_review,10
1849,3586b8580d9c917874e053a1bb37b5ff,SP,SP,11,435.7,0,0.0,1.9830765993265993,8.221035353535354,4.7272727272727275,0.0,0.0,0.2412198116230946,carrier_lane_capacity_review,10
1850,562fc2f2c2863ab7e79a9e4388a58a14,SP,RS,11,434.87,0,0.0,0.9396685606060605,13.232982954545456,3.5454545454545454,0.18181818181818182,0.0,0.07100957991359685,carrier_lane_capacity_review,10
1851,e84ad2127668df3aafc6b73531a0beb8,SP,SP,10,418.0,0,0.0,1.868138888888889,4.401821759259259,4.8,0.0,0.0,0.42440130270137527,seller_dispatch_sla_review,10
1852,ef506c96320abeedfb894c34db06f478,SP,CE,14,417.87,0,0.0,1.6672164351851853,14.152580191798942,4.428571428571429,0.0,0.0,0.11780300217986361,carrier_lane_capacity_review,10
1853,2a6fbeaa7ab9e5d59a35841a8da71ce4,SC,SP,10,412.89,0,0.0,3.8161956018518515,11.528858796296296,4.1,0.1,0.0,0.3310124331714275,carrier_lane_capacity_review,10
1854,14a08204d03bb6b6bde8029f801ae0eb,SP,SP,12,405.4,0,0.0,2.4424006558641973,4.722425733024691,4.083333333333333,0.08333333333333333,0.0,0.5171919674213387,seller_dispatch_sla_review,10
1855,8f119a0aee85c0c8fc534629734e94fd,SP,RJ,10,401.17,0,0.0,2.7203333333333335,11.733510416666666,4.4,0.1,0.0,0.2318430918567458,carrier_lane_capacity_review,10
1856,671585f5a2af58b6e276bc01003c0d2b,PR,SP,10,400.0,0,0.0,0.8811782407407407,5.094834490740741,4.6,0.1,0.0,0.17295522402978505,carrier_lane_capacity_review,10
1857,1430239a858e7682bbc43b20758af153,SP,SP,10,398.89,0,0.0,1.4460231481481483,4.023674768518519,4.4,0.1,0.0,0.3593787349469503,seller_dispatch_sla_review,10
1858,0ed6ce5d87fd9c69eaacaeb778d67235,SP,SP,11,376.26,0,0.0,5.027750420875421,8.619525462962963,4.2727272727272725,0.09090909090909091,0.0,0.5832978210319169,seller_dispatch_sla_review,10
1859,562fc2f2c2863ab7e79a9e4388a58a14,SP,SC,12,372.78,0,0.0,1.3025096450617284,9.668827160493827,4.666666666666667,0.0,0.0,0.13471226896925975,carrier_lane_capacity_review,10
1860,128639473a139ac0f3e5f5ade55873a5,PR,BA,10,371.4,0,0.0,1.8731828703703706,18.176074074074073,4.6,0.0,0.0,0.10305761644326894,carrier_lane_capacity_review,10
1861,0d33a55da925bbf1ff02af5f6059fc7f,SP,SP,14,358.5,0,0.0,1.6412748015873018,5.14104083994709,4.5,0.07142857142857142,0.0,0.3192495163302755,carrier_lane_capacity_review,10
1862,d673a59aac7a70d8b01e6902bf090a11,SP,MG,11,358.39,0,0.0,2.3638646885521886,11.246185816498317,4.7272727272727275,0.0,0.0,0.2101925690294362,carrier_lane_capacity_review,10
1863,75fbb52eda0cbc24f479d3b2fbfa8d3e,GO,SP,10,339.1,0,0.0,2.4087766203703707,10.34115162037037,4.8,0.0,0.0,0.23293117718392953,carrier_lane_capacity_review,10
1864,2f4b0d3b9634b647d4edee577d7ebb7e,SP,SP,10,337.9,0,0.0,3.740045138888889,5.783589120370371,4.9,0.0,0.0,0.6466650830564851,seller_dispatch_sla_review,10
1865,1838dd9b8977065acf51d95e0053ea7a,MG,MG,10,335.0,0,0.0,1.5037453703703705,6.949259259259259,4.9,0.0,0.0,0.21638930341629806,carrier_lane_capacity_review,10
1866,116ccb1a1604bc88e4d234a8c23f33de,SP,RJ,10,330.9,0,0.0,1.9670057870370372,10.312346064814815,4.6,0.0,0.0,0.19074280233363755,carrier_lane_capacity_review,10
1867,85d9eb9ddc5d00ca9336a2219c97bb13,MG,GO,12,323.84,0,0.0,5.705243055555556,14.42447627314815,3.6666666666666665,0.25,0.0,0.3955251440342509,seller_dispatch_sla_review,10
1868,8c16d1f32a54d92897cc437244442e1b,SC,SC,10,318.07,0,0.0,1.2117002314814815,5.145560185185185,4.6,0.0,0.0,0.235484609619404,carrier_lane_capacity_review,10
1869,2138ccb85b11a4ec1e37afbd1c8eda1f,SP,MT,10,316.62,0,0.0,2.1571782407407407,14.655050925925925,4.1,0.1,0.0,0.14719691194825701,carrier_lane_capacity_review,10
1870,7040e82f899a04d1b434b795a43b4617,SP,RS,11,308.8,0,0.0,1.3263983585858587,11.370265151515152,3.6363636363636362,0.18181818181818182,0.0,0.11665500680158797,carrier_lane_capacity_review,10
1871,48efc9d94a9834137efd9ea76b065a38,PR,PR,31,305.90000000000003,0,0.0,4.262997685185185,9.435250149342892,5.0,0.0,0.0,0.451816074583044,seller_dispatch_sla_review,10
1872,f4aba7c0bca51484c30ab7bdc34bcdd1,SP,MG,12,297.24,0,0.0,3.730094521604938,10.903221450617286,3.9166666666666665,0.16666666666666666,0.0,0.34210939752982444,carrier_lane_capacity_review,10
1873,128639473a139ac0f3e5f5ade55873a5,PR,ES,13,293.06,0,0.0,3.1596287393162394,16.07269586894587,4.416666666666667,0.0,0.0,0.19658362013935524,carrier_lane_capacity_review,10
1874,916748bc99315c2d202898ae58b1617e,SP,SP,16,271.3,0,0.0,4.101799045138889,7.523037471064815,4.5,0.0625,0.0,0.5452317711981725,seller_dispatch_sla_review,10
1875,db4350fd57ae30082dec7acbaacc17f9,SP,RS,11,263.69,0,0.0,1.170842803030303,14.604720117845117,4.0,0.1,0.0,0.08016879430641616,carrier_lane_capacity_review,10
1876,e6a69c4a27dfdd98ffe5aa757ad744bc,SP,SP,12,258.28,0,0.0,2.6889332561728394,5.701747685185185,4.333333333333333,0.08333333333333333,0.0,0.47159807915728674,seller_dispatch_sla_review,10
1877,2138ccb85b11a4ec1e37afbd1c8eda1f,SP,GO,10,249.52999999999997,0,0.0,1.783133101851852,11.197204861111112,4.0,0.2,0.0,0.1592480555611545,carrier_lane_capacity_review,10
1878,537eb890efff034a88679788b647c564,RJ,PR,10,245.0,0,0.0,0.9537280092592593,8.624452546296295,4.8,0.0,0.0,0.11058417959164613,carrier_lane_capacity_review,10
1879,b76dba6c951ab00dc4edf0a1aa88037e,SP,MG,18,243.49,0,0.0,2.8231462191358023,10.553405992798353,4.352941176470588,0.058823529411764705,0.0,0.267510434172846,carrier_lane_capacity_review,10
1880,db4350fd57ae30082dec7acbaacc17f9,SP,RJ,10,232.73,0,0.0,1.9162256944444445,9.242917824074073,4.1,0.2,0.0,0.20731826582439686,carrier_lane_capacity_review,10
1881,7d76b645482be4a332374e8223836592,SP,RS,12,230.57,0,0.0,3.059801311728395,12.394115547839505,4.083333333333333,0.16666666666666666,0.0,0.24687532562674613,carrier_lane_capacity_review,10
1882,b76dba6c951ab00dc4edf0a1aa88037e,SP,PR,12,209.59,0,0.0,1.1753173225308642,10.434289158950618,4.583333333333333,0.0,0.0,0.11263990336348571,carrier_lane_capacity_review,10
1883,f5b44895715ddfe3087dc414f30268f3,SP,SP,10,190.0,0,0.0,2.7936666666666667,6.557337962962963,4.1,0.1,0.0,0.4260367061215701,seller_dispatch_sla_review,10
1884,5c853bb56f70f4d14218944bae111d7a,SP,SP,16,189.39000000000001,0,0.0,2.5790205439814815,6.206856915509259,4.0625,0.1875,0.0,0.41551151880708026,seller_dispatch_sla_review,10
1885,b76dba6c951ab00dc4edf0a1aa88037e,SP,RJ,10,176.56,0,0.0,1.1267430555555555,6.581606481481481,3.2,0.4,0.0,0.17119574965866574,carrier_lane_capacity_review,10
1886,4e06067cc08b3f41d837768d392c3ee3,MG,SP,10,174.94,0,0.0,0.6196851851851852,6.777935185185186,4.0,0.2,0.0,0.09142683844774097,carrier_lane_capacity_review,10
